url,predicted,correct
https://store.steampowered.com.co,1,True
https://store.steampowered.today,1,True
https://store.steampowered.farm,1,True
https://store.steampowered.at,1,True
https://store.steampowered.life,1,True
https://store.steampowered.site,1,True
https://store.steampowered.email,1,True
https://store.steampowered.services,1,True
https://store.steampowered.expert,1,True
https://store.steampowered.store,1,True
https://store.steampowered.ws,1,True
https://store.steampowered.army,1,True
https://store.steampowered.ag,1,True
https://store.steampowered.world,1,True
https://store.steampowered.host,1,True
https://store.steampowered.cool,1,True
https://store.steampowered.space,1,True
https://store.steampowered.rocks,1,True
https://store.steampowered.gold,1,True
https://store.steampowered.fit,1,True
https://store.steampowered.bz,1,True
https://store.steampowered.business,1,True
https://store.steampowered.clinic,1,True
https://store.steampowered.market,1,True
https://store.steampowered.online,1,True
https://store.steampowered.work,1,True
https://store.steampowered.support,1,True
https://store.steampowered.agency,1,True
https://store.steampowered.cash,1,True
https://store.steampowered.tips,1,True
https://store.steampowered.social,1,True
https://store.steampowered.navy,1,True
https://store.steampowered.guide,1,True
https://store.steampowered.house,1,True
https://store.steampowered.legal,1,True
https://store.steampowered.company,1,True
https://store.steampowered.zone,1,True
https://store.steampowered.network,1,True
https://store.steampowered.gs,1,True
https://store.steampowered.casa,1,True
https://store.steampowered.university,1,True
https://store.steampowered.global,1,True
https://store.steampowered.info.pl,1,True
https://store.steampowered.art,1,True
https://store.steampowered.studio,1,True
https://store.steampowered.gg,1,True
https://store.steampowered.love,1,True
https://store.steampowered.org.au,1,True
https://www.netflix.org.au/au,1,True
https://store.steampowered.org.cn,1,True
https://store.steampowered.net.au,1,True
https://store.steampowered.co.in,1,True
https://store.steampowered.net.in,1,True
https://store.steampowered.com.es,1,True
https://store.steampowered.ai,1,True
https://store.steampowered.org.in,1,True
https://www.netflix.org.ph/au,1,True
https://store.steampowered.ph,1,True
https://store.steampowered.ind.in,1,True
https://store.steampowered.com.ph,1,True
https://store.steampowered.com.pe,1,True
https://store.steampowered.net.pl,1,True
https://store.steampowered.org.ph,1,True
https://store.steampowered.ms,1,True
https://store.steampowered.org.pe,1,True
https://store.steampowered.me.uk,1,True
https://store.steampowered.am,1,True
https://store.steampowered.sg,1,True
https://store.steampowered.es,1,True
https://store.steampowered.la,1,True
https://store.steampowered.tech,1,True
https://store.steampowered.hosting,1,True
https://store.steampowered.help,1,True
https://www.netflix.org.nz/au,1,True
https://store.steampowered.org.nz,1,True
https://store.steampowered.info.ve,1,True
https://www.paypal.info.pl/au/web/apps,1,True
https://www.netflix.trade/au,1,True
https://www.netflix.love/au,1,True
https://www.paypal.net.in/au/web/apps,1,True
https://www.netflix.ink/au,1,True
https://www.netflix.info.pl/au,1,True
https://www.netflix.best/au,1,True
https://www.paypal.org.au/au/web/apps,1,True
https://www.netflix.org.pe/au,1,True
https://www.paypal.org.in/au/web/apps,1,True
https://www.paypal.org.pe/au/web/apps,1,True
https://www.netflix.hosting/au,1,True
https://www.netflix.info.ve/au,1,True
https://www.paypal.info.ve/au/web/apps,1,True
https://www.chase.club,1,True
https://www.apple.host/au?afidp,1,True
https://www.apple.org.pe/au?afidp,1,True
https://www.apple.org.au/au?afidp,1,True
https://www.chase.net.pl,1,True
https://www.chase.org.in,0,False
https://www.chase.ph,1,True
https://www.apple.org.ph/au?afidp,1,True
https://www.chase.org.au,0,False
https://www.chase.org.nz,1,True
https://www.apple.info.ve/au?afidp,1,True
https://www.chase.host,1,True
https://www.chase.website,1,True
https://www.chase.global,1,True
https://www.chase.fun,1,True
https://www.chase.art,1,True
https://www.chase.vip,1,True
https://www.bankofamerica.net.pl,0,False
https://www.chase.studio,1,True
https://www.chase.ag,0,False
https://www.bankofamerica.com.au,1,True
https://www.bankofamerica.net.au,1,True
https://www.chase.ink,1,True
https://www.bankofamerica.casa,1,True
https://www.chase.casa,1,True
https://www.bankofamerica.org.au,0,False
https://www.chase.ind.in,0,False
https://www.chase.info.pl,1,True
https://www.bankofamerica.info.pl,1,True
https://www.chase.gs,1,True
https://www.chase.org.pe,1,True
https://www.bankofamerica.org.ph,1,True
https://www.chase.org.ph,1,True
https://www.bankofamerica.sg,1,True
https://www.chase.com.pe,1,True
https://www.chase.hosting,1,True
https://www.chase.info.ve,1,True
https://www.bankofamerica.info.ve,1,True
https://www.bankofamerica.ag,1,True
https://www.office.university,1,True
https://www.office.site,1,True
https://www.office.host,1,True
https://www.office.trade,1,True
https://www.office.love,1,True
https://www.bankofamerica.ind.in,0,False
https://www.office.ink,1,True
https://www.bankofamerica.fit,1,True
https://www.office.ind.in,1,True
https://www.office.org.ph,1,True
https://www.office.com.pe,1,True
https://www.office.org.pe,1,True
https://www.bankofamerica.org.pe,0,False
https://www.office.org.nz,1,True
https://www.office.info.ve,1,True
https://www.wellsfargo.bz,1,True
https://www.wellsfargo.pro,1,True
https://www.ing.cool,1,True
https://www.ing.store,1,True
https://www.ing.xyz,1,True
https://www.ing.host,1,True
https://www.wellsfargo.casa,1,True
https://www.ing.university,1,True
https://www.wellsfargo.fun,1,True
https://www.ing.online,1,True
https://www.ing.site,1,True
https://www.ing.space,0,False
https://www.wellsfargo.fit,1,True
https://www.ing.navy,0,False
https://www.ing.org.au,0,False
https://www.ing.gs,0,False
https://www.ing.info.pl,0,False
https://www.wellsfargo.love,1,True
https://www.wellsfargo.ink,1,True
https://www.ing.market,1,True
https://www.wellsfargo.net.au,1,True
https://www.wellsfargo.org.au,1,True
https://www.ing.net.pl,0,False
https://www.wellsfargo.info.pl,1,True
https://www.wellsfargo.net.pl,1,True
https://www.wellsfargo.ind.in,1,True
https://www.wellsfargo.la,1,True
https://www.ing.org.nz,0,False
https://www.wellsfargo.info.ve,1,True
https://www.ing.business,0,False
https://www.ing.army,1,True
https://www.ing.studio,1,True
https://www.ing.company,0,False
https://www.ing.cash,0,False
https://www.ing.support,1,True
https://www.ing.house,1,True
https://www.ing.trade,1,True
https://www.ing.global,1,True
https://www.ing.fun,1,True
https://www.ing.gold,1,True
https://www.ing.legal,0,False
https://www.ebay.info.pl,1,True
https://www.ebay.org.au,1,True
https://www.ebay.gg,1,True
https://www.ing.ind.in,0,False
https://www.ing.org.pe,0,False
https://www.ebay.org.ph,1,True
https://www.ebay.org.pe,1,True
https://www.itau.ph,1,True
https://www.ing.casa,0,False
https://www.itau.sg,1,True
https://www.ing.hosting,1,True
https://www.itau.org.nz,1,True
https://www.itau.org.uk,0,False
https://www.ing.info.ve,0,False
https://www.itau.legal,1,True
https://www.itau.navy,1,True
https://www.itau.group,1,True
https://www.itau.army,1,True
https://www.itau.life,1,True
https://www.itau.network,1,True
https://www.itau.today,1,True
https://www.itau.ws,1,True
http://www.adcb.ca,0,False
http://www.adcb.life,0,False
http://www.adcb.at,0,False
https://www.itau.gold,1,True
http://www.adcb.com.co,0,False
https://www.itau.bz,1,True
https://www.itau.farm,1,True
https://www.itau.live,1,True
https://www.itau.services,1,True
https://www.itau.cloud,1,True
http://www.adcb.co,0,False
https://www.itau.news,1,True
http://www.adcb.ch,0,False
https://www.itau.email,1,True
https://www.itau.cool,1,True
https://www.itau.university,1,True
https://www.itau.ag,1,True
https://www.itau.cash,1,True
http://www.adcb.university,0,False
http://www.adcb.club,0,False
https://www.itau.team,1,True
https://www.itau.tips,1,True
https://www.itau.expert,1,True
https://www.itau.trade,1,True
https://www.itau.guide,1,True
https://www.itau.studio,1,True
https://www.itau.space,1,True
https://www.itau.fun,1,True
https://www.itau.business,1,True
https://www.itau.house,1,True
http://www.adcb.org.au,0,False
https://www.itau.company,1,True
http://www.adcb.space,0,False
https://www.itau.market,1,True
https://www.itau.rocks,1,True
http://www.adcb.host,0,False
https://www.itau.fit,1,True
https://www.itau.agency,1,True
https://www.itau.casa,1,True
https://www.itau.ink,1,True
https://www.itau.social,1,True
https://www.itau.host,1,True
https://www.itau.center,1,True
https://www.itau.support,1,True
https://www.itau.love,1,True
http://www.adcb.be,0,False
https://www.itau.gg,1,True
http://www.adcb.store,0,False
https://www.itau.zone,1,True
https://www.itau.clinic,1,True
https://www.itau.art,1,True
http://www.adcb.center,0,False
https://www.itau.ltd,1,True
https://www.itau.work,1,True
https://www.itau.net.au,1,True
http://www.adcb.gs,0,False
http://www.adcb.info.pl,0,False
https://www.itau.best,1,True
https://www.itau.org.au,1,True
http://www.adcb.net.au,0,False
http://www.adcb.net.in,0,False
https://www.itau.gs,1,True
http://www.adcb.com.mx,0,False
http://www.adcb.es,0,False
http://www.adcb.cool,0,False
https://www.itau.net.cn,1,True
https://www.itau.org.cn,1,True
https://www.itau.global,1,True
https://www.itau.ind.in,1,True
http://www.adcb.org.cn,0,False
https://www.itau.net.in,1,True
https://www.itau.org.in,1,True
https://www.itau.net.pl,1,True
https://www.itau.org.ph,1,True
http://www.adcb.net.pl,0,False
https://www.itau.info.pl,1,True
https://www.itau.com.ph,1,True
http://www.adcb.org.in,0,False
https://www.itau.ai,1,True
https://www.itau.org.pe,1,True
http://www.adcb.com.pe,0,False
http://www.adcb.com.pl,0,False
https://www.itau.com.pl,1,True
http://www.adcb.net.cn,0,False
https://www.itau.me.uk,1,True
https://www.itau.ms,1,True
http://www.adcb.sg,0,False
https://www.itau.am,1,True
http://www.adcb.am,0,False
https://www.itau.la,1,True
http://www.adcb.la,0,False
http://www.adcb.org.nz,0,False
https://www.itau.co.nz,1,True
http://www.adcb.co.nz,0,False
https://www.itau.hosting,1,True
http://www.adcb.help,0,False
http://www.adcb.link,0,False
https://www.itau.click,1,True
http://www.adcb.co.za,0,False
https://www.itau.tw,1,True
http://www.adcb.com.ve,0,False
https://www.itau.info.ve,1,True
http://www.adcb.news,0,False
http://www.adcb.ag,0,False
http://www.adcb.email,0,False
http://www.adcb.expert,0,False
http://www.adcb.social,0,False
http://www.adcb.today,0,False
http://www.adcb.guide,0,False
http://www.adcb.network,0,False
http://www.adcb.team,0,False
http://www.adcb.clinic,0,False
http://www.adcb.agency,0,False
http://www.adcb.navy,0,False
http://www.adcb.farm,0,False
http://www.adcb.world,0,False
http://www.adcb.cash,0,False
http://www.adcb.global,0,False
http://www.adcb.support,0,False
http://www.adcb.cloud,0,False
http://www.adcb.market,0,False
http://www.adcb.tips,0,False
http://www.adcb.services,0,False
http://www.adcb.group,0,False
http://www.adcb.gold,0,False
http://www.adcb.house,0,False
http://www.adcb.website,0,False
http://www.adcb.rocks,0,False
http://www.adcb.studio,0,False
http://www.adcb.fun,0,False
http://www.adcb.legal,0,False
http://www.adcb.zone,0,False
http://www.adcb.casa,0,False
http://www.adcb.company,0,False
http://www.adcb.army,0,False
http://www.adcb.ltd,0,False
http://www.adcb.ink,0,False
http://www.adcb.work,0,False
http://www.adcb.tech,0,False
http://www.adcb.trade,0,False
http://www.adcb.best,0,False
http://www.adcb.fit,0,False
http://www.adcb.business,0,False
http://www.adcb.love,0,False
http://www.adcb.art,0,False
http://www.adcb.ind.in,0,False
http://www.adcb.gg,0,False
http://www.adcb.me.uk,0,False
http://www.adcb.vip,0,False
http://www.adcb.org.pe,0,False
http://www.adcb.com.es,0,False
http://www.adcb.ms,0,False
http://www.adcb.hosting,0,False
http://www.adcb.click,1,True
http://www.adcb.info.ve,0,False
http://www.adcb.ai,0,False
http://www.nainitalbank.biz/english/home.aspx,0,False
http://www.nainitalbank.ca/english/home.aspx,0,False
http://www.nainitalbank.clinic/english/home.aspx,0,False
http://www.nainitalbank.mobi/english/home.aspx,0,False
http://www.nainitalbank.us/english/home.aspx,0,False
http://www.nainitalbank.world/english/home.aspx,0,False
http://www.nainitalbank.ag/english/home.aspx,0,False
http://www.nainitalbank.live/english/home.aspx,0,False
http://www.nainitalbank.global/english/home.aspx,0,False
http://www.nainitalbank.agency/english/home.aspx,0,False
http://www.nainitalbank.farm/english/home.aspx,0,False
http://www.nainitalbank.com.co/english/home.aspx,0,False
http://www.nainitalbank.team/english/home.aspx,0,False
http://www.nainitalbank.navy/english/home.aspx,0,False
http://www.nainitalbank.pro/english/home.aspx,0,False
http://www.nainitalbank.ch/english/home.aspx,0,False
http://www.nainitalbank.ltd/english/home.aspx,0,False
http://www.nainitalbank.army/english/home.aspx,0,False
http://www.nainitalbank.market/english/home.aspx,0,False
http://www.nainitalbank.cloud/english/home.aspx,0,False
http://www.nainitalbank.trade/english/home.aspx,0,False
http://www.nainitalbank.bz/english/home.aspx,0,False
http://www.nainitalbank.life/english/home.aspx,0,False
http://www.nainitalbank.xyz/english/home.aspx,0,False
http://www.nainitalbank.asia/english/home.aspx,0,False
http://www.nainitalbank.zone/english/home.aspx,0,False
http://www.nainitalbank.today/english/home.aspx,0,False
http://www.nainitalbank.co/english/home.aspx,0,False
http://www.nainitalbank.cash/english/home.aspx,0,False
http://www.nainitalbank.app/english/home.aspx,0,False
http://www.nainitalbank.store/english/home.aspx,0,False
http://www.nainitalbank.rocks/english/home.aspx,0,False
http://www.nainitalbank.email/english/home.aspx,0,False
http://www.nainitalbank.news/english/home.aspx,0,False
http://www.nainitalbank.legal/english/home.aspx,0,False
http://www.nainitalbank.group/english/home.aspx,0,False
http://www.nainitalbank.support/english/home.aspx,0,False
http://www.nainitalbank.club/english/home.aspx,0,False
http://www.nainitalbank.services/english/home.aspx,0,False
http://www.nainitalbank.online/english/home.aspx,0,False
http://www.nainitalbank.tech/english/home.aspx,0,False
http://www.nainitalbank.business/english/home.aspx,0,False
http://www.nainitalbank.cool/english/home.aspx,0,False
http://www.nainitalbank.at/english/home.aspx,0,False
http://www.nainitalbank.expert/english/home.aspx,0,False
http://www.nainitalbank.network/english/home.aspx,0,False
http://www.nainitalbank.tips/english/home.aspx,0,False
http://www.nainitalbank.guide/english/home.aspx,0,False
http://www.nainitalbank.com.pl/english/home.aspx,0,False
http://www.nainitalbank.university/english/home.aspx,0,False
http://www.nainitalbank.studio/english/home.aspx,0,False
http://www.nainitalbank.social/english/home.aspx,0,False
http://www.nainitalbank.nl/english/home.aspx,0,False
http://www.nainitalbank.company/english/home.aspx,0,False
http://www.nainitalbank.house/english/home.aspx,0,False
http://www.nainitalbank.center/english/home.aspx,0,False
http://www.nainitalbank.be/english/home.aspx,0,False
http://www.nainitalbank.net.pl/english/home.aspx,0,False
http://www.nainitalbank.art/english/home.aspx,0,False
http://www.nainitalbank.gold/english/home.aspx,0,False
http://www.nainitalbank.website/english/home.aspx,0,False
http://www.nainitalbank.casa/english/home.aspx,0,False
http://www.nainitalbank.host/english/home.aspx,0,False
http://www.nainitalbank.ink/english/home.aspx,0,False
http://www.nainitalbank.gg/english/home.aspx,0,False
http://www.nainitalbank.org.au/english/home.aspx,0,False
http://www.nainitalbank.vip/english/home.aspx,0,False
http://www.nainitalbank.site/english/home.aspx,0,False
http://www.nainitalbank.org.in/english/home.aspx,0,False
http://www.nainitalbank.best/english/home.aspx,0,False
http://www.nainitalbank.love/english/home.aspx,0,False
http://www.nainitalbank.tk/english/home.aspx,0,False
http://www.nainitalbank.org.cn/english/home.aspx,0,False
http://www.nainitalbank.fun/english/home.aspx,0,False
http://www.nainitalbank.space/english/home.aspx,0,False
http://www.nainitalbank.com.au/english/home.aspx,0,False
http://www.nainitalbank.com.mx/english/home.aspx,0,False
http://www.nainitalbank.net.in/english/home.aspx,0,False
http://www.nainitalbank.net.au/english/home.aspx,0,False
http://www.nainitalbank.com.pe/english/home.aspx,0,False
http://www.nainitalbank.co.za/english/home.aspx,0,False
http://www.nainitalbank.ind.in/english/home.aspx,0,False
http://www.nainitalbank.gs/english/home.aspx,0,False
http://www.nainitalbank.net.cn/english/home.aspx,0,False
http://www.nainitalbank.com.cn/english/home.aspx,0,False
http://www.nainitalbank.work/english/home.aspx,0,False
http://www.nainitalbank.fit/english/home.aspx,0,False
http://www.nainitalbank.info.pl/english/home.aspx,0,False
http://www.nainitalbank.ai/english/home.aspx,0,False
http://www.nainitalbank.es/english/home.aspx,0,False
http://www.nainitalbank.com.es/english/home.aspx,0,False
http://www.nainitalbank.ms/english/home.aspx,0,False
http://www.nainitalbank.org.pe/english/home.aspx,0,False
http://www.nainitalbank.org.uk/english/home.aspx,0,False
http://www.nainitalbank.sg/english/home.aspx,0,False
http://www.nainitalbank.am/english/home.aspx,0,False
http://www.nainitalbank.me.uk/english/home.aspx,0,False
http://www.nainitalbank.la/english/home.aspx,0,False
http://www.nainitalbank.org.nz/english/home.aspx,0,False
http://www.nainitalbank.co.nz/english/home.aspx,0,False
http://www.nainitalbank.click/english/home.aspx,0,False
http://www.nainitalbank.help/english/home.aspx,0,False
http://www.nainitalbank.link/english/home.aspx,0,False
http://www.nainitalbank.hosting/english/home.aspx,0,False
http://www.nainitalbank.tw/english/home.aspx,0,False
http://www.nainitalbank.com.ve/english/home.aspx,0,False
http://www.nainitalbank.info.ve/english/home.aspx,0,False
http://www.nasikonline.us,0,False
http://www.nasikonline.com.co,0,False
http://www.nasikonline.ca,0,False
http://www.nasikonline.biz,0,False
http://www.nasikonline.university,0,False
http://www.nasikonline.network,0,False
http://www.nasikonline.today,0,False
http://www.nasikonline.gold,0,False
http://www.nasikonline.zone,0,False
http://www.nasikonline.life,0,False
http://www.nasikonline.social,0,False
http://www.nasikonline.company,0,False
http://www.nasikonline.co,0,False
http://www.nasikonline.bz,0,False
http://www.nasikonline.trade,0,False
http://www.nasikonline.ch,0,False
http://www.nasikonline.pro,0,False
http://www.nasikonline.mobi,0,False
http://www.nasikonline.ag,0,False
http://www.nasikonline.at,0,False
http://www.nasikonline.asia,0,False
http://www.nasikonline.clinic,0,False
http://www.nasikonline.world,0,False
http://www.nasikonline.news,0,False
http://www.nasikonline.tips,0,False
http://www.nasikonline.farm,0,False
http://www.nasikonline.live,0,False
http://www.nasikonline.rocks,0,False
http://www.nasikonline.ltd,0,False
http://www.nasikonline.business,0,False
http://www.nasikonline.group,0,False
http://www.nasikonline.nl,0,False
http://www.nasikonline.legal,0,False
http://www.nasikonline.services,1,True
http://www.nasikonline.house,0,False
http://www.nasikonline.navy,0,False
http://www.nasikonline.global,0,False
http://www.nasikonline.club,0,False
http://www.nasikonline.center,0,False
http://www.nasikonline.app,0,False
http://www.nasikonline.agency,0,False
http://www.nasikonline.studio,0,False
http://www.nasikonline.cash,0,False
http://www.nasikonline.fun,0,False
http://www.nasikonline.cloud,0,False
http://www.nasikonline.be,0,False
http://www.nasikonline.host,0,False
http://www.nasikonline.expert,0,False
http://www.nasikonline.army,0,False
http://www.nasikonline.cool,0,False
http://www.nasikonline.gg,0,False
http://www.nasikonline.tech,0,False
http://www.nasikonline.team,0,False
http://www.nasikonline.space,0,False
http://www.nasikonline.xyz,0,False
http://www.nasikonline.market,0,False
http://www.nasikonline.support,1,True
http://www.nasikonline.guide,0,False
http://www.nasikonline.email,0,False
http://www.nasikonline.work,0,False
http://www.nasikonline.fit,0,False
http://www.nasikonline.org.cn,0,False
http://www.nasikonline.net.cn,0,False
http://www.nasikonline.com.pl,0,False
http://www.nasikonline.love,0,False
http://www.nasikonline.org.uk,0,False
http://www.nasikonline.gs,0,False
http://www.nasikonline.info.pl,0,False
http://www.nasikonline.ind.in,0,False
http://www.nasikonline.best,0,False
http://www.nasikonline.co.in,0,False
http://www.nasikonline.store,0,False
http://www.nasikonline.online,0,False
http://www.nasikonline.com.cn,0,False
http://www.nasikonline.com.au,0,False
http://www.nasikonline.website,1,True
http://www.nasikonline.site,0,False
http://www.nasikonline.org.au,0,False
http://www.nasikonline.vip,0,False
http://www.nasikonline.org.in,0,False
http://www.nasikonline.co.za,0,False
http://www.nasikonline.net.au,0,False
http://www.nasikonline.com.mx,0,False
http://www.nasikonline.net.pl,0,False
http://www.nasikonline.net.in,0,False
http://www.nasikonline.me.uk,0,False
http://www.nasikonline.ai,0,False
http://www.nasikonline.com.pe,0,False
http://www.nasikonline.com.es,0,False
http://www.nasikonline.ms,0,False
http://www.nasikonline.org.pe,0,False
http://www.nasikonline.casa,0,False
http://www.nasikonline.es,0,False
http://www.nasikonline.sg,0,False
http://www.nasikonline.am,0,False
http://www.nasikonline.la,0,False
http://www.nasikonline.link,0,False
http://www.nasikonline.hosting,1,True
http://www.nasikonline.help,0,False
http://www.nasikonline.co.nz,0,False
http://www.nasikonline.org.nz,0,False
http://www.nasikonline.ink,0,False
http://www.nasikonline.tk,1,True
http://www.nasikonline.art,0,False
http://www.nasikonline.tw,0,False
http://www.nasikonline.com.ve,0,False
http://www.nasikonline.info.ve,0,False
http://www.adelaide.com.co,0,False
http://www.adelaide.club,0,False
http://www.adelaide.cool,0,False
http://www.adelaide.org.uk,0,False
http://www.adelaide.gs,0,False
http://www.adelaide.com.pl,0,False
http://www.adelaide.com.mx,0,False
http://www.adelaide.net.in,0,False
http://www.adelaide.info.pl,0,False
http://www.adelaide.net.pl,0,False
http://www.adelaide.org.in,0,False
http://www.adelaide.com.pe,0,False
http://www.adelaide.sg,0,False
http://www.adelaide.es,0,False
http://www.adelaide.la,0,False
http://www.adelaide.help,0,False
http://www.nasikonline.click,1,True
http://www.adelaide.com.ve,0,False
http://www.adelaide.live,0,False
http://www.adelaide.tech,0,False
http://www.adelaide.army,0,False
http://www.adelaide.online,0,False
http://www.adelaide.ag,0,False
http://www.adelaide.company,0,False
http://www.adelaide.zone,0,False
http://www.adelaide.navy,0,False
http://www.adelaide.bz,0,False
http://www.adelaide.trade,0,False
http://www.adelaide.support,0,False
http://www.adelaide.gold,0,False
http://www.adelaide.social,0,False
http://www.adelaide.studio,0,False
http://www.adelaide.center,0,False
http://www.adelaide.store,0,False
http://www.adelaide.legal,0,False
http://www.adelaide.email,0,False
http://www.adelaide.market,0,False
http://www.adelaide.ltd,0,False
http://www.adelaide.website,0,False
http://www.adelaide.expert,0,False
http://www.adelaide.clinic,0,False
http://www.adelaide.cash,0,False
http://www.adelaide.site,0,False
http://www.adelaide.casa,0,False
http://www.adelaide.gg,0,False
http://www.adelaide.art,0,False
http://www.adelaide.fun,0,False
http://www.adelaide.fit,0,False
http://www.adelaide.best,0,False
http://www.adelaide.ind.in,0,False
https://www.adelaide.ph/policies?dsndsnpolicyentryididmloginmview,1,True
http://www.adelaide.org.pe,0,False
https://www.adelaide.org.ph/policies?dsndsnpolicyentryididmloginmview,1,True
http://www.adelaide.ms,0,False
https://www.adelaide.com.ph/policies?dsndsnpolicyentryididmloginmview,1,True
http://www.adelaide.com.es,0,False
http://www.adelaide.am,0,False
http://www.adelaide.tw,0,False
http://www.adelaide.info.ve,0,False
http://www.nabasia.ch,0,False
http://www.nabasia.nl,0,False
http://www.nabasia.com.au,0,False
http://www.nabasia.com.mx,0,False
http://www.nabasia.co.za,0,False
http://www.nabasia.com.co,0,False
http://www.nabasia.pro,0,False
http://www.nabasia.us,0,False
http://www.nabasia.co,0,False
http://www.nabasia.gold,0,False
http://www.nabasia.trade,0,False
http://www.nabasia.ca,0,False
http://www.nabasia.farm,0,False
http://www.nabasia.services,0,False
http://www.nabasia.mobi,0,False
http://www.nabasia.house,0,False
http://www.nabasia.live,0,False
http://www.nabasia.today,0,False
http://www.nabasia.team,0,False
http://www.nabasia.world,0,False
http://www.nabasia.club,0,False
http://www.nabasia.at,0,False
http://www.nabasia.life,0,False
http://www.nabasia.market,0,False
http://www.nabasia.cash,0,False
http://www.nabasia.zone,0,False
http://www.nabasia.network,0,False
http://www.nabasia.studio,0,False
http://www.nabasia.bz,0,False
http://www.nabasia.army,0,False
http://www.nabasia.agency,0,False
http://www.nabasia.navy,0,False
http://www.nabasia.cloud,0,False
http://www.nabasia.xyz,0,False
http://www.nabasia.tk,0,False
http://www.nabasia.group,0,False
http://www.nabasia.cool,0,False
http://www.nabasia.rocks,0,False
http://www.nabasia.business,0,False
http://www.nabasia.social,0,False
http://www.nabasia.fun,0,False
http://www.nabasia.host,0,False
http://www.nabasia.ltd,0,False
http://www.nabasia.best,0,False
http://www.nabasia.university,0,False
http://www.nabasia.tips,0,False
http://www.nabasia.info.pl,0,False
http://www.nabasia.legal,0,False
http://www.nabasia.support,0,False
http://www.nabasia.expert,0,False
http://www.nabasia.email,0,False
http://www.nabasia.online,0,False
http://www.nabasia.be,0,False
http://www.nabasia.news,0,False
http://www.nabasia.vip,0,False
http://www.nabasia.center,0,False
http://www.nabasia.clinic,0,False
http://www.nabasia.fit,0,False
http://www.nabasia.tech,0,False
http://www.nabasia.company,0,False
http://www.nabasia.ag,0,False
http://www.nabasia.app,0,False
http://www.nabasia.art,0,False
http://www.nabasia.org.au,0,False
http://www.nabasia.guide,0,False
http://www.nabasia.space,0,False
http://www.nabasia.net.pl,0,False
http://www.nabasia.com.pl,0,False
http://www.nabasia.gs,0,False
http://www.nabasia.website,0,False
http://www.nabasia.site,0,False
http://www.nabasia.ink,0,False
http://www.nabasia.love,0,False
http://www.nabasia.net.cn,0,False
http://www.nabasia.net.au,0,False
http://www.nabasia.work,0,False
http://www.nabasia.net.in,0,False
http://www.nabasia.ind.in,0,False
http://www.nabasia.gg,0,False
http://www.nabasia.store,0,False
http://www.nabasia.casa,0,False
http://www.nabasia.org.in,0,False
http://www.nabasia.org.uk,0,False
http://www.nabasia.org.cn,0,False
http://www.nabasia.es,0,False
http://www.nabasia.ai,0,False
http://www.nabasia.me.uk,0,False
http://www.nabasia.com.es,0,False
http://www.nabasia.org.pe,0,False
http://www.nabasia.com.pe,0,False
http://www.nabasia.ms,0,False
http://www.nabasia.am,0,False
http://www.nabasia.help,0,False
http://www.nabasia.link,0,False
http://www.nabasia.hosting,0,False
http://www.nabasia.click,0,False
http://www.nabasia.co.nz,0,False
http://www.nabasia.org.nz,0,False
http://www.nabasia.global,0,False
http://www.nabasia.tw,0,False
http://www.nabasia.com.ve,0,False
http://www.nabasia.info.ve,0,False
http://www.netflix.org.nz,0,False
http://www.netflix.ink,0,False
http://www.netflix.org.nz/au,0,False
http://www.netflix.org.au/au,0,False
http://www.netflix.ink/au,0,False
http://www.netflix.hosting/au,1,True
http://www.netflix.org.pe/au,0,False
http://www.netflix.trade/au,0,False
http://www.netflix.org.nz/login,1,True
http://www.netflix.org.au/login,1,True
http://www.netflix.ink/login,1,True
http://www.netflix.hosting/login,1,True
http://www.netflix.org.pe/login,1,True
http://www.netflix.trade/login,1,True
https://help.netflix.org.nz,1,True
https://help.netflix.org.au,1,True
https://help.netflix.ink,1,True
https://help.netflix.info.ve,1,True
https://help.netflix.hosting,1,True
https://help.netflix.org.pe,1,True
https://help.netflix.trade,1,True
http://www.netflix.org.nz/your/account,1,True
http://www.netflix.org.au/your/account,1,True
http://www.netflix.ink/your/account,1,True
http://www.netflix.info.ve/your/account,1,True
http://www.netflix.hosting/your/account,1,True
http://www.netflix.org.pe/your/account,1,True
http://www.netflix.trade/your/account,1,True
http://www.netflix.love/your/account,1,True
https://media.netflix.org.nz,1,True
https://media.netflix.com.ve,1,True
https://media.netflix.org.au,1,True
https://media.netflix.ink,1,True
https://media.netflix.info.ve,1,True
https://media.netflix.hosting,1,True
https://media.netflix.org.pe,1,True
https://media.netflix.trade,1,True
https://media.netflix.love,1,True
http://ir.netflix.org.nz,0,False
http://ir.netflix.com.ve,1,True
http://ir.netflix.org.au,0,False
http://ir.netflix.gg,0,False
http://ir.netflix.ink,0,False
http://ir.netflix.info.ve,0,False
http://ir.netflix.hosting,1,True
http://ir.netflix.org.pe,0,False
http://ir.netflix.trade,1,True
http://ir.netflix.best,1,True
http://ir.netflix.love,0,False
http://www.nesn.com.mx/joe/kelly/red/sox/rotation/must/battle/through/tough/spell/video,1,True
http://www.nesn.nl/joe/kelly/red/sox/rotation/must/battle/through/tough/spell/video,0,False
http://www.nesn.co.za/joe/kelly/red/sox/rotation/must/battle/through/tough/spell/video,0,False
http://www.nesn.co.in/joe/kelly/red/sox/rotation/must/battle/through/tough/spell/video,0,False
http://www.nesn.host/joe/kelly/red/sox/rotation/must/battle/through/tough/spell/video,0,False
http://www.nesn.info.pl/joe/kelly/red/sox/rotation/must/battle/through/tough/spell/video,1,True
http://www.nesn.space/joe/kelly/red/sox/rotation/must/battle/through/tough/spell/video,0,False
http://www.nesn.pro/joe/kelly/red/sox/rotation/must/battle/through/tough/spell/video,0,False
http://www.nesn.la/joe/kelly/red/sox/rotation/must/battle/through/tough/spell/video,0,False
http://www.nesn.net.in/joe/kelly/red/sox/rotation/must/battle/through/tough/spell/video,0,False
http://www.nesn.org.cn/joe/kelly/red/sox/rotation/must/battle/through/tough/spell/video,0,False
http://www.nesn.online/joe/kelly/red/sox/rotation/must/battle/through/tough/spell/video,1,True
http://www.nesn.am/joe/kelly/red/sox/rotation/must/battle/through/tough/spell/video,0,False
http://www.nesn.live/joe/kelly/red/sox/rotation/must/battle/through/tough/spell/video,0,False
http://www.nesn.life/joe/kelly/red/sox/rotation/must/battle/through/tough/spell/video,0,False
http://www.nesn.link/joe/kelly/red/sox/rotation/must/battle/through/tough/spell/video,0,False
http://www.nesn.center/joe/kelly/red/sox/rotation/must/battle/through/tough/spell/video,1,True
http://www.nesn.store/joe/kelly/red/sox/rotation/must/battle/through/tough/spell/video,0,False
http://www.nesn.global/joe/kelly/red/sox/rotation/must/battle/through/tough/spell/video,0,False
http://www.nesn.ag/joe/kelly/red/sox/rotation/must/battle/through/tough/spell/video,0,False
http://www.nesn.agency/joe/kelly/red/sox/rotation/must/battle/through/tough/spell/video,1,True
http://www.nesn.ind.in/joe/kelly/red/sox/rotation/must/battle/through/tough/spell/video,0,False
http://www.nesn.farm/joe/kelly/red/sox/rotation/must/battle/through/tough/spell/video,0,False
http://www.nesn.love/joe/kelly/red/sox/rotation/must/battle/through/tough/spell/video,0,False
http://www.nesn.click/joe/kelly/red/sox/rotation/must/battle/through/tough/spell/video,1,True
http://www.torcache.ws/torrent/c/e/ba/bae/ad/ce/f/be/d.torrent?titlekickasstotheflashsehdtvxlolettv,1,True
http://www.torcache.co/torrent/c/e/ba/bae/ad/ce/f/be/d.torrent?titlekickasstotheflashsehdtvxlolettv,1,True
http://www.torcache.co.nz/torrent/c/e/ba/bae/ad/ce/f/be/d.torrent?titlekickasstotheflashsehdtvxlolettv,1,True
http://www.torcache.com.ve/torrent/c/e/ba/bae/ad/ce/f/be/d.torrent?titlekickasstotheflashsehdtvxlolettv,1,True
http://www.torcache.net.pl/torrent/c/e/ba/bae/ad/ce/f/be/d.torrent?titlekickasstotheflashsehdtvxlolettv,1,True
http://www.torcache.org.in/torrent/c/e/ba/bae/ad/ce/f/be/d.torrent?titlekickasstotheflashsehdtvxlolettv,1,True
http://www.torcache.org.au/torrent/c/e/ba/bae/ad/ce/f/be/d.torrent?titlekickasstotheflashsehdtvxlolettv,1,True
http://www.torcache.com.pe/torrent/c/e/ba/bae/ad/ce/f/be/d.torrent?titlekickasstotheflashsehdtvxlolettv,1,True
http://www.torcache.cool/torrent/c/e/ba/bae/ad/ce/f/be/d.torrent?titlekickasstotheflashsehdtvxlolettv,1,True
http://www.torcache.org.ph/torrent/c/e/ba/bae/ad/ce/f/be/d.torrent?titlekickasstotheflashsehdtvxlolettv,1,True
http://www.torcache.gs/torrent/c/e/ba/bae/ad/ce/f/be/d.torrent?titlekickasstotheflashsehdtvxlolettv,1,True
http://www.torcache.studio/torrent/c/e/ba/bae/ad/ce/f/be/d.torrent?titlekickasstotheflashsehdtvxlolettv,1,True
http://www.torcache.rocks/torrent/c/e/ba/bae/ad/ce/f/be/d.torrent?titlekickasstotheflashsehdtvxlolettv,1,True
http://www.torcache.support/torrent/c/e/ba/bae/ad/ce/f/be/d.torrent?titlekickasstotheflashsehdtvxlolettv,1,True
http://www.torcache.company/torrent/c/e/ba/bae/ad/ce/f/be/d.torrent?titlekickasstotheflashsehdtvxlolettv,1,True
http://www.torcache.fun/torrent/c/e/ba/bae/ad/ce/f/be/d.torrent?titlekickasstotheflashsehdtvxlolettv,1,True
http://www.torcache.work/torrent/c/e/ba/bae/ad/ce/f/be/d.torrent?titlekickasstotheflashsehdtvxlolettv,1,True
http://www.torcache.expert/torrent/c/e/ba/bae/ad/ce/f/be/d.torrent?titlekickasstotheflashsehdtvxlolettv,1,True
http://www.torcache.tw/torrent/c/e/ba/bae/ad/ce/f/be/d.torrent?titlekickasstotheflashsehdtvxlolettv,1,True
http://www.torcache.hosting/torrent/c/e/ba/bae/ad/ce/f/be/d.torrent?titlekickasstotheflashsehdtvxlolettv,1,True
http://www.torcache.org.pe/torrent/c/e/ba/bae/ad/ce/f/be/d.torrent?titlekickasstotheflashsehdtvxlolettv,1,True
http://www.torcache.cloud/torrent/c/e/ba/bae/ad/ce/f/be/d.torrent?titlekickasstotheflashsehdtvxlolettv,1,True
http://www.torcache.com.es/torrent/c/e/ba/bae/ad/ce/f/be/d.torrent?titlekickasstotheflashsehdtvxlolettv,1,True
http://www.torcache.clinic/torrent/c/e/ba/bae/ad/ce/f/be/d.torrent?titlekickasstotheflashsehdtvxlolettv,1,True
http://www.torcache.business/torrent/c/e/ba/bae/ad/ce/f/be/d.torrent?titlekickasstotheflashsehdtvxlolettv,1,True
http://www.torcache.cash/torrent/c/e/ba/bae/ad/ce/f/be/d.torrent?titlekickasstotheflashsehdtvxlolettv,1,True
http://www.torcache.army/torrent/c/e/ba/bae/ad/ce/f/be/d.torrent?titlekickasstotheflashsehdtvxlolettv,1,True
http://www.torcache.news/torrent/c/e/ba/bae/ad/ce/f/be/d.torrent?titlekickasstotheflashsehdtvxlolettv,1,True
http://www.torcache.network/torrent/c/e/ba/bae/ad/ce/f/be/d.torrent?titlekickasstotheflashsehdtvxlolettv,1,True
http://www.torcache.trade/torrent/c/e/ba/bae/ad/ce/f/be/d.torrent?titlekickasstotheflashsehdtvxlolettv,1,True
http://www.torcache.best/torrent/c/e/ba/bae/ad/ce/f/be/d.torrent?titlekickasstotheflashsehdtvxlolettv,1,True
http://www.torcache.gold/torrent/c/e/ba/bae/ad/ce/f/be/d.torrent?titlekickasstotheflashsehdtvxlolettv,1,True
http://www.torcache.global/torrent/c/e/ba/bae/ad/ce/f/be/d.torrent?titlekickasstotheflashsehdtvxlolettv,1,True
http://www.torcache.ag/torrent/c/e/ba/bae/ad/ce/f/be/d.torrent?titlekickasstotheflashsehdtvxlolettv,1,True
http://www.torcache.agency/torrent/c/e/ba/bae/ad/ce/f/be/d.torrent?titlekickasstotheflashsehdtvxlolettv,1,True
https://www.spectrum.net.cn/policies/your/privacy/rights.html,1,True
https://www.spectrum.website/policies/your/privacy/rights.html,1,True
https://www.spectrum.market/policies/your/privacy/rights.html,1,True
https://www.spectrum.art/policies/your/privacy/rights.html,1,True
https://www.spectrum.ink/policies/your/privacy/rights.html,1,True
https://www.spectrum.casa/policies/your/privacy/rights.html,1,True
https://www.spectrum.tips/policies/your/privacy/rights.html,1,True
https://www.spectrum.info.ve/policies/your/privacy/rights.html,1,True
http://www.mic.online/articles/there/s/one/number/every/hollywood/executive/needs/to/see/this/summer,0,False
http://www.mic.store/articles/there/s/one/number/every/hollywood/executive/needs/to/see/this/summer,0,False
http://www.mic.website/articles/there/s/one/number/every/hollywood/executive/needs/to/see/this/summer,0,False
http://www.mic.site/articles/there/s/one/number/every/hollywood/executive/needs/to/see/this/summer,0,False
http://www.mic.navy/articles/there/s/one/number/every/hollywood/executive/needs/to/see/this/summer,0,False
http://www.mic.tech/articles/there/s/one/number/every/hollywood/executive/needs/to/see/this/summer,0,False
http://www.mic.fit/articles/there/s/one/number/every/hollywood/executive/needs/to/see/this/summer,0,False
http://www.usatoday.com.ve/entertainment,0,False
http://www.usatoday.net.pl/entertainment,0,False
http://www.usatoday.org.in/entertainment,0,False
http://www.usatoday.org.au/entertainment,0,False
http://www.usatoday.com.pe/entertainment,0,False
http://www.usatoday.cool/entertainment,0,False
http://www.usatoday.org.ph/entertainment,0,False
http://www.usatoday.gs/entertainment,0,False
http://www.usatoday.co.in/entertainment,0,False
http://www.usatoday.host/entertainment,0,False
http://www.usatoday.info.pl/entertainment,0,False
http://www.usatoday.pro/entertainment,0,False
http://www.usatoday.la/entertainment,0,False
http://www.usatoday.net.in/entertainment,0,False
http://www.usatoday.com.es/entertainment,0,False
http://www.usatoday.clinic/entertainment,0,False
http://www.usatoday.business/entertainment,0,False
http://www.usatoday.cash/entertainment,0,False
http://www.usatoday.army/entertainment,0,False
http://www.usatoday.trade/entertainment,0,False
http://www.usatoday.gold/entertainment,0,False
http://www.usatoday.global/entertainment,0,False
http://www.usatoday.ag/entertainment,0,False
http://www.usatoday.agency/entertainment,0,False
http://www.usatoday.ind.in/entertainment,0,False
http://www.usatoday.farm/entertainment,0,False
http://www.usatoday.love/entertainment,0,False
http://collections.collections.yandex.com.pe,0,False
http://collections.collections.yandex.org.ph,0,False
http://collections.collections.yandex.gs,0,False
http://collections.collections.yandex.info.pl,0,False
http://collections.collections.yandex.net.in,0,False
http://collections.collections.yandex.trade,0,False
http://collections.collections.yandex.ag,0,False
http://collections.collections.yandex.love,0,False
http://collections.collections.yandex.fit,0,False
http://health.link.mcw.com.ph/article.html,0,False
http://health.link.mcw.com.co/article.html,0,False
http://health.link.mcw.university/article.html,0,False
http://health.link.mcw.com.ve/article.html,0,False
http://health.link.mcw.org.in/article.html,0,False
http://health.link.mcw.com.pe/article.html,0,False
http://health.link.mcw.guide/article.html,0,False
http://health.link.mcw.info.ve/article.html,0,False
http://health.link.mcw.ltd/article.html,0,False
http://health.link.mcw.house/article.html,0,False
http://health.link.mcw.studio/article.html,0,False
http://health.link.mcw.support/article.html,0,False
http://health.link.mcw.company/article.html,0,False
http://health.link.mcw.work/article.html,0,False
http://health.link.mcw.hosting/article.html,0,False
http://health.link.mcw.org.pe/article.html,0,False
http://health.link.mcw.com.es/article.html,0,False
http://web.pages.charter.sg/klynch/bbq/main.htm,0,False
http://web.pages.charter.ph/klynch/bbq/main.htm,0,False
http://web.pages.charter.net.cn/klynch/bbq/main.htm,0,False
http://web.pages.charter.com.ph/klynch/bbq/main.htm,0,False
http://web.pages.charter.club/klynch/bbq/main.htm,0,False
http://web.pages.charter.ws/klynch/bbq/main.htm,0,False
http://web.pages.charter.market/klynch/bbq/main.htm,0,False
http://web.pages.charter.art/klynch/bbq/main.htm,0,False
http://web.pages.charter.ink/klynch/bbq/main.htm,0,False
http://web.pages.charter.casa/klynch/bbq/main.htm,0,False
http://web.pages.charter.ms/klynch/bbq/main.htm,0,False
http://web.pages.charter.guide/klynch/bbq/main.htm,0,False
http://web.pages.charter.info.ve/klynch/bbq/main.htm,0,False
http://web.pages.charter.legal/klynch/bbq/main.htm,0,False
http://web.pages.charter.me.uk/klynch/bbq/main.htm,0,False
http://web.pages.charter.studio/klynch/bbq/main.htm,0,False
http://web.pages.charter.rocks/klynch/bbq/main.htm,0,False
http://web.pages.charter.fun/klynch/bbq/main.htm,0,False
http://web.pages.charter.work/klynch/bbq/main.htm,0,False
http://web.pages.charter.expert/klynch/bbq/main.htm,0,False
http://www.torcache.org.uk/torrent/b/b/b/de/a/e/cbda/c.torrent?titlekickasstoamericansniperwebdlxvidnlsubsdmt,1,True
http://www.torcache.ca/torrent/b/b/b/de/a/e/cbda/c.torrent?titlekickasstoamericansniperwebdlxvidnlsubsdmt,1,True
http://www.torcache.asia/torrent/b/b/b/de/a/e/cbda/c.torrent?titlekickasstoamericansniperwebdlxvidnlsubsdmt,1,True
http://www.torcache.org.nz/torrent/b/b/b/de/a/e/cbda/c.torrent?titlekickasstoamericansniperwebdlxvidnlsubsdmt,1,True
http://www.torcache.sg/torrent/b/b/b/de/a/e/cbda/c.torrent?titlekickasstoamericansniperwebdlxvidnlsubsdmt,1,True
http://www.torcache.ph/torrent/b/b/b/de/a/e/cbda/c.torrent?titlekickasstoamericansniperwebdlxvidnlsubsdmt,1,True
http://www.torcache.com.cn/torrent/b/b/b/de/a/e/cbda/c.torrent?titlekickasstoamericansniperwebdlxvidnlsubsdmt,1,True
http://www.torcache.biz/torrent/b/b/b/de/a/e/cbda/c.torrent?titlekickasstoamericansniperwebdlxvidnlsubsdmt,1,True
http://www.torcache.tk/torrent/b/b/b/de/a/e/cbda/c.torrent?titlekickasstoamericansniperwebdlxvidnlsubsdmt,1,True
http://www.torcache.us/torrent/b/b/b/de/a/e/cbda/c.torrent?titlekickasstoamericansniperwebdlxvidnlsubsdmt,1,True
http://www.torcache.net.cn/torrent/b/b/b/de/a/e/cbda/c.torrent?titlekickasstoamericansniperwebdlxvidnlsubsdmt,1,True
http://www.torcache.es/torrent/b/b/b/de/a/e/cbda/c.torrent?titlekickasstoamericansniperwebdlxvidnlsubsdmt,1,True
http://www.torcache.at/torrent/b/b/b/de/a/e/cbda/c.torrent?titlekickasstoamericansniperwebdlxvidnlsubsdmt,1,True
http://www.torcache.help/torrent/b/b/b/de/a/e/cbda/c.torrent?titlekickasstoamericansniperwebdlxvidnlsubsdmt,1,True
http://www.torcache.be/torrent/b/b/b/de/a/e/cbda/c.torrent?titlekickasstoamericansniperwebdlxvidnlsubsdmt,1,True
http://www.torcache.com.ph/torrent/b/b/b/de/a/e/cbda/c.torrent?titlekickasstoamericansniperwebdlxvidnlsubsdmt,1,True
http://www.torcache.com.pl/torrent/b/b/b/de/a/e/cbda/c.torrent?titlekickasstoamericansniperwebdlxvidnlsubsdmt,1,True
http://www.torcache.club/torrent/b/b/b/de/a/e/cbda/c.torrent?titlekickasstoamericansniperwebdlxvidnlsubsdmt,1,True
http://www.torcache.com.co/torrent/b/b/b/de/a/e/cbda/c.torrent?titlekickasstoamericansniperwebdlxvidnlsubsdmt,1,True
http://www.torcache.university/torrent/b/b/b/de/a/e/cbda/c.torrent?titlekickasstoamericansniperwebdlxvidnlsubsdmt,1,True
http://www.torcache.net.au/torrent/b/b/b/de/a/e/cbda/c.torrent?titlekickasstoamericansniperwebdlxvidnlsubsdmt,1,True
http://www.torcache.ws/torrent/b/b/b/de/a/e/cbda/c.torrent?titlekickasstoamericansniperwebdlxvidnlsubsdmt,1,True
http://www.torcache.co/torrent/b/b/b/de/a/e/cbda/c.torrent?titlekickasstoamericansniperwebdlxvidnlsubsdmt,1,True
http://www.torcache.co.nz/torrent/b/b/b/de/a/e/cbda/c.torrent?titlekickasstoamericansniperwebdlxvidnlsubsdmt,1,True
http://www.torcache.com.ve/torrent/b/b/b/de/a/e/cbda/c.torrent?titlekickasstoamericansniperwebdlxvidnlsubsdmt,1,True
http://www.torcache.net.pl/torrent/b/b/b/de/a/e/cbda/c.torrent?titlekickasstoamericansniperwebdlxvidnlsubsdmt,1,True
http://www.torcache.org.in/torrent/b/b/b/de/a/e/cbda/c.torrent?titlekickasstoamericansniperwebdlxvidnlsubsdmt,1,True
http://www.torcache.org.au/torrent/b/b/b/de/a/e/cbda/c.torrent?titlekickasstoamericansniperwebdlxvidnlsubsdmt,1,True
http://www.torcache.com.pe/torrent/b/b/b/de/a/e/cbda/c.torrent?titlekickasstoamericansniperwebdlxvidnlsubsdmt,1,True
http://www.torcache.cool/torrent/b/b/b/de/a/e/cbda/c.torrent?titlekickasstoamericansniperwebdlxvidnlsubsdmt,1,True
http://www.torcache.org.ph/torrent/b/b/b/de/a/e/cbda/c.torrent?titlekickasstoamericansniperwebdlxvidnlsubsdmt,1,True
http://www.torcache.gs/torrent/b/b/b/de/a/e/cbda/c.torrent?titlekickasstoamericansniperwebdlxvidnlsubsdmt,1,True
http://www.torcache.ai/torrent/b/b/b/de/a/e/cbda/c.torrent?titlekickasstoamericansniperwebdlxvidnlsubsdmt,1,True
http://www.torcache.today/torrent/b/b/b/de/a/e/cbda/c.torrent?titlekickasstoamericansniperwebdlxvidnlsubsdmt,1,True
http://www.torcache.website/torrent/b/b/b/de/a/e/cbda/c.torrent?titlekickasstoamericansniperwebdlxvidnlsubsdmt,1,True
http://www.torcache.navy/torrent/b/b/b/de/a/e/cbda/c.torrent?titlekickasstoamericansniperwebdlxvidnlsubsdmt,1,True
http://www.torcache.tech/torrent/b/b/b/de/a/e/cbda/c.torrent?titlekickasstoamericansniperwebdlxvidnlsubsdmt,1,True
http://www.torcache.app/torrent/b/b/b/de/a/e/cbda/c.torrent?titlekickasstoamericansniperwebdlxvidnlsubsdmt,1,True
http://www.torcache.services/torrent/b/b/b/de/a/e/cbda/c.torrent?titlekickasstoamericansniperwebdlxvidnlsubsdmt,1,True
http://www.torcache.market/torrent/b/b/b/de/a/e/cbda/c.torrent?titlekickasstoamericansniperwebdlxvidnlsubsdmt,1,True
http://www.torcache.art/torrent/b/b/b/de/a/e/cbda/c.torrent?titlekickasstoamericansniperwebdlxvidnlsubsdmt,1,True
http://www.torcache.team/torrent/b/b/b/de/a/e/cbda/c.torrent?titlekickasstoamericansniperwebdlxvidnlsubsdmt,1,True
http://www.torcache.ink/torrent/b/b/b/de/a/e/cbda/c.torrent?titlekickasstoamericansniperwebdlxvidnlsubsdmt,1,True
http://www.torcache.casa/torrent/b/b/b/de/a/e/cbda/c.torrent?titlekickasstoamericansniperwebdlxvidnlsubsdmt,1,True
http://www.torcache.tips/torrent/b/b/b/de/a/e/cbda/c.torrent?titlekickasstoamericansniperwebdlxvidnlsubsdmt,1,True
http://www.torcache.ms/torrent/b/b/b/de/a/e/cbda/c.torrent?titlekickasstoamericansniperwebdlxvidnlsubsdmt,1,True
http://www.torcache.social/torrent/b/b/b/de/a/e/cbda/c.torrent?titlekickasstoamericansniperwebdlxvidnlsubsdmt,1,True
http://www.torcache.group/torrent/b/b/b/de/a/e/cbda/c.torrent?titlekickasstoamericansniperwebdlxvidnlsubsdmt,1,True
http://www.torcache.world/torrent/b/b/b/de/a/e/cbda/c.torrent?titlekickasstoamericansniperwebdlxvidnlsubsdmt,1,True
http://www.torcache.zone/torrent/b/b/b/de/a/e/cbda/c.torrent?titlekickasstoamericansniperwebdlxvidnlsubsdmt,1,True
http://www.torcache.guide/torrent/b/b/b/de/a/e/cbda/c.torrent?titlekickasstoamericansniperwebdlxvidnlsubsdmt,1,True
http://www.torcache.info.ve/torrent/b/b/b/de/a/e/cbda/c.torrent?titlekickasstoamericansniperwebdlxvidnlsubsdmt,1,True
http://www.torcache.email/torrent/b/b/b/de/a/e/cbda/c.torrent?titlekickasstoamericansniperwebdlxvidnlsubsdmt,1,True
http://www.torcache.ltd/torrent/b/b/b/de/a/e/cbda/c.torrent?titlekickasstoamericansniperwebdlxvidnlsubsdmt,1,True
http://www.torcache.vip/torrent/b/b/b/de/a/e/cbda/c.torrent?titlekickasstoamericansniperwebdlxvidnlsubsdmt,1,True
http://www.torcache.legal/torrent/b/b/b/de/a/e/cbda/c.torrent?titlekickasstoamericansniperwebdlxvidnlsubsdmt,1,True
http://www.torcache.me.uk/torrent/b/b/b/de/a/e/cbda/c.torrent?titlekickasstoamericansniperwebdlxvidnlsubsdmt,1,True
http://www.torcache.house/torrent/b/b/b/de/a/e/cbda/c.torrent?titlekickasstoamericansniperwebdlxvidnlsubsdmt,1,True
http://www.torcache.studio/torrent/b/b/b/de/a/e/cbda/c.torrent?titlekickasstoamericansniperwebdlxvidnlsubsdmt,1,True
http://www.torcache.rocks/torrent/b/b/b/de/a/e/cbda/c.torrent?titlekickasstoamericansniperwebdlxvidnlsubsdmt,1,True
http://www.torcache.support/torrent/b/b/b/de/a/e/cbda/c.torrent?titlekickasstoamericansniperwebdlxvidnlsubsdmt,1,True
http://www.torcache.company/torrent/b/b/b/de/a/e/cbda/c.torrent?titlekickasstoamericansniperwebdlxvidnlsubsdmt,1,True
http://www.torcache.fun/torrent/b/b/b/de/a/e/cbda/c.torrent?titlekickasstoamericansniperwebdlxvidnlsubsdmt,1,True
http://www.torcache.work/torrent/b/b/b/de/a/e/cbda/c.torrent?titlekickasstoamericansniperwebdlxvidnlsubsdmt,1,True
http://www.torcache.expert/torrent/b/b/b/de/a/e/cbda/c.torrent?titlekickasstoamericansniperwebdlxvidnlsubsdmt,1,True
http://www.torcache.tw/torrent/b/b/b/de/a/e/cbda/c.torrent?titlekickasstoamericansniperwebdlxvidnlsubsdmt,1,True
http://www.torcache.hosting/torrent/b/b/b/de/a/e/cbda/c.torrent?titlekickasstoamericansniperwebdlxvidnlsubsdmt,1,True
http://www.torcache.org.pe/torrent/b/b/b/de/a/e/cbda/c.torrent?titlekickasstoamericansniperwebdlxvidnlsubsdmt,1,True
http://www.torcache.cloud/torrent/b/b/b/de/a/e/cbda/c.torrent?titlekickasstoamericansniperwebdlxvidnlsubsdmt,1,True
http://www.torcache.com.es/torrent/b/b/b/de/a/e/cbda/c.torrent?titlekickasstoamericansniperwebdlxvidnlsubsdmt,1,True
http://www.torcache.clinic/torrent/b/b/b/de/a/e/cbda/c.torrent?titlekickasstoamericansniperwebdlxvidnlsubsdmt,1,True
http://www.torcache.business/torrent/b/b/b/de/a/e/cbda/c.torrent?titlekickasstoamericansniperwebdlxvidnlsubsdmt,1,True
http://www.torcache.cash/torrent/b/b/b/de/a/e/cbda/c.torrent?titlekickasstoamericansniperwebdlxvidnlsubsdmt,1,True
http://www.torcache.army/torrent/b/b/b/de/a/e/cbda/c.torrent?titlekickasstoamericansniperwebdlxvidnlsubsdmt,1,True
http://www.torcache.news/torrent/b/b/b/de/a/e/cbda/c.torrent?titlekickasstoamericansniperwebdlxvidnlsubsdmt,1,True
http://www.torcache.network/torrent/b/b/b/de/a/e/cbda/c.torrent?titlekickasstoamericansniperwebdlxvidnlsubsdmt,1,True
http://www.torcache.trade/torrent/b/b/b/de/a/e/cbda/c.torrent?titlekickasstoamericansniperwebdlxvidnlsubsdmt,1,True
http://www.torcache.best/torrent/b/b/b/de/a/e/cbda/c.torrent?titlekickasstoamericansniperwebdlxvidnlsubsdmt,1,True
http://www.torcache.gold/torrent/b/b/b/de/a/e/cbda/c.torrent?titlekickasstoamericansniperwebdlxvidnlsubsdmt,1,True
http://www.torcache.global/torrent/b/b/b/de/a/e/cbda/c.torrent?titlekickasstoamericansniperwebdlxvidnlsubsdmt,1,True
http://www.torcache.ag/torrent/b/b/b/de/a/e/cbda/c.torrent?titlekickasstoamericansniperwebdlxvidnlsubsdmt,1,True
http://www.torcache.agency/torrent/b/b/b/de/a/e/cbda/c.torrent?titlekickasstoamericansniperwebdlxvidnlsubsdmt,1,True
http://www.sfglobe.com.mx/footage/from/after/a/deadly/car/accident/appears/to/capture/an/apparition,1,True
http://www.sfglobe.nl/footage/from/after/a/deadly/car/accident/appears/to/capture/an/apparition,1,True
http://www.sfglobe.co.za/footage/from/after/a/deadly/car/accident/appears/to/capture/an/apparition,1,True
http://www.sfglobe.com.au/footage/from/after/a/deadly/car/accident/appears/to/capture/an/apparition,1,True
http://www.sfglobe.ch/footage/from/after/a/deadly/car/accident/appears/to/capture/an/apparition,1,True
http://www.sfglobe.xyz/footage/from/after/a/deadly/car/accident/appears/to/capture/an/apparition,1,True
http://www.sfglobe.org.uk/footage/from/after/a/deadly/car/accident/appears/to/capture/an/apparition,1,True
http://www.sfglobe.ca/footage/from/after/a/deadly/car/accident/appears/to/capture/an/apparition,1,True
http://www.sfglobe.asia/footage/from/after/a/deadly/car/accident/appears/to/capture/an/apparition,1,True
http://www.sfglobe.org.nz/footage/from/after/a/deadly/car/accident/appears/to/capture/an/apparition,1,True
http://www.sfglobe.sg/footage/from/after/a/deadly/car/accident/appears/to/capture/an/apparition,1,True
http://www.sfglobe.ph/footage/from/after/a/deadly/car/accident/appears/to/capture/an/apparition,1,True
http://www.sfglobe.com.cn/footage/from/after/a/deadly/car/accident/appears/to/capture/an/apparition,1,True
http://www.sfglobe.biz/footage/from/after/a/deadly/car/accident/appears/to/capture/an/apparition,1,True
http://www.sfglobe.tk/footage/from/after/a/deadly/car/accident/appears/to/capture/an/apparition,1,True
http://www.sfglobe.online/footage/from/after/a/deadly/car/accident/appears/to/capture/an/apparition,1,True
http://www.sfglobe.am/footage/from/after/a/deadly/car/accident/appears/to/capture/an/apparition,1,True
http://www.sfglobe.live/footage/from/after/a/deadly/car/accident/appears/to/capture/an/apparition,1,True
http://www.sfglobe.life/footage/from/after/a/deadly/car/accident/appears/to/capture/an/apparition,1,True
http://www.sfglobe.link/footage/from/after/a/deadly/car/accident/appears/to/capture/an/apparition,1,True
http://www.sfglobe.center/footage/from/after/a/deadly/car/accident/appears/to/capture/an/apparition,1,True
http://www.sfglobe.store/footage/from/after/a/deadly/car/accident/appears/to/capture/an/apparition,1,True
http://www.sfglobe.gg/footage/from/after/a/deadly/car/accident/appears/to/capture/an/apparition,1,True
http://www.sfglobe.bz/footage/from/after/a/deadly/car/accident/appears/to/capture/an/apparition,1,True
http://www.sfglobe.ai/footage/from/after/a/deadly/car/accident/appears/to/capture/an/apparition,1,True
http://www.sfglobe.website/footage/from/after/a/deadly/car/accident/appears/to/capture/an/apparition,1,True
http://www.sfglobe.site/footage/from/after/a/deadly/car/accident/appears/to/capture/an/apparition,1,True
http://www.sfglobe.navy/footage/from/after/a/deadly/car/accident/appears/to/capture/an/apparition,1,True
http://www.sfglobe.tech/footage/from/after/a/deadly/car/accident/appears/to/capture/an/apparition,1,True
http://www.sfglobe.app/footage/from/after/a/deadly/car/accident/appears/to/capture/an/apparition,1,True
http://www.sfglobe.services/footage/from/after/a/deadly/car/accident/appears/to/capture/an/apparition,1,True
http://www.sfglobe.market/footage/from/after/a/deadly/car/accident/appears/to/capture/an/apparition,1,True
http://www.sfglobe.art/footage/from/after/a/deadly/car/accident/appears/to/capture/an/apparition,1,True
http://www.sfglobe.team/footage/from/after/a/deadly/car/accident/appears/to/capture/an/apparition,1,True
http://www.sfglobe.ink/footage/from/after/a/deadly/car/accident/appears/to/capture/an/apparition,1,True
http://www.sfglobe.casa/footage/from/after/a/deadly/car/accident/appears/to/capture/an/apparition,1,True
http://www.sfglobe.tips/footage/from/after/a/deadly/car/accident/appears/to/capture/an/apparition,1,True
http://www.sfglobe.ms/footage/from/after/a/deadly/car/accident/appears/to/capture/an/apparition,1,True
http://www.sfglobe.social/footage/from/after/a/deadly/car/accident/appears/to/capture/an/apparition,1,True
http://www.sfglobe.fit/footage/from/after/a/deadly/car/accident/appears/to/capture/an/apparition,1,True
http://www.sfglobe.click/footage/from/after/a/deadly/car/accident/appears/to/capture/an/apparition,1,True
http://www.katproxy.university/malwarebytes/anti/malware/premium/final/keys/atom/t.html,1,True
http://www.katproxy.net.au/malwarebytes/anti/malware/premium/final/keys/atom/t.html,1,True
http://www.katproxy.ws/malwarebytes/anti/malware/premium/final/keys/atom/t.html,0,False
http://www.katproxy.co.nz/malwarebytes/anti/malware/premium/final/keys/atom/t.html,0,False
http://www.katproxy.com.ve/malwarebytes/anti/malware/premium/final/keys/atom/t.html,1,True
http://www.katproxy.net.pl/malwarebytes/anti/malware/premium/final/keys/atom/t.html,1,True
http://www.katproxy.org.in/malwarebytes/anti/malware/premium/final/keys/atom/t.html,1,True
http://www.katproxy.org.au/malwarebytes/anti/malware/premium/final/keys/atom/t.html,0,False
http://www.katproxy.com.pe/malwarebytes/anti/malware/premium/final/keys/atom/t.html,1,True
http://www.katproxy.cool/malwarebytes/anti/malware/premium/final/keys/atom/t.html,1,True
http://www.katproxy.org.ph/malwarebytes/anti/malware/premium/final/keys/atom/t.html,0,False
http://www.katproxy.gs/malwarebytes/anti/malware/premium/final/keys/atom/t.html,1,True
http://www.katproxy.me.uk/malwarebytes/anti/malware/premium/final/keys/atom/t.html,0,False
http://www.katproxy.house/malwarebytes/anti/malware/premium/final/keys/atom/t.html,1,True
http://www.katproxy.studio/malwarebytes/anti/malware/premium/final/keys/atom/t.html,1,True
http://www.katproxy.rocks/malwarebytes/anti/malware/premium/final/keys/atom/t.html,0,False
http://www.katproxy.support/malwarebytes/anti/malware/premium/final/keys/atom/t.html,1,True
http://www.katproxy.company/malwarebytes/anti/malware/premium/final/keys/atom/t.html,1,True
http://www.katproxy.fun/malwarebytes/anti/malware/premium/final/keys/atom/t.html,1,True
http://www.katproxy.work/malwarebytes/anti/malware/premium/final/keys/atom/t.html,1,True
http://www.katproxy.expert/malwarebytes/anti/malware/premium/final/keys/atom/t.html,1,True
http://www.katproxy.tw/malwarebytes/anti/malware/premium/final/keys/atom/t.html,1,True
http://www.katproxy.hosting/malwarebytes/anti/malware/premium/final/keys/atom/t.html,1,True
http://www.katproxy.org.pe/malwarebytes/anti/malware/premium/final/keys/atom/t.html,0,False
http://www.katproxy.cloud/malwarebytes/anti/malware/premium/final/keys/atom/t.html,1,True
http://www.katproxy.com.es/malwarebytes/anti/malware/premium/final/keys/atom/t.html,1,True
http://www.katproxy.clinic/malwarebytes/anti/malware/premium/final/keys/atom/t.html,0,False
http://www.katproxy.business/malwarebytes/anti/malware/premium/final/keys/atom/t.html,1,True
http://www.katproxy.cash/malwarebytes/anti/malware/premium/final/keys/atom/t.html,1,True
http://www.katproxy.army/malwarebytes/anti/malware/premium/final/keys/atom/t.html,1,True
http://www.katproxy.news/malwarebytes/anti/malware/premium/final/keys/atom/t.html,0,False
http://www.katproxy.network/malwarebytes/anti/malware/premium/final/keys/atom/t.html,1,True
http://www.katproxy.trade/malwarebytes/anti/malware/premium/final/keys/atom/t.html,1,True
http://www.katproxy.best/malwarebytes/anti/malware/premium/final/keys/atom/t.html,1,True
http://www.katproxy.gold/malwarebytes/anti/malware/premium/final/keys/atom/t.html,0,False
http://tools.ietf.com.mx/html/rfc,0,False
http://tools.ietf.co.za/html/rfc,0,False
http://tools.ietf.com.au/html/rfc,0,False
http://tools.ietf.ch/html/rfc,0,False
http://tools.ietf.xyz/html/rfc,1,True
http://tools.ietf.host/html/rfc,0,False
http://tools.ietf.info.pl/html/rfc,0,False
http://tools.ietf.space/html/rfc,0,False
http://tools.ietf.la/html/rfc,0,False
http://tools.ietf.org.cn/html/rfc,0,False
http://tools.ietf.online/html/rfc,0,False
http://tools.ietf.am/html/rfc,0,False
http://tools.ietf.live/html/rfc,0,False
http://tools.ietf.life/html/rfc,0,False
http://tools.ietf.center/html/rfc,0,False
http://tools.ietf.store/html/rfc,0,False
http://tools.ietf.gg/html/rfc,0,False
http://tools.ietf.bz/html/rfc,0,False
http://tools.ietf.ai/html/rfc,0,False
http://tools.ietf.today/html/rfc,0,False
http://tools.ietf.website/html/rfc,0,False
http://tools.ietf.love/html/rfc,0,False
http://tools.ietf.fit/html/rfc,0,False
http://www.avira.org.nz/en/prime,0,False
http://www.avira.ph/en/prime,0,False
http://www.avira.com.ph/en/prime,0,False
http://www.avira.university/en/prime,0,False
http://www.avira.navy/en/prime,0,False
http://www.avira.tech/en/prime,0,False
http://www.avira.services/en/prime,0,False
http://www.avira.market/en/prime,0,False
http://www.avira.team/en/prime,0,False
http://www.avira.ink/en/prime,0,False
http://www.avira.casa/en/prime,0,False
http://www.avira.social/en/prime,0,False
http://www.avira.group/en/prime,0,False
http://www.avira.world/en/prime,0,False
http://www.avira.zone/en/prime,0,False
http://www.avira.guide/en/prime,0,False
http://www.avira.info.ve/en/prime,0,False
http://www.avira.legal/en/prime,0,False
http://www.avira.me.uk/en/prime,0,False
http://www.avira.house/en/prime,0,False
http://www.avira.studio/en/prime,0,False
http://www.avira.rocks/en/prime,0,False
http://www.avira.support/en/prime,0,False
http://www.avira.company/en/prime,0,False
http://www.avira.fun/en/prime,0,False
http://www.avira.click/en/prime,1,True
http://www.correios.com.mx/para/governo/governo/esta/dual/so/luco/es/em/marketing/mala/dire/t/a/especial,1,True
http://www.correios.co.za/para/governo/governo/esta/dual/so/luco/es/em/marketing/mala/dire/t/a/especial,1,True
http://www.correios.com.au/para/governo/governo/esta/dual/so/luco/es/em/marketing/mala/dire/t/a/especial,1,True
http://www.correios.ch/para/governo/governo/esta/dual/so/luco/es/em/marketing/mala/dire/t/a/especial,1,True
http://www.correios.org.uk/para/governo/governo/esta/dual/so/luco/es/em/marketing/mala/dire/t/a/especial,0,False
http://www.correios.ca/para/governo/governo/esta/dual/so/luco/es/em/marketing/mala/dire/t/a/especial,1,True
http://www.correios.asia/para/governo/governo/esta/dual/so/luco/es/em/marketing/mala/dire/t/a/especial,1,True
http://www.correios.org.nz/para/governo/governo/esta/dual/so/luco/es/em/marketing/mala/dire/t/a/especial,1,True
http://www.correios.sg/para/governo/governo/esta/dual/so/luco/es/em/marketing/mala/dire/t/a/especial,1,True
http://www.correios.ph/para/governo/governo/esta/dual/so/luco/es/em/marketing/mala/dire/t/a/especial,1,True
http://www.correios.tk/para/governo/governo/esta/dual/so/luco/es/em/marketing/mala/dire/t/a/especial,1,True
http://www.correios.co.in/para/governo/governo/esta/dual/so/luco/es/em/marketing/mala/dire/t/a/especial,1,True
http://www.correios.host/para/governo/governo/esta/dual/so/luco/es/em/marketing/mala/dire/t/a/especial,1,True
http://www.correios.info.pl/para/governo/governo/esta/dual/so/luco/es/em/marketing/mala/dire/t/a/especial,1,True
http://www.correios.space/para/governo/governo/esta/dual/so/luco/es/em/marketing/mala/dire/t/a/especial,0,False
http://www.correios.pro/para/governo/governo/esta/dual/so/luco/es/em/marketing/mala/dire/t/a/especial,1,True
http://www.correios.la/para/governo/governo/esta/dual/so/luco/es/em/marketing/mala/dire/t/a/especial,1,True
http://www.correios.net.in/para/governo/governo/esta/dual/so/luco/es/em/marketing/mala/dire/t/a/especial,1,True
http://www.correios.org.cn/para/governo/governo/esta/dual/so/luco/es/em/marketing/mala/dire/t/a/especial,1,True
http://www.correios.am/para/governo/governo/esta/dual/so/luco/es/em/marketing/mala/dire/t/a/especial,1,True
http://www.correios.life/para/governo/governo/esta/dual/so/luco/es/em/marketing/mala/dire/t/a/especial,0,False
http://www.correios.center/para/governo/governo/esta/dual/so/luco/es/em/marketing/mala/dire/t/a/especial,1,True
http://www.correios.store/para/governo/governo/esta/dual/so/luco/es/em/marketing/mala/dire/t/a/especial,1,True
http://www.correios.gg/para/governo/governo/esta/dual/so/luco/es/em/marketing/mala/dire/t/a/especial,1,True
http://www.correios.bz/para/governo/governo/esta/dual/so/luco/es/em/marketing/mala/dire/t/a/especial,1,True
http://www.correios.clinic/para/governo/governo/esta/dual/so/luco/es/em/marketing/mala/dire/t/a/especial,1,True
http://www.correios.business/para/governo/governo/esta/dual/so/luco/es/em/marketing/mala/dire/t/a/especial,1,True
http://www.correios.cash/para/governo/governo/esta/dual/so/luco/es/em/marketing/mala/dire/t/a/especial,1,True
http://www.correios.army/para/governo/governo/esta/dual/so/luco/es/em/marketing/mala/dire/t/a/especial,1,True
http://www.correios.news/para/governo/governo/esta/dual/so/luco/es/em/marketing/mala/dire/t/a/especial,0,False
http://www.correios.network/para/governo/governo/esta/dual/so/luco/es/em/marketing/mala/dire/t/a/especial,1,True
http://www.correios.trade/para/governo/governo/esta/dual/so/luco/es/em/marketing/mala/dire/t/a/especial,1,True
http://www.correios.best/para/governo/governo/esta/dual/so/luco/es/em/marketing/mala/dire/t/a/especial,1,True
http://www.correios.gold/para/governo/governo/esta/dual/so/luco/es/em/marketing/mala/dire/t/a/especial,1,True
http://www.correios.global/para/governo/governo/esta/dual/so/luco/es/em/marketing/mala/dire/t/a/especial,1,True
http://www.correios.ag/para/governo/governo/esta/dual/so/luco/es/em/marketing/mala/dire/t/a/especial,1,True
http://www.correios.agency/para/governo/governo/esta/dual/so/luco/es/em/marketing/mala/dire/t/a/especial,1,True
http://www.correios.ind.in/para/governo/governo/esta/dual/so/luco/es/em/marketing/mala/dire/t/a/especial,0,False
http://www.correios.farm/para/governo/governo/esta/dual/so/luco/es/em/marketing/mala/dire/t/a/especial,1,True
http://www.correios.love/para/governo/governo/esta/dual/so/luco/es/em/marketing/mala/dire/t/a/especial,1,True
http://www.correios.fit/para/governo/governo/esta/dual/so/luco/es/em/marketing/mala/dire/t/a/especial,1,True
https://www.zedo.com.mx/get/started/with/ze/do,1,True
https://www.zedo.com.au/get/started/with/ze/do,1,True
https://www.zedo.org.uk/get/started/with/ze/do,1,True
https://www.zedo.asia/get/started/with/ze/do,1,True
https://www.zedo.org.nz/get/started/with/ze/do,1,True
https://www.zedo.sg/get/started/with/ze/do,1,True
https://www.zedo.pro/get/started/with/ze/do,1,True
https://www.zedo.la/get/started/with/ze/do,1,True
https://www.zedo.net.in/get/started/with/ze/do,1,True
https://www.zedo.org.cn/get/started/with/ze/do,1,True
https://www.zedo.online/get/started/with/ze/do,1,True
https://www.zedo.am/get/started/with/ze/do,1,True
https://www.zedo.live/get/started/with/ze/do,1,True
https://www.zedo.life/get/started/with/ze/do,1,True
https://www.zedo.link/get/started/with/ze/do,1,True
https://www.zedo.center/get/started/with/ze/do,1,True
https://www.zedo.store/get/started/with/ze/do,1,True
https://www.zedo.gg/get/started/with/ze/do,1,True
https://www.zedo.bz/get/started/with/ze/do,1,True
https://www.zedo.ai/get/started/with/ze/do,1,True
https://www.zedo.today/get/started/with/ze/do,1,True
https://www.zedo.website/get/started/with/ze/do,1,True
https://www.zedo.site/get/started/with/ze/do,1,True
https://www.zedo.navy/get/started/with/ze/do,1,True
https://www.zedo.tech/get/started/with/ze/do,1,True
https://www.zedo.love/get/started/with/ze/do,1,True
https://www.zedo.fit/get/started/with/ze/do,1,True
https://www.zedo.click/get/started/with/ze/do,1,True
http://www.nysscpa.co/about/space/rental,1,True
http://www.nysscpa.co.nz/about/space/rental,1,True
http://www.nysscpa.com.ve/about/space/rental,1,True
http://www.nysscpa.net.pl/about/space/rental,1,True
http://www.nysscpa.org.in/about/space/rental,1,True
http://www.nysscpa.org.au/about/space/rental,1,True
http://www.nysscpa.com.pe/about/space/rental,1,True
http://www.nysscpa.cool/about/space/rental,1,True
http://www.nysscpa.org.ph/about/space/rental,1,True
http://www.nysscpa.gs/about/space/rental,1,True
http://www.nysscpa.house/about/space/rental,1,True
http://www.nysscpa.studio/about/space/rental,1,True
http://www.nysscpa.rocks/about/space/rental,1,True
http://www.nysscpa.support/about/space/rental,1,True
http://www.nysscpa.company/about/space/rental,1,True
http://www.nysscpa.fun/about/space/rental,1,True
http://www.nysscpa.work/about/space/rental,1,True
http://www.nysscpa.expert/about/space/rental,1,True
http://www.nysscpa.tw/about/space/rental,1,True
http://www.nysscpa.hosting/about/space/rental,1,True
http://www.nysscpa.org.pe/about/space/rental,1,True
http://www.nysscpa.cloud/about/space/rental,1,True
http://www.nysscpa.com.es/about/space/rental,1,True
http://www.nysscpa.clinic/about/space/rental,1,True
http://www.nysscpa.business/about/space/rental,1,True
http://www.nysscpa.cash/about/space/rental,1,True
http://www.nysscpa.army/about/space/rental,1,True
http://www.nysscpa.news/about/space/rental,1,True
http://www.nysscpa.network/about/space/rental,0,False
http://www.nysscpa.trade/about/space/rental,1,True
http://www.nysscpa.best/about/space/rental,1,True
http://www.nysscpa.gold/about/space/rental,1,True
http://www.nysscpa.global/about/space/rental,1,True
http://www.geocities.co.za/beatles/site,0,False
http://www.geocities.org.nz/beatles/site,0,False
http://www.geocities.live/beatles/site,0,False
http://www.geocities.life/beatles/site,0,False
http://www.geocities.center/beatles/site,0,False
http://www.geocities.store/beatles/site,0,False
http://www.geocities.gg/beatles/site,0,False
http://www.geocities.bz/beatles/site,0,False
http://www.geocities.ai/beatles/site,0,False
http://www.geocities.today/beatles/site,0,False
http://www.geocities.navy/beatles/site,0,False
http://www.geocities.tech/beatles/site,0,False
http://www.geocities.services/beatles/site,0,False
http://www.geocities.market/beatles/site,0,False
http://www.geocities.art/beatles/site,0,False
http://www.geocities.team/beatles/site,0,False
http://www.geocities.ink/beatles/site,0,False
http://www.geocities.casa/beatles/site,0,False
http://www.geocities.fit/beatles/site,0,False
http://www.geocities.click/beatles/site,0,False
http://www.qz.com.pl/the/modern/history/of/the/mobile/industry/in/one/devastating/chart,1,True
http://www.qz.club/the/modern/history/of/the/mobile/industry/in/one/devastating/chart,0,False
http://www.qz.university/the/modern/history/of/the/mobile/industry/in/one/devastating/chart,1,True
http://www.qz.services/the/modern/history/of/the/mobile/industry/in/one/devastating/chart,0,False
http://www.qz.market/the/modern/history/of/the/mobile/industry/in/one/devastating/chart,1,True
http://www.qz.casa/the/modern/history/of/the/mobile/industry/in/one/devastating/chart,0,False
http://www.qz.tips/the/modern/history/of/the/mobile/industry/in/one/devastating/chart,1,True
http://www.qz.social/the/modern/history/of/the/mobile/industry/in/one/devastating/chart,1,True
http://www.qz.zone/the/modern/history/of/the/mobile/industry/in/one/devastating/chart,0,False
http://www.qz.guide/the/modern/history/of/the/mobile/industry/in/one/devastating/chart,0,False
http://www.qz.info.ve/the/modern/history/of/the/mobile/industry/in/one/devastating/chart,1,True
http://www.qz.email/the/modern/history/of/the/mobile/industry/in/one/devastating/chart,1,True
http://www.qz.legal/the/modern/history/of/the/mobile/industry/in/one/devastating/chart,0,False
http://www.qz.house/the/modern/history/of/the/mobile/industry/in/one/devastating/chart,0,False
http://www.qz.studio/the/modern/history/of/the/mobile/industry/in/one/devastating/chart,0,False
http://www.qz.rocks/the/modern/history/of/the/mobile/industry/in/one/devastating/chart,0,False
http://www.qz.support/the/modern/history/of/the/mobile/industry/in/one/devastating/chart,1,True
http://www.qz.company/the/modern/history/of/the/mobile/industry/in/one/devastating/chart,0,False
http://www.qz.work/the/modern/history/of/the/mobile/industry/in/one/devastating/chart,1,True
http://www.qz.expert/the/modern/history/of/the/mobile/industry/in/one/devastating/chart,1,True
http://www.bankofamerica.com.au/privacy/overview.go?requestlocaleenus,1,True
http://www.bankofamerica.sg/privacy/overview.go?requestlocaleenus,1,True
http://www.bankofamerica.casa/privacy/overview.go?requestlocaleenus,1,True
http://www.bankofamerica.info.ve/privacy/overview.go?requestlocaleenus,1,True
http://www.mic.net.pl/articles/biggest/death/penalty/case/in/a/decade/was/just/argued/at/the/supreme/court,1,True
http://www.mic.org.ph/articles/biggest/death/penalty/case/in/a/decade/was/just/argued/at/the/supreme/court,0,False
http://www.mic.gs/articles/biggest/death/penalty/case/in/a/decade/was/just/argued/at/the/supreme/court,0,False
http://www.mic.host/articles/biggest/death/penalty/case/in/a/decade/was/just/argued/at/the/supreme/court,0,False
http://www.mic.info.pl/articles/biggest/death/penalty/case/in/a/decade/was/just/argued/at/the/supreme/court,1,True
http://www.mic.space/articles/biggest/death/penalty/case/in/a/decade/was/just/argued/at/the/supreme/court,0,False
http://www.mic.online/articles/biggest/death/penalty/case/in/a/decade/was/just/argued/at/the/supreme/court,0,False
http://www.mic.store/articles/biggest/death/penalty/case/in/a/decade/was/just/argued/at/the/supreme/court,0,False
http://www.mic.website/articles/biggest/death/penalty/case/in/a/decade/was/just/argued/at/the/supreme/court,0,False
http://www.mic.site/articles/biggest/death/penalty/case/in/a/decade/was/just/argued/at/the/supreme/court,0,False
http://www.mic.navy/articles/biggest/death/penalty/case/in/a/decade/was/just/argued/at/the/supreme/court,0,False
http://www.mic.tech/articles/biggest/death/penalty/case/in/a/decade/was/just/argued/at/the/supreme/court,0,False
http://www.mic.clinic/articles/biggest/death/penalty/case/in/a/decade/was/just/argued/at/the/supreme/court,0,False
http://www.mic.cash/articles/biggest/death/penalty/case/in/a/decade/was/just/argued/at/the/supreme/court,0,False
http://www.mic.army/articles/biggest/death/penalty/case/in/a/decade/was/just/argued/at/the/supreme/court,0,False
http://www.mic.news/articles/biggest/death/penalty/case/in/a/decade/was/just/argued/at/the/supreme/court,0,False
http://www.mic.trade/articles/biggest/death/penalty/case/in/a/decade/was/just/argued/at/the/supreme/court,0,False
http://www.mic.gold/articles/biggest/death/penalty/case/in/a/decade/was/just/argued/at/the/supreme/court,0,False
http://www.mic.global/articles/biggest/death/penalty/case/in/a/decade/was/just/argued/at/the/supreme/court,1,True
http://www.mic.ag/articles/biggest/death/penalty/case/in/a/decade/was/just/argued/at/the/supreme/court,0,False
http://www.mic.ind.in/articles/biggest/death/penalty/case/in/a/decade/was/just/argued/at/the/supreme/court,0,False
http://www.mic.farm/articles/biggest/death/penalty/case/in/a/decade/was/just/argued/at/the/supreme/court,0,False
http://www.mic.fit/articles/biggest/death/penalty/case/in/a/decade/was/just/argued/at/the/supreme/court,0,False
http://www.udn.com.ph/news/story/e/c/e/b/b/e/b/e/bc/f/e/e/c/a/e/a/b/e/d/e/ad/e/a/b/e/a/e/b/e/b/ef/bc/f,0,False
http://www.udn.com.pl/news/story/e/c/e/b/b/e/b/e/bc/f/e/e/c/a/e/a/b/e/d/e/ad/e/a/b/e/a/e/b/e/b/ef/bc/f,1,True
http://www.udn.club/news/story/e/c/e/b/b/e/b/e/bc/f/e/e/c/a/e/a/b/e/d/e/ad/e/a/b/e/a/e/b/e/b/ef/bc/f,0,False
http://www.udn.com.co/news/story/e/c/e/b/b/e/b/e/bc/f/e/e/c/a/e/a/b/e/d/e/ad/e/a/b/e/a/e/b/e/b/ef/bc/f,0,False
http://www.udn.university/news/story/e/c/e/b/b/e/b/e/bc/f/e/e/c/a/e/a/b/e/d/e/ad/e/a/b/e/a/e/b/e/b/ef/bc/f,0,False
http://www.udn.net.au/news/story/e/c/e/b/b/e/b/e/bc/f/e/e/c/a/e/a/b/e/d/e/ad/e/a/b/e/a/e/b/e/b/ef/bc/f,0,False
http://www.udn.com.ve/news/story/e/c/e/b/b/e/b/e/bc/f/e/e/c/a/e/a/b/e/d/e/ad/e/a/b/e/a/e/b/e/b/ef/bc/f,1,True
http://www.udn.net.pl/news/story/e/c/e/b/b/e/b/e/bc/f/e/e/c/a/e/a/b/e/d/e/ad/e/a/b/e/a/e/b/e/b/ef/bc/f,1,True
http://www.udn.org.in/news/story/e/c/e/b/b/e/b/e/bc/f/e/e/c/a/e/a/b/e/d/e/ad/e/a/b/e/a/e/b/e/b/ef/bc/f,1,True
http://www.udn.org.au/news/story/e/c/e/b/b/e/b/e/bc/f/e/e/c/a/e/a/b/e/d/e/ad/e/a/b/e/a/e/b/e/b/ef/bc/f,0,False
http://www.udn.world/news/story/e/c/e/b/b/e/b/e/bc/f/e/e/c/a/e/a/b/e/d/e/ad/e/a/b/e/a/e/b/e/b/ef/bc/f,0,False
http://www.udn.zone/news/story/e/c/e/b/b/e/b/e/bc/f/e/e/c/a/e/a/b/e/d/e/ad/e/a/b/e/a/e/b/e/b/ef/bc/f,0,False
http://www.udn.guide/news/story/e/c/e/b/b/e/b/e/bc/f/e/e/c/a/e/a/b/e/d/e/ad/e/a/b/e/a/e/b/e/b/ef/bc/f,0,False
http://www.udn.info.ve/news/story/e/c/e/b/b/e/b/e/bc/f/e/e/c/a/e/a/b/e/d/e/ad/e/a/b/e/a/e/b/e/b/ef/bc/f,0,False
http://www.udn.email/news/story/e/c/e/b/b/e/b/e/bc/f/e/e/c/a/e/a/b/e/d/e/ad/e/a/b/e/a/e/b/e/b/ef/bc/f,0,False
http://www.udn.ltd/news/story/e/c/e/b/b/e/b/e/bc/f/e/e/c/a/e/a/b/e/d/e/ad/e/a/b/e/a/e/b/e/b/ef/bc/f,0,False
http://www.udn.legal/news/story/e/c/e/b/b/e/b/e/bc/f/e/e/c/a/e/a/b/e/d/e/ad/e/a/b/e/a/e/b/e/b/ef/bc/f,1,True
http://www.udn.me.uk/news/story/e/c/e/b/b/e/b/e/bc/f/e/e/c/a/e/a/b/e/d/e/ad/e/a/b/e/a/e/b/e/b/ef/bc/f,0,False
http://www.udn.house/news/story/e/c/e/b/b/e/b/e/bc/f/e/e/c/a/e/a/b/e/d/e/ad/e/a/b/e/a/e/b/e/b/ef/bc/f,0,False
http://www.udn.studio/news/story/e/c/e/b/b/e/b/e/bc/f/e/e/c/a/e/a/b/e/d/e/ad/e/a/b/e/a/e/b/e/b/ef/bc/f,0,False
http://www.udn.rocks/news/story/e/c/e/b/b/e/b/e/bc/f/e/e/c/a/e/a/b/e/d/e/ad/e/a/b/e/a/e/b/e/b/ef/bc/f,0,False
http://www.udn.support/news/story/e/c/e/b/b/e/b/e/bc/f/e/e/c/a/e/a/b/e/d/e/ad/e/a/b/e/a/e/b/e/b/ef/bc/f,0,False
http://www.udn.company/news/story/e/c/e/b/b/e/b/e/bc/f/e/e/c/a/e/a/b/e/d/e/ad/e/a/b/e/a/e/b/e/b/ef/bc/f,0,False
http://www.udn.fun/news/story/e/c/e/b/b/e/b/e/bc/f/e/e/c/a/e/a/b/e/d/e/ad/e/a/b/e/a/e/b/e/b/ef/bc/f,0,False
http://www.udn.work/news/story/e/c/e/b/b/e/b/e/bc/f/e/e/c/a/e/a/b/e/d/e/ad/e/a/b/e/a/e/b/e/b/ef/bc/f,0,False
http://www.udn.expert/news/story/e/c/e/b/b/e/b/e/bc/f/e/e/c/a/e/a/b/e/d/e/ad/e/a/b/e/a/e/b/e/b/ef/bc/f,0,False
http://www.udn.hosting/news/story/e/c/e/b/b/e/b/e/bc/f/e/e/c/a/e/a/b/e/d/e/ad/e/a/b/e/a/e/b/e/b/ef/bc/f,0,False
http://www.udn.org.pe/news/story/e/c/e/b/b/e/b/e/bc/f/e/e/c/a/e/a/b/e/d/e/ad/e/a/b/e/a/e/b/e/b/ef/bc/f,0,False
http://www.udn.com.es/news/story/e/c/e/b/b/e/b/e/bc/f/e/e/c/a/e/a/b/e/d/e/ad/e/a/b/e/a/e/b/e/b/ef/bc/f,0,False
http://www.darksky.com.mx/details/us/en,1,True
http://www.darksky.co.za/details/us/en,0,False
http://www.darksky.host/details/us/en,0,False
http://www.darksky.info.pl/details/us/en,1,True
http://www.darksky.mobi/details/us/en,0,False
http://www.darksky.la/details/us/en,0,False
http://www.darksky.net.in/details/us/en,0,False
http://www.darksky.org.cn/details/us/en,0,False
http://www.darksky.am/details/us/en,0,False
http://www.darksky.link/details/us/en,0,False
http://www.darksky.center/details/us/en,1,True
http://www.darksky.store/details/us/en,0,False
http://www.darksky.gg/details/us/en,0,False
http://www.darksky.bz/details/us/en,0,False
http://www.darksky.ai/details/us/en,0,False
http://www.darksky.today/details/us/en,1,True
http://www.darksky.website/details/us/en,0,False
http://www.darksky.ind.in/details/us/en,0,False
http://www.darksky.farm/details/us/en,0,False
http://www.darksky.love/details/us/en,0,False
http://www.darksky.fit/details/us/en,0,False
http://www.darksky.click/details/us/en,1,True
http://www.depositphotos.co.nz/login.html?urlffstockillustrationvectorabstractdpaperinfographicshtml,1,True
http://www.depositphotos.com.ve/login.html?urlffstockillustrationvectorabstractdpaperinfographicshtml,1,True
http://www.depositphotos.net.pl/login.html?urlffstockillustrationvectorabstractdpaperinfographicshtml,1,True
http://www.depositphotos.org.in/login.html?urlffstockillustrationvectorabstractdpaperinfographicshtml,0,False
http://www.depositphotos.org.au/login.html?urlffstockillustrationvectorabstractdpaperinfographicshtml,1,True
http://www.depositphotos.com.pe/login.html?urlffstockillustrationvectorabstractdpaperinfographicshtml,1,True
http://www.depositphotos.cool/login.html?urlffstockillustrationvectorabstractdpaperinfographicshtml,1,True
http://www.depositphotos.org.ph/login.html?urlffstockillustrationvectorabstractdpaperinfographicshtml,1,True
http://www.depositphotos.gs/login.html?urlffstockillustrationvectorabstractdpaperinfographicshtml,0,False
http://www.depositphotos.co.in/login.html?urlffstockillustrationvectorabstractdpaperinfographicshtml,0,False
http://www.depositphotos.fun/login.html?urlffstockillustrationvectorabstractdpaperinfographicshtml,0,False
http://www.depositphotos.work/login.html?urlffstockillustrationvectorabstractdpaperinfographicshtml,1,True
http://www.depositphotos.expert/login.html?urlffstockillustrationvectorabstractdpaperinfographicshtml,1,True
http://www.depositphotos.tw/login.html?urlffstockillustrationvectorabstractdpaperinfographicshtml,0,False
http://www.depositphotos.hosting/login.html?urlffstockillustrationvectorabstractdpaperinfographicshtml,0,False
http://www.depositphotos.org.pe/login.html?urlffstockillustrationvectorabstractdpaperinfographicshtml,1,True
http://www.depositphotos.com.es/login.html?urlffstockillustrationvectorabstractdpaperinfographicshtml,1,True
http://www.depositphotos.clinic/login.html?urlffstockillustrationvectorabstractdpaperinfographicshtml,0,False
http://www.depositphotos.business/login.html?urlffstockillustrationvectorabstractdpaperinfographicshtml,1,True
http://www.depositphotos.cash/login.html?urlffstockillustrationvectorabstractdpaperinfographicshtml,0,False
http://www.depositphotos.army/login.html?urlffstockillustrationvectorabstractdpaperinfographicshtml,0,False
http://www.depositphotos.news/login.html?urlffstockillustrationvectorabstractdpaperinfographicshtml,0,False
http://www.depositphotos.network/login.html?urlffstockillustrationvectorabstractdpaperinfographicshtml,1,True
http://www.depositphotos.trade/login.html?urlffstockillustrationvectorabstractdpaperinfographicshtml,0,False
http://www.depositphotos.best/login.html?urlffstockillustrationvectorabstractdpaperinfographicshtml,0,False
http://www.depositphotos.gold/login.html?urlffstockillustrationvectorabstractdpaperinfographicshtml,0,False
http://www.depositphotos.global/login.html?urlffstockillustrationvectorabstractdpaperinfographicshtml,1,True
http://www.depositphotos.ag/login.html?urlffstockillustrationvectorabstractdpaperinfographicshtml,1,True
http://www.depositphotos.agency/login.html?urlffstockillustrationvectorabstractdpaperinfographicshtml,0,False
http://www.depositphotos.ind.in/login.html?urlffstockillustrationvectorabstractdpaperinfographicshtml,0,False
http://www.depositphotos.farm/login.html?urlffstockillustrationvectorabstractdpaperinfographicshtml,1,True
https://www.hubpages.co.za/sign/in?explainfollowhubsurlfhubfworldwariithebattleofbritain,1,True
https://www.hubpages.com.au/sign/in?explainfollowhubsurlfhubfworldwariithebattleofbritain,1,True
https://www.hubpages.ch/sign/in?explainfollowhubsurlfhubfworldwariithebattleofbritain,1,True
https://www.hubpages.xyz/sign/in?explainfollowhubsurlfhubfworldwariithebattleofbritain,1,True
https://www.hubpages.org.uk/sign/in?explainfollowhubsurlfhubfworldwariithebattleofbritain,1,True
https://www.hubpages.ca/sign/in?explainfollowhubsurlfhubfworldwariithebattleofbritain,1,True
https://www.hubpages.org.nz/sign/in?explainfollowhubsurlfhubfworldwariithebattleofbritain,1,True
https://www.hubpages.sg/sign/in?explainfollowhubsurlfhubfworldwariithebattleofbritain,1,True
https://www.hubpages.ph/sign/in?explainfollowhubsurlfhubfworldwariithebattleofbritain,1,True
https://www.hubpages.us/sign/in?explainfollowhubsurlfhubfworldwariithebattleofbritain,1,True
https://www.hubpages.net.cn/sign/in?explainfollowhubsurlfhubfworldwariithebattleofbritain,1,True
https://www.hubpages.es/sign/in?explainfollowhubsurlfhubfworldwariithebattleofbritain,1,True
https://www.hubpages.at/sign/in?explainfollowhubsurlfhubfworldwariithebattleofbritain,1,True
https://www.hubpages.help/sign/in?explainfollowhubsurlfhubfworldwariithebattleofbritain,1,True
https://www.hubpages.com.ph/sign/in?explainfollowhubsurlfhubfworldwariithebattleofbritain,1,True
https://www.hubpages.com.pl/sign/in?explainfollowhubsurlfhubfworldwariithebattleofbritain,1,True
https://www.hubpages.am/sign/in?explainfollowhubsurlfhubfworldwariithebattleofbritain,1,True
https://www.hubpages.live/sign/in?explainfollowhubsurlfhubfworldwariithebattleofbritain,1,True
https://www.hubpages.life/sign/in?explainfollowhubsurlfhubfworldwariithebattleofbritain,1,True
https://www.hubpages.link/sign/in?explainfollowhubsurlfhubfworldwariithebattleofbritain,1,True
https://www.hubpages.center/sign/in?explainfollowhubsurlfhubfworldwariithebattleofbritain,1,True
https://www.hubpages.store/sign/in?explainfollowhubsurlfhubfworldwariithebattleofbritain,1,True
https://www.hubpages.gg/sign/in?explainfollowhubsurlfhubfworldwariithebattleofbritain,1,True
https://www.hubpages.bz/sign/in?explainfollowhubsurlfhubfworldwariithebattleofbritain,1,True
https://www.hubpages.ai/sign/in?explainfollowhubsurlfhubfworldwariithebattleofbritain,1,True
https://www.hubpages.today/sign/in?explainfollowhubsurlfhubfworldwariithebattleofbritain,1,True
https://www.hubpages.website/sign/in?explainfollowhubsurlfhubfworldwariithebattleofbritain,1,True
https://www.hubpages.site/sign/in?explainfollowhubsurlfhubfworldwariithebattleofbritain,1,True
https://www.hubpages.navy/sign/in?explainfollowhubsurlfhubfworldwariithebattleofbritain,1,True
https://www.hubpages.tech/sign/in?explainfollowhubsurlfhubfworldwariithebattleofbritain,1,True
https://www.hubpages.app/sign/in?explainfollowhubsurlfhubfworldwariithebattleofbritain,1,True
https://www.hubpages.services/sign/in?explainfollowhubsurlfhubfworldwariithebattleofbritain,1,True
https://www.hubpages.market/sign/in?explainfollowhubsurlfhubfworldwariithebattleofbritain,1,True
https://www.hubpages.art/sign/in?explainfollowhubsurlfhubfworldwariithebattleofbritain,1,True
https://www.hubpages.team/sign/in?explainfollowhubsurlfhubfworldwariithebattleofbritain,1,True
https://www.hubpages.ink/sign/in?explainfollowhubsurlfhubfworldwariithebattleofbritain,1,True
https://www.hubpages.casa/sign/in?explainfollowhubsurlfhubfworldwariithebattleofbritain,1,True
https://www.hubpages.tips/sign/in?explainfollowhubsurlfhubfworldwariithebattleofbritain,1,True
https://www.hubpages.ms/sign/in?explainfollowhubsurlfhubfworldwariithebattleofbritain,1,True
https://www.hubpages.social/sign/in?explainfollowhubsurlfhubfworldwariithebattleofbritain,1,True
https://www.hubpages.group/sign/in?explainfollowhubsurlfhubfworldwariithebattleofbritain,1,True
https://www.hubpages.world/sign/in?explainfollowhubsurlfhubfworldwariithebattleofbritain,1,True
https://www.hubpages.zone/sign/in?explainfollowhubsurlfhubfworldwariithebattleofbritain,1,True
https://www.hubpages.guide/sign/in?explainfollowhubsurlfhubfworldwariithebattleofbritain,1,True
http://www.interpark.com.co/product/mall/display.do?methoddetailscshopnoscdispnoscprdnobmmidbmhotsaleprd,0,False
http://www.interpark.university/product/mall/display.do?methoddetailscshopnoscdispnoscprdnobmmidbmhotsaleprd,1,True
http://www.interpark.net.au/product/mall/display.do?methoddetailscshopnoscdispnoscprdnobmmidbmhotsaleprd,0,False
http://www.interpark.ws/product/mall/display.do?methoddetailscshopnoscdispnoscprdnobmmidbmhotsaleprd,0,False
http://www.interpark.co/product/mall/display.do?methoddetailscshopnoscdispnoscprdnobmmidbmhotsaleprd,0,False
http://www.interpark.com.ve/product/mall/display.do?methoddetailscshopnoscdispnoscprdnobmmidbmhotsaleprd,1,True
http://www.interpark.net.pl/product/mall/display.do?methoddetailscshopnoscdispnoscprdnobmmidbmhotsaleprd,1,True
http://www.interpark.org.in/product/mall/display.do?methoddetailscshopnoscdispnoscprdnobmmidbmhotsaleprd,0,False
http://www.interpark.org.au/product/mall/display.do?methoddetailscshopnoscdispnoscprdnobmmidbmhotsaleprd,0,False
http://www.interpark.com.pe/product/mall/display.do?methoddetailscshopnoscdispnoscprdnobmmidbmhotsaleprd,0,False
http://www.interpark.cool/product/mall/display.do?methoddetailscshopnoscdispnoscprdnobmmidbmhotsaleprd,0,False
http://www.interpark.org.ph/product/mall/display.do?methoddetailscshopnoscdispnoscprdnobmmidbmhotsaleprd,0,False
http://www.interpark.gs/product/mall/display.do?methoddetailscshopnoscdispnoscprdnobmmidbmhotsaleprd,0,False
http://www.interpark.me.uk/product/mall/display.do?methoddetailscshopnoscdispnoscprdnobmmidbmhotsaleprd,0,False
http://www.interpark.house/product/mall/display.do?methoddetailscshopnoscdispnoscprdnobmmidbmhotsaleprd,0,False
http://www.interpark.studio/product/mall/display.do?methoddetailscshopnoscdispnoscprdnobmmidbmhotsaleprd,0,False
http://www.interpark.rocks/product/mall/display.do?methoddetailscshopnoscdispnoscprdnobmmidbmhotsaleprd,0,False
http://www.interpark.support/product/mall/display.do?methoddetailscshopnoscdispnoscprdnobmmidbmhotsaleprd,1,True
http://www.interpark.company/product/mall/display.do?methoddetailscshopnoscdispnoscprdnobmmidbmhotsaleprd,1,True
http://www.interpark.fun/product/mall/display.do?methoddetailscshopnoscdispnoscprdnobmmidbmhotsaleprd,0,False
http://www.interpark.work/product/mall/display.do?methoddetailscshopnoscdispnoscprdnobmmidbmhotsaleprd,0,False
http://www.interpark.expert/product/mall/display.do?methoddetailscshopnoscdispnoscprdnobmmidbmhotsaleprd,1,True
http://www.interpark.tw/product/mall/display.do?methoddetailscshopnoscdispnoscprdnobmmidbmhotsaleprd,0,False
http://www.interpark.hosting/product/mall/display.do?methoddetailscshopnoscdispnoscprdnobmmidbmhotsaleprd,1,True
http://www.interpark.org.pe/product/mall/display.do?methoddetailscshopnoscdispnoscprdnobmmidbmhotsaleprd,0,False
http://www.interpark.cloud/product/mall/display.do?methoddetailscshopnoscdispnoscprdnobmmidbmhotsaleprd,1,True
http://www.interpark.com.es/product/mall/display.do?methoddetailscshopnoscdispnoscprdnobmmidbmhotsaleprd,0,False
http://www.interpark.clinic/product/mall/display.do?methoddetailscshopnoscdispnoscprdnobmmidbmhotsaleprd,0,False
http://www.interpark.business/product/mall/display.do?methoddetailscshopnoscdispnoscprdnobmmidbmhotsaleprd,0,False
http://www.interpark.cash/product/mall/display.do?methoddetailscshopnoscdispnoscprdnobmmidbmhotsaleprd,0,False
http://www.interpark.army/product/mall/display.do?methoddetailscshopnoscdispnoscprdnobmmidbmhotsaleprd,0,False
http://www.interpark.news/product/mall/display.do?methoddetailscshopnoscdispnoscprdnobmmidbmhotsaleprd,0,False
http://www.interpark.network/product/mall/display.do?methoddetailscshopnoscdispnoscprdnobmmidbmhotsaleprd,1,True
http://www.interpark.trade/product/mall/display.do?methoddetailscshopnoscdispnoscprdnobmmidbmhotsaleprd,0,False
http://www.interpark.best/product/mall/display.do?methoddetailscshopnoscdispnoscprdnobmmidbmhotsaleprd,0,False
http://www.interpark.gold/product/mall/display.do?methoddetailscshopnoscdispnoscprdnobmmidbmhotsaleprd,0,False
http://www.interpark.com.ph/display/corner/free/market.do?methoditemarealistareaecdbecbceabecadecbcareaecceabacareaecbaceabaebf,1,True
http://www.interpark.com.pl/display/corner/free/market.do?methoditemarealistareaecdbecbceabecadecbcareaecceabacareaecbaceabaebf,1,True
http://www.interpark.club/display/corner/free/market.do?methoditemarealistareaecdbecbceabecadecbcareaecceabacareaecbaceabaebf,1,True
http://www.interpark.com.co/display/corner/free/market.do?methoditemarealistareaecdbecbceabecadecbcareaecceabacareaecbaceabaebf,1,True
http://www.interpark.university/display/corner/free/market.do?methoditemarealistareaecdbecbceabecadecbcareaecceabacareaecbaceabaebf,1,True
http://www.interpark.net.au/display/corner/free/market.do?methoditemarealistareaecdbecbceabecadecbcareaecceabacareaecbaceabaebf,1,True
http://www.interpark.ws/display/corner/free/market.do?methoditemarealistareaecdbecbceabecadecbcareaecceabacareaecbaceabaebf,1,True
http://www.interpark.co/display/corner/free/market.do?methoditemarealistareaecdbecbceabecadecbcareaecceabacareaecbaceabaebf,1,True
http://www.interpark.com.ve/display/corner/free/market.do?methoditemarealistareaecdbecbceabecadecbcareaecceabacareaecbaceabaebf,1,True
http://www.interpark.net.pl/display/corner/free/market.do?methoditemarealistareaecdbecbceabecadecbcareaecceabacareaecbaceabaebf,1,True
http://www.interpark.org.in/display/corner/free/market.do?methoditemarealistareaecdbecbceabecadecbcareaecceabacareaecbaceabaebf,1,True
http://www.interpark.org.au/display/corner/free/market.do?methoditemarealistareaecdbecbceabecadecbcareaecceabacareaecbaceabaebf,0,False
http://www.interpark.com.pe/display/corner/free/market.do?methoditemarealistareaecdbecbceabecadecbcareaecceabacareaecbaceabaebf,1,True
http://www.interpark.cool/display/corner/free/market.do?methoditemarealistareaecdbecbceabecadecbcareaecceabacareaecbaceabaebf,1,True
http://www.interpark.org.ph/display/corner/free/market.do?methoditemarealistareaecdbecbceabecadecbcareaecceabacareaecbaceabaebf,1,True
http://www.interpark.gs/display/corner/free/market.do?methoditemarealistareaecdbecbceabecadecbcareaecceabacareaecbaceabaebf,1,True
http://www.interpark.me.uk/display/corner/free/market.do?methoditemarealistareaecdbecbceabecadecbcareaecceabacareaecbaceabaebf,0,False
http://www.interpark.house/display/corner/free/market.do?methoditemarealistareaecdbecbceabecadecbcareaecceabacareaecbaceabaebf,1,True
http://www.interpark.studio/display/corner/free/market.do?methoditemarealistareaecdbecbceabecadecbcareaecceabacareaecbaceabaebf,1,True
http://www.interpark.rocks/display/corner/free/market.do?methoditemarealistareaecdbecbceabecadecbcareaecceabacareaecbaceabaebf,1,True
http://www.interpark.support/display/corner/free/market.do?methoditemarealistareaecdbecbceabecadecbcareaecceabacareaecbaceabaebf,1,True
http://www.interpark.company/display/corner/free/market.do?methoditemarealistareaecdbecbceabecadecbcareaecceabacareaecbaceabaebf,1,True
http://www.interpark.fun/display/corner/free/market.do?methoditemarealistareaecdbecbceabecadecbcareaecceabacareaecbaceabaebf,1,True
http://www.interpark.work/display/corner/free/market.do?methoditemarealistareaecdbecbceabecadecbcareaecceabacareaecbaceabaebf,0,False
http://www.interpark.expert/display/corner/free/market.do?methoditemarealistareaecdbecbceabecadecbcareaecceabacareaecbaceabaebf,1,True
http://www.interpark.tw/display/corner/free/market.do?methoditemarealistareaecdbecbceabecadecbcareaecceabacareaecbaceabaebf,1,True
http://www.interpark.hosting/display/corner/free/market.do?methoditemarealistareaecdbecbceabecadecbcareaecceabacareaecbaceabaebf,1,True
http://www.interpark.org.pe/display/corner/free/market.do?methoditemarealistareaecdbecbceabecadecbcareaecceabacareaecbaceabaebf,1,True
http://www.interpark.cloud/display/corner/free/market.do?methoditemarealistareaecdbecbceabecadecbcareaecceabacareaecbaceabaebf,1,True
http://www.interpark.com.es/display/corner/free/market.do?methoditemarealistareaecdbecbceabecadecbcareaecceabacareaecbaceabaebf,1,True
http://www.interpark.clinic/display/corner/free/market.do?methoditemarealistareaecdbecbceabecadecbcareaecceabacareaecbaceabaebf,0,False
http://www.interpark.business/display/corner/free/market.do?methoditemarealistareaecdbecbceabecadecbcareaecceabacareaecbaceabaebf,1,True
http://www.interpark.cash/display/corner/free/market.do?methoditemarealistareaecdbecbceabecadecbcareaecceabacareaecbaceabaebf,1,True
http://www.interpark.army/display/corner/free/market.do?methoditemarealistareaecdbecbceabecadecbcareaecceabacareaecbaceabaebf,1,True
http://www.interpark.news/display/corner/free/market.do?methoditemarealistareaecdbecbceabecadecbcareaecceabacareaecbaceabaebf,0,False
http://www.interpark.network/display/corner/free/market.do?methoditemarealistareaecdbecbceabecadecbcareaecceabacareaecbaceabaebf,1,True
http://www.interpark.trade/display/corner/free/market.do?methoditemarealistareaecdbecbceabecadecbcareaecceabacareaecbaceabaebf,0,False
http://www.interpark.best/display/corner/free/market.do?methoditemarealistareaecdbecbceabecadecbcareaecceabacareaecbaceabaebf,1,True
http://www.interpark.gold/display/corner/free/market.do?methoditemarealistareaecdbecbceabecadecbcareaecceabacareaecbaceabaebf,1,True
http://www.interpark.global/display/corner/free/market.do?methoditemarealistareaecdbecbceabecadecbcareaecceabacareaecbaceabaebf,0,False
http://www.interpark.ag/display/corner/free/market.do?methoditemarealistareaecdbecbceabecadecbcareaecceabacareaecbaceabaebf,1,True
http://www.interpark.agency/display/corner/free/market.do?methoditemarealistareaecdbecbceabecadecbcareaecceabacareaecbaceabaebf,1,True
http://www.interpark.ind.in/display/corner/free/market.do?methoditemarealistareaecdbecbceabecadecbcareaecceabacareaecbaceabaebf,1,True
http://www.interpark.farm/display/corner/free/market.do?methoditemarealistareaecdbecbceabecadecbcareaecceabacareaecbaceabaebf,1,True
http://www.interpark.love/display/corner/free/market.do?methoditemarealistareaecdbecbceabecadecbcareaecceabacareaecbaceabaebf,1,True
http://www.interpark.fit/display/corner/free/market.do?methoditemarealistareaecdbecbceabecadecbcareaecceabacareaecbaceabaebf,1,True
http://www.interpark.click/display/corner/free/market.do?methoditemarealistareaecdbecbceabecadecbcareaecceabacareaecbaceabaebf,1,True
http://www.venturebeat.com.mx/the/witcher/wild/hunt/is/a/bleak/ly/human/play/at/the/heart/of/a/dark/fantasy/review/in/progress,1,True
http://www.venturebeat.nl/the/witcher/wild/hunt/is/a/bleak/ly/human/play/at/the/heart/of/a/dark/fantasy/review/in/progress,0,False
http://www.venturebeat.co.za/the/witcher/wild/hunt/is/a/bleak/ly/human/play/at/the/heart/of/a/dark/fantasy/review/in/progress,1,True
http://www.venturebeat.com.au/the/witcher/wild/hunt/is/a/bleak/ly/human/play/at/the/heart/of/a/dark/fantasy/review/in/progress,1,True
http://www.venturebeat.org.uk/the/witcher/wild/hunt/is/a/bleak/ly/human/play/at/the/heart/of/a/dark/fantasy/review/in/progress,0,False
http://www.venturebeat.asia/the/witcher/wild/hunt/is/a/bleak/ly/human/play/at/the/heart/of/a/dark/fantasy/review/in/progress,0,False
http://www.venturebeat.org.nz/the/witcher/wild/hunt/is/a/bleak/ly/human/play/at/the/heart/of/a/dark/fantasy/review/in/progress,0,False
http://www.venturebeat.sg/the/witcher/wild/hunt/is/a/bleak/ly/human/play/at/the/heart/of/a/dark/fantasy/review/in/progress,0,False
http://www.venturebeat.net.in/the/witcher/wild/hunt/is/a/bleak/ly/human/play/at/the/heart/of/a/dark/fantasy/review/in/progress,0,False
http://www.venturebeat.org.cn/the/witcher/wild/hunt/is/a/bleak/ly/human/play/at/the/heart/of/a/dark/fantasy/review/in/progress,1,True
http://www.venturebeat.online/the/witcher/wild/hunt/is/a/bleak/ly/human/play/at/the/heart/of/a/dark/fantasy/review/in/progress,1,True
http://www.venturebeat.am/the/witcher/wild/hunt/is/a/bleak/ly/human/play/at/the/heart/of/a/dark/fantasy/review/in/progress,0,False
http://www.venturebeat.live/the/witcher/wild/hunt/is/a/bleak/ly/human/play/at/the/heart/of/a/dark/fantasy/review/in/progress,0,False
http://www.venturebeat.life/the/witcher/wild/hunt/is/a/bleak/ly/human/play/at/the/heart/of/a/dark/fantasy/review/in/progress,0,False
http://www.venturebeat.link/the/witcher/wild/hunt/is/a/bleak/ly/human/play/at/the/heart/of/a/dark/fantasy/review/in/progress,0,False
http://www.venturebeat.center/the/witcher/wild/hunt/is/a/bleak/ly/human/play/at/the/heart/of/a/dark/fantasy/review/in/progress,1,True
http://www.venturebeat.store/the/witcher/wild/hunt/is/a/bleak/ly/human/play/at/the/heart/of/a/dark/fantasy/review/in/progress,1,True
http://www.venturebeat.gg/the/witcher/wild/hunt/is/a/bleak/ly/human/play/at/the/heart/of/a/dark/fantasy/review/in/progress,1,True
http://www.venturebeat.bz/the/witcher/wild/hunt/is/a/bleak/ly/human/play/at/the/heart/of/a/dark/fantasy/review/in/progress,1,True
http://www.venturebeat.ai/the/witcher/wild/hunt/is/a/bleak/ly/human/play/at/the/heart/of/a/dark/fantasy/review/in/progress,0,False
http://www.venturebeat.today/the/witcher/wild/hunt/is/a/bleak/ly/human/play/at/the/heart/of/a/dark/fantasy/review/in/progress,1,True
http://www.venturebeat.website/the/witcher/wild/hunt/is/a/bleak/ly/human/play/at/the/heart/of/a/dark/fantasy/review/in/progress,1,True
http://www.venturebeat.site/the/witcher/wild/hunt/is/a/bleak/ly/human/play/at/the/heart/of/a/dark/fantasy/review/in/progress,0,False
http://www.venturebeat.navy/the/witcher/wild/hunt/is/a/bleak/ly/human/play/at/the/heart/of/a/dark/fantasy/review/in/progress,0,False
http://www.venturebeat.services/the/witcher/wild/hunt/is/a/bleak/ly/human/play/at/the/heart/of/a/dark/fantasy/review/in/progress,1,True
http://www.venturebeat.market/the/witcher/wild/hunt/is/a/bleak/ly/human/play/at/the/heart/of/a/dark/fantasy/review/in/progress,1,True
http://www.venturebeat.art/the/witcher/wild/hunt/is/a/bleak/ly/human/play/at/the/heart/of/a/dark/fantasy/review/in/progress,1,True
http://www.venturebeat.team/the/witcher/wild/hunt/is/a/bleak/ly/human/play/at/the/heart/of/a/dark/fantasy/review/in/progress,0,False
http://www.venturebeat.fit/the/witcher/wild/hunt/is/a/bleak/ly/human/play/at/the/heart/of/a/dark/fantasy/review/in/progress,0,False
http://www.venturebeat.click/the/witcher/wild/hunt/is/a/bleak/ly/human/play/at/the/heart/of/a/dark/fantasy/review/in/progress,1,True
http://www.bdnews.com.mx/economy/ifc/proposes/issuance/of/taka/bonds/worth/billion/in/bangladesh,1,True
http://www.bdnews.nl/economy/ifc/proposes/issuance/of/taka/bonds/worth/billion/in/bangladesh,1,True
http://www.bdnews.co.za/economy/ifc/proposes/issuance/of/taka/bonds/worth/billion/in/bangladesh,1,True
http://www.bdnews.co.in/economy/ifc/proposes/issuance/of/taka/bonds/worth/billion/in/bangladesh,1,True
http://www.bdnews.host/economy/ifc/proposes/issuance/of/taka/bonds/worth/billion/in/bangladesh,1,True
http://www.bdnews.info.pl/economy/ifc/proposes/issuance/of/taka/bonds/worth/billion/in/bangladesh,1,True
http://www.bdnews.mobi/economy/ifc/proposes/issuance/of/taka/bonds/worth/billion/in/bangladesh,1,True
http://www.bdnews.la/economy/ifc/proposes/issuance/of/taka/bonds/worth/billion/in/bangladesh,1,True
http://www.bdnews.net.in/economy/ifc/proposes/issuance/of/taka/bonds/worth/billion/in/bangladesh,1,True
http://www.bdnews.org.cn/economy/ifc/proposes/issuance/of/taka/bonds/worth/billion/in/bangladesh,1,True
http://www.bdnews.am/economy/ifc/proposes/issuance/of/taka/bonds/worth/billion/in/bangladesh,1,True
http://www.bdnews.life/economy/ifc/proposes/issuance/of/taka/bonds/worth/billion/in/bangladesh,1,True
http://www.bdnews.link/economy/ifc/proposes/issuance/of/taka/bonds/worth/billion/in/bangladesh,1,True
http://www.bdnews.center/economy/ifc/proposes/issuance/of/taka/bonds/worth/billion/in/bangladesh,1,True
http://www.bdnews.store/economy/ifc/proposes/issuance/of/taka/bonds/worth/billion/in/bangladesh,1,True
http://www.bdnews.agency/economy/ifc/proposes/issuance/of/taka/bonds/worth/billion/in/bangladesh,1,True
http://www.bdnews.ind.in/economy/ifc/proposes/issuance/of/taka/bonds/worth/billion/in/bangladesh,1,True
http://www.bdnews.farm/economy/ifc/proposes/issuance/of/taka/bonds/worth/billion/in/bangladesh,1,True
http://www.bdnews.love/economy/ifc/proposes/issuance/of/taka/bonds/worth/billion/in/bangladesh,1,True
http://www.bdnews.fit/economy/ifc/proposes/issuance/of/taka/bonds/worth/billion/in/bangladesh,1,True
http://api.api.box.club/login/lang?langfrfr,1,True
http://api.api.box.university/login/lang?langfrfr,1,True
http://api.api.box.info.ve/login/lang?langfrfr,1,True
http://api.api.box.legal/login/lang?langfrfr,1,True
http://api.api.box.support/login/lang?langfrfr,1,True
http://api.api.box.fun/login/lang?langfrfr,1,True
http://api.api.box.org.pe/login/lang?langfrfr,1,True
http://www.thenextweb.ws/apps/pict/arine/a/powerful/web/app/to/organize/social/photos/gtm.start,1,True
http://www.thenextweb.co.nz/apps/pict/arine/a/powerful/web/app/to/organize/social/photos/gtm.start,1,True
http://www.thenextweb.com.ve/apps/pict/arine/a/powerful/web/app/to/organize/social/photos/gtm.start,1,True
http://www.thenextweb.net.pl/apps/pict/arine/a/powerful/web/app/to/organize/social/photos/gtm.start,1,True
http://www.thenextweb.org.in/apps/pict/arine/a/powerful/web/app/to/organize/social/photos/gtm.start,1,True
http://www.thenextweb.org.au/apps/pict/arine/a/powerful/web/app/to/organize/social/photos/gtm.start,1,True
http://www.thenextweb.com.pe/apps/pict/arine/a/powerful/web/app/to/organize/social/photos/gtm.start,1,True
http://www.thenextweb.cool/apps/pict/arine/a/powerful/web/app/to/organize/social/photos/gtm.start,1,True
http://www.thenextweb.org.ph/apps/pict/arine/a/powerful/web/app/to/organize/social/photos/gtm.start,1,True
http://www.thenextweb.gs/apps/pict/arine/a/powerful/web/app/to/organize/social/photos/gtm.start,1,True
http://www.thenextweb.studio/apps/pict/arine/a/powerful/web/app/to/organize/social/photos/gtm.start,1,True
http://www.thenextweb.rocks/apps/pict/arine/a/powerful/web/app/to/organize/social/photos/gtm.start,1,True
http://www.thenextweb.support/apps/pict/arine/a/powerful/web/app/to/organize/social/photos/gtm.start,1,True
http://www.thenextweb.company/apps/pict/arine/a/powerful/web/app/to/organize/social/photos/gtm.start,1,True
http://www.thenextweb.fun/apps/pict/arine/a/powerful/web/app/to/organize/social/photos/gtm.start,1,True
http://www.thenextweb.work/apps/pict/arine/a/powerful/web/app/to/organize/social/photos/gtm.start,1,True
http://www.thenextweb.expert/apps/pict/arine/a/powerful/web/app/to/organize/social/photos/gtm.start,1,True
http://www.thenextweb.tw/apps/pict/arine/a/powerful/web/app/to/organize/social/photos/gtm.start,1,True
http://www.thenextweb.hosting/apps/pict/arine/a/powerful/web/app/to/organize/social/photos/gtm.start,1,True
http://www.thenextweb.org.pe/apps/pict/arine/a/powerful/web/app/to/organize/social/photos/gtm.start,1,True
http://www.thenextweb.cloud/apps/pict/arine/a/powerful/web/app/to/organize/social/photos/gtm.start,1,True
http://www.thenextweb.com.es/apps/pict/arine/a/powerful/web/app/to/organize/social/photos/gtm.start,1,True
http://www.thenextweb.clinic/apps/pict/arine/a/powerful/web/app/to/organize/social/photos/gtm.start,1,True
http://www.thenextweb.business/apps/pict/arine/a/powerful/web/app/to/organize/social/photos/gtm.start,1,True
http://www.thenextweb.cash/apps/pict/arine/a/powerful/web/app/to/organize/social/photos/gtm.start,1,True
http://www.thenextweb.army/apps/pict/arine/a/powerful/web/app/to/organize/social/photos/gtm.start,1,True
http://www.thenextweb.news/apps/pict/arine/a/powerful/web/app/to/organize/social/photos/gtm.start,1,True
http://www.thenextweb.network/apps/pict/arine/a/powerful/web/app/to/organize/social/photos/gtm.start,1,True
http://www.thenextweb.trade/apps/pict/arine/a/powerful/web/app/to/organize/social/photos/gtm.start,1,True
http://www.thenextweb.best/apps/pict/arine/a/powerful/web/app/to/organize/social/photos/gtm.start,1,True
http://www.thenextweb.gold/apps/pict/arine/a/powerful/web/app/to/organize/social/photos/gtm.start,1,True
http://www.thenextweb.global/apps/pict/arine/a/powerful/web/app/to/organize/social/photos/gtm.start,1,True
http://www.thenextweb.ag/apps/pict/arine/a/powerful/web/app/to/organize/social/photos/gtm.start,1,True
http://www.thenextweb.agency/apps/pict/arine/a/powerful/web/app/to/organize/social/photos/gtm.start,1,True
https://www.texthelp.com.mx/en/au/company,1,True
https://www.texthelp.nl/en/au/company,1,True
https://www.texthelp.co.za/en/au/company,1,True
https://www.texthelp.org.uk/en/au/company,1,True
https://www.texthelp.asia/en/au/company,1,True
https://www.texthelp.org.nz/en/au/company,1,True
https://www.texthelp.sg/en/au/company,1,True
https://www.texthelp.ph/en/au/company,1,True
https://www.texthelp.com.cn/en/au/company,1,True
https://www.texthelp.org.cn/en/au/company,1,True
https://www.texthelp.online/en/au/company,1,True
https://www.texthelp.am/en/au/company,1,True
https://www.texthelp.live/en/au/company,1,True
https://www.texthelp.life/en/au/company,1,True
https://www.texthelp.link/en/au/company,1,True
https://www.texthelp.center/en/au/company,1,True
https://www.texthelp.store/en/au/company,1,True
https://www.texthelp.gg/en/au/company,1,True
https://www.texthelp.bz/en/au/company,1,True
https://www.texthelp.ai/en/au/company,1,True
https://www.texthelp.today/en/au/company,1,True
https://www.texthelp.website/en/au/company,1,True
https://www.texthelp.site/en/au/company,1,True
https://www.texthelp.navy/en/au/company,1,True
https://www.texthelp.tech/en/au/company,1,True
https://www.texthelp.app/en/au/company,1,True
https://www.texthelp.services/en/au/company,1,True
https://www.texthelp.market/en/au/company,1,True
https://www.texthelp.art/en/au/company,1,True
https://www.texthelp.team/en/au/company,1,True
https://www.texthelp.ink/en/au/company,1,True
https://www.texthelp.casa/en/au/company,1,True
https://www.texthelp.fit/en/au/company,1,True
https://www.texthelp.click/en/au/company,1,True
http://www.mic.net.pl/articles/charlie/hebdo/cartoonists/win/prestigious/pen/award/but/they/don/t/deserve/it,0,False
http://www.mic.org.ph/articles/charlie/hebdo/cartoonists/win/prestigious/pen/award/but/they/don/t/deserve/it,0,False
http://www.mic.gs/articles/charlie/hebdo/cartoonists/win/prestigious/pen/award/but/they/don/t/deserve/it,0,False
http://www.mic.host/articles/charlie/hebdo/cartoonists/win/prestigious/pen/award/but/they/don/t/deserve/it,0,False
http://www.mic.info.pl/articles/charlie/hebdo/cartoonists/win/prestigious/pen/award/but/they/don/t/deserve/it,0,False
http://www.mic.space/articles/charlie/hebdo/cartoonists/win/prestigious/pen/award/but/they/don/t/deserve/it,0,False
http://www.mic.online/articles/charlie/hebdo/cartoonists/win/prestigious/pen/award/but/they/don/t/deserve/it,0,False
http://www.mic.store/articles/charlie/hebdo/cartoonists/win/prestigious/pen/award/but/they/don/t/deserve/it,0,False
http://www.mic.website/articles/charlie/hebdo/cartoonists/win/prestigious/pen/award/but/they/don/t/deserve/it,0,False
http://www.mic.site/articles/charlie/hebdo/cartoonists/win/prestigious/pen/award/but/they/don/t/deserve/it,0,False
http://www.mic.navy/articles/charlie/hebdo/cartoonists/win/prestigious/pen/award/but/they/don/t/deserve/it,0,False
http://www.mic.tech/articles/charlie/hebdo/cartoonists/win/prestigious/pen/award/but/they/don/t/deserve/it,0,False
http://www.mic.clinic/articles/charlie/hebdo/cartoonists/win/prestigious/pen/award/but/they/don/t/deserve/it,0,False
http://www.mic.cash/articles/charlie/hebdo/cartoonists/win/prestigious/pen/award/but/they/don/t/deserve/it,0,False
http://www.mic.army/articles/charlie/hebdo/cartoonists/win/prestigious/pen/award/but/they/don/t/deserve/it,0,False
http://www.mic.news/articles/charlie/hebdo/cartoonists/win/prestigious/pen/award/but/they/don/t/deserve/it,0,False
http://www.mic.trade/articles/charlie/hebdo/cartoonists/win/prestigious/pen/award/but/they/don/t/deserve/it,0,False
http://www.mic.gold/articles/charlie/hebdo/cartoonists/win/prestigious/pen/award/but/they/don/t/deserve/it,0,False
http://www.mic.global/articles/charlie/hebdo/cartoonists/win/prestigious/pen/award/but/they/don/t/deserve/it,0,False
http://www.mic.ag/articles/charlie/hebdo/cartoonists/win/prestigious/pen/award/but/they/don/t/deserve/it,0,False
http://www.mic.ind.in/articles/charlie/hebdo/cartoonists/win/prestigious/pen/award/but/they/don/t/deserve/it,0,False
http://www.mic.farm/articles/charlie/hebdo/cartoonists/win/prestigious/pen/award/but/they/don/t/deserve/it,0,False
http://www.mic.fit/articles/charlie/hebdo/cartoonists/win/prestigious/pen/award/but/they/don/t/deserve/it,0,False
https://docs.revenuecat.es/docs/cordova,1,True
https://docs.revenuecat.at/docs/cordova,1,True
https://docs.revenuecat.help/docs/cordova,1,True
https://docs.revenuecat.be/docs/cordova,1,True
https://docs.revenuecat.com.ph/docs/cordova,1,True
https://docs.revenuecat.com.pl/docs/cordova,1,True
https://docs.revenuecat.club/docs/cordova,1,True
https://docs.revenuecat.com.co/docs/cordova,1,True
https://docs.revenuecat.university/docs/cordova,1,True
https://docs.revenuecat.net.au/docs/cordova,1,True
https://docs.revenuecat.ws/docs/cordova,1,True
https://docs.revenuecat.co/docs/cordova,1,True
https://docs.revenuecat.co.nz/docs/cordova,1,True
https://docs.revenuecat.com.ve/docs/cordova,1,True
https://docs.revenuecat.net.pl/docs/cordova,1,True
https://docs.revenuecat.org.in/docs/cordova,1,True
https://docs.revenuecat.team/docs/cordova,1,True
https://docs.revenuecat.ink/docs/cordova,1,True
https://docs.revenuecat.casa/docs/cordova,1,True
https://docs.revenuecat.tips/docs/cordova,1,True
https://docs.revenuecat.ms/docs/cordova,1,True
https://docs.revenuecat.social/docs/cordova,1,True
https://docs.revenuecat.group/docs/cordova,1,True
https://docs.revenuecat.world/docs/cordova,1,True
https://docs.revenuecat.zone/docs/cordova,1,True
https://docs.revenuecat.guide/docs/cordova,1,True
https://docs.revenuecat.info.ve/docs/cordova,1,True
https://docs.revenuecat.email/docs/cordova,1,True
https://docs.revenuecat.ltd/docs/cordova,1,True
https://docs.revenuecat.vip/docs/cordova,1,True
https://docs.revenuecat.legal/docs/cordova,1,True
https://docs.revenuecat.me.uk/docs/cordova,1,True
https://docs.revenuecat.house/docs/cordova,1,True
https://docs.revenuecat.studio/docs/cordova,1,True
https://docs.revenuecat.rocks/docs/cordova,1,True
https://docs.revenuecat.support/docs/cordova,1,True
https://docs.revenuecat.company/docs/cordova,1,True
https://docs.revenuecat.fun/docs/cordova,1,True
https://docs.revenuecat.work/docs/cordova,1,True
https://docs.revenuecat.expert/docs/cordova,1,True
https://docs.revenuecat.tw/docs/cordova,1,True
https://docs.revenuecat.org.pe/docs/cordova,1,True
http://www.groupon.net.au/local/restaurants,1,True
http://www.groupon.ws/local/restaurants,0,False
http://www.groupon.net.pl/local/restaurants,1,True
http://www.groupon.org.in/local/restaurants,1,True
http://www.groupon.org.au/local/restaurants,1,True
http://www.groupon.info.ve/local/restaurants,1,True
http://www.groupon.me.uk/local/restaurants,0,False
http://www.groupon.org.pe/local/restaurants,1,True
https://www.facebook.ms/media/sniper/likes?refpageinternal,1,True
http://www.dropbooks.com.pe/search/index/word/e/a/e/ab/e/ab/e/a/e/f/e/bc/e,1,True
http://www.dropbooks.cool/search/index/word/e/a/e/ab/e/ab/e/a/e/f/e/bc/e,1,True
http://www.dropbooks.org.ph/search/index/word/e/a/e/ab/e/ab/e/a/e/f/e/bc/e,1,True
http://www.dropbooks.gs/search/index/word/e/a/e/ab/e/ab/e/a/e/f/e/bc/e,1,True
http://www.dropbooks.co.in/search/index/word/e/a/e/ab/e/ab/e/a/e/f/e/bc/e,1,True
http://www.dropbooks.host/search/index/word/e/a/e/ab/e/ab/e/a/e/f/e/bc/e,1,True
http://www.dropbooks.info.pl/search/index/word/e/a/e/ab/e/ab/e/a/e/f/e/bc/e,1,True
http://www.dropbooks.mobi/search/index/word/e/a/e/ab/e/ab/e/a/e/f/e/bc/e,1,True
http://www.dropbooks.space/search/index/word/e/a/e/ab/e/ab/e/a/e/f/e/bc/e,0,False
http://www.dropbooks.pro/search/index/word/e/a/e/ab/e/ab/e/a/e/f/e/bc/e,0,False
http://www.dropbooks.la/search/index/word/e/a/e/ab/e/ab/e/a/e/f/e/bc/e,1,True
http://www.dropbooks.net.in/search/index/word/e/a/e/ab/e/ab/e/a/e/f/e/bc/e,1,True
http://www.dropbooks.org.cn/search/index/word/e/a/e/ab/e/ab/e/a/e/f/e/bc/e,1,True
http://www.dropbooks.online/search/index/word/e/a/e/ab/e/ab/e/a/e/f/e/bc/e,1,True
http://www.dropbooks.news/search/index/word/e/a/e/ab/e/ab/e/a/e/f/e/bc/e,0,False
http://www.dropbooks.network/search/index/word/e/a/e/ab/e/ab/e/a/e/f/e/bc/e,1,True
http://www.dropbooks.trade/search/index/word/e/a/e/ab/e/ab/e/a/e/f/e/bc/e,1,True
http://www.dropbooks.best/search/index/word/e/a/e/ab/e/ab/e/a/e/f/e/bc/e,1,True
http://www.dropbooks.gold/search/index/word/e/a/e/ab/e/ab/e/a/e/f/e/bc/e,0,False
http://www.dropbooks.global/search/index/word/e/a/e/ab/e/ab/e/a/e/f/e/bc/e,0,False
http://www.dropbooks.ag/search/index/word/e/a/e/ab/e/ab/e/a/e/f/e/bc/e,1,True
http://www.dropbooks.agency/search/index/word/e/a/e/ab/e/ab/e/a/e/f/e/bc/e,1,True
http://www.dropbooks.ind.in/search/index/word/e/a/e/ab/e/ab/e/a/e/f/e/bc/e,1,True
http://www.dropbooks.farm/search/index/word/e/a/e/ab/e/ab/e/a/e/f/e/bc/e,0,False
http://www.dropbooks.love/search/index/word/e/a/e/ab/e/ab/e/a/e/f/e/bc/e,1,True
http://www.dropbooks.fit/search/index/word/e/a/e/ab/e/ab/e/a/e/f/e/bc/e,1,True
http://www.sundaysky.nl/customers,0,False
http://www.sundaysky.co.za/customers,1,True
http://www.sundaysky.com.au/customers,0,False
http://www.sundaysky.ch/customers,0,False
http://www.sundaysky.xyz/customers,1,True
http://www.sundaysky.org.uk/customers,0,False
http://www.sundaysky.ca/customers,0,False
http://www.sundaysky.asia/customers,1,True
http://www.sundaysky.org.nz/customers,0,False
http://www.sundaysky.sg/customers,0,False
http://www.sundaysky.biz/customers,0,False
http://www.sundaysky.tk/customers,1,True
http://www.sundaysky.us/customers,0,False
http://www.sundaysky.net.cn/customers,1,True
http://www.sundaysky.es/customers,0,False
http://www.sundaysky.at/customers,0,False
http://www.sundaysky.help/customers,0,False
http://www.sundaysky.be/customers,0,False
http://www.sundaysky.com.ph/customers,1,True
http://www.sundaysky.online/customers,1,True
http://www.sundaysky.am/customers,0,False
http://www.sundaysky.live/customers,0,False
http://www.sundaysky.life/customers,0,False
http://www.sundaysky.link/customers,0,False
http://www.sundaysky.center/customers,0,False
http://www.sundaysky.store/customers,1,True
http://www.sundaysky.gg/customers,0,False
http://www.sundaysky.bz/customers,0,False
http://www.sundaysky.ai/customers,0,False
http://www.sundaysky.today/customers,1,True
http://www.sundaysky.website/customers,1,True
http://www.sundaysky.site/customers,1,True
http://www.sundaysky.navy/customers,0,False
http://www.sundaysky.tech/customers,1,True
http://www.sundaysky.app/customers,1,True
http://www.sundaysky.services/customers,0,False
http://www.sundaysky.market/customers,0,False
http://www.sundaysky.art/customers,0,False
http://www.sundaysky.team/customers,1,True
http://www.sundaysky.ink/customers,0,False
http://www.sundaysky.casa/customers,0,False
http://www.sundaysky.tips/customers,1,True
http://www.sundaysky.ms/customers,0,False
http://www.sundaysky.social/customers,0,False
http://www.sundaysky.group/customers,0,False
http://www.sundaysky.fit/customers,0,False
http://www.sundaysky.click/customers,1,True
http://www.correios.com.mx/sobre/corre/ios/a/empresa/program/a/de/preven/cao/a/fraude/s/noticias,1,True
http://www.correios.co.za/sobre/corre/ios/a/empresa/program/a/de/preven/cao/a/fraude/s/noticias,1,True
http://www.correios.com.au/sobre/corre/ios/a/empresa/program/a/de/preven/cao/a/fraude/s/noticias,1,True
http://www.correios.ch/sobre/corre/ios/a/empresa/program/a/de/preven/cao/a/fraude/s/noticias,1,True
http://www.correios.org.uk/sobre/corre/ios/a/empresa/program/a/de/preven/cao/a/fraude/s/noticias,1,True
http://www.correios.ca/sobre/corre/ios/a/empresa/program/a/de/preven/cao/a/fraude/s/noticias,1,True
http://www.correios.asia/sobre/corre/ios/a/empresa/program/a/de/preven/cao/a/fraude/s/noticias,1,True
http://www.correios.org.nz/sobre/corre/ios/a/empresa/program/a/de/preven/cao/a/fraude/s/noticias,1,True
http://www.correios.sg/sobre/corre/ios/a/empresa/program/a/de/preven/cao/a/fraude/s/noticias,1,True
http://www.correios.ph/sobre/corre/ios/a/empresa/program/a/de/preven/cao/a/fraude/s/noticias,1,True
http://www.correios.tk/sobre/corre/ios/a/empresa/program/a/de/preven/cao/a/fraude/s/noticias,1,True
http://www.correios.us/sobre/corre/ios/a/empresa/program/a/de/preven/cao/a/fraude/s/noticias,1,True
http://www.correios.net.cn/sobre/corre/ios/a/empresa/program/a/de/preven/cao/a/fraude/s/noticias,1,True
http://www.correios.at/sobre/corre/ios/a/empresa/program/a/de/preven/cao/a/fraude/s/noticias,1,True
http://www.correios.help/sobre/corre/ios/a/empresa/program/a/de/preven/cao/a/fraude/s/noticias,1,True
http://www.correios.be/sobre/corre/ios/a/empresa/program/a/de/preven/cao/a/fraude/s/noticias,1,True
http://www.correios.com.ph/sobre/corre/ios/a/empresa/program/a/de/preven/cao/a/fraude/s/noticias,1,True
http://www.correios.com.pl/sobre/corre/ios/a/empresa/program/a/de/preven/cao/a/fraude/s/noticias,1,True
http://www.correios.com.co/sobre/corre/ios/a/empresa/program/a/de/preven/cao/a/fraude/s/noticias,1,True
http://www.correios.university/sobre/corre/ios/a/empresa/program/a/de/preven/cao/a/fraude/s/noticias,1,True
http://www.correios.net.au/sobre/corre/ios/a/empresa/program/a/de/preven/cao/a/fraude/s/noticias,1,True
http://www.correios.ws/sobre/corre/ios/a/empresa/program/a/de/preven/cao/a/fraude/s/noticias,1,True
http://www.correios.co.in/sobre/corre/ios/a/empresa/program/a/de/preven/cao/a/fraude/s/noticias,1,True
http://www.correios.host/sobre/corre/ios/a/empresa/program/a/de/preven/cao/a/fraude/s/noticias,1,True
http://www.correios.info.pl/sobre/corre/ios/a/empresa/program/a/de/preven/cao/a/fraude/s/noticias,1,True
http://www.correios.space/sobre/corre/ios/a/empresa/program/a/de/preven/cao/a/fraude/s/noticias,1,True
http://www.correios.pro/sobre/corre/ios/a/empresa/program/a/de/preven/cao/a/fraude/s/noticias,1,True
http://www.correios.la/sobre/corre/ios/a/empresa/program/a/de/preven/cao/a/fraude/s/noticias,1,True
http://www.correios.net.in/sobre/corre/ios/a/empresa/program/a/de/preven/cao/a/fraude/s/noticias,1,True
http://www.correios.org.cn/sobre/corre/ios/a/empresa/program/a/de/preven/cao/a/fraude/s/noticias,1,True
http://www.correios.am/sobre/corre/ios/a/empresa/program/a/de/preven/cao/a/fraude/s/noticias,1,True
http://www.correios.life/sobre/corre/ios/a/empresa/program/a/de/preven/cao/a/fraude/s/noticias,1,True
http://www.correios.center/sobre/corre/ios/a/empresa/program/a/de/preven/cao/a/fraude/s/noticias,1,True
http://www.correios.store/sobre/corre/ios/a/empresa/program/a/de/preven/cao/a/fraude/s/noticias,1,True
http://www.correios.gg/sobre/corre/ios/a/empresa/program/a/de/preven/cao/a/fraude/s/noticias,1,True
http://www.correios.bz/sobre/corre/ios/a/empresa/program/a/de/preven/cao/a/fraude/s/noticias,1,True
http://www.correios.social/sobre/corre/ios/a/empresa/program/a/de/preven/cao/a/fraude/s/noticias,1,True
http://www.correios.group/sobre/corre/ios/a/empresa/program/a/de/preven/cao/a/fraude/s/noticias,1,True
http://www.correios.world/sobre/corre/ios/a/empresa/program/a/de/preven/cao/a/fraude/s/noticias,1,True
http://www.correios.zone/sobre/corre/ios/a/empresa/program/a/de/preven/cao/a/fraude/s/noticias,1,True
http://www.correios.guide/sobre/corre/ios/a/empresa/program/a/de/preven/cao/a/fraude/s/noticias,1,True
http://www.correios.info.ve/sobre/corre/ios/a/empresa/program/a/de/preven/cao/a/fraude/s/noticias,1,True
http://www.correios.email/sobre/corre/ios/a/empresa/program/a/de/preven/cao/a/fraude/s/noticias,1,True
http://www.correios.ltd/sobre/corre/ios/a/empresa/program/a/de/preven/cao/a/fraude/s/noticias,1,True
http://www.correios.legal/sobre/corre/ios/a/empresa/program/a/de/preven/cao/a/fraude/s/noticias,1,True
http://www.correios.me.uk/sobre/corre/ios/a/empresa/program/a/de/preven/cao/a/fraude/s/noticias,1,True
http://www.correios.house/sobre/corre/ios/a/empresa/program/a/de/preven/cao/a/fraude/s/noticias,1,True
http://www.correios.studio/sobre/corre/ios/a/empresa/program/a/de/preven/cao/a/fraude/s/noticias,1,True
http://www.correios.rocks/sobre/corre/ios/a/empresa/program/a/de/preven/cao/a/fraude/s/noticias,1,True
http://www.correios.support/sobre/corre/ios/a/empresa/program/a/de/preven/cao/a/fraude/s/noticias,1,True
http://www.correios.company/sobre/corre/ios/a/empresa/program/a/de/preven/cao/a/fraude/s/noticias,1,True
http://www.correios.fun/sobre/corre/ios/a/empresa/program/a/de/preven/cao/a/fraude/s/noticias,1,True
http://www.correios.expert/sobre/corre/ios/a/empresa/program/a/de/preven/cao/a/fraude/s/noticias,1,True
http://www.correios.tw/sobre/corre/ios/a/empresa/program/a/de/preven/cao/a/fraude/s/noticias,1,True
http://www.correios.hosting/sobre/corre/ios/a/empresa/program/a/de/preven/cao/a/fraude/s/noticias,1,True
http://www.correios.org.pe/sobre/corre/ios/a/empresa/program/a/de/preven/cao/a/fraude/s/noticias,1,True
http://www.correios.cloud/sobre/corre/ios/a/empresa/program/a/de/preven/cao/a/fraude/s/noticias,1,True
http://www.correios.clinic/sobre/corre/ios/a/empresa/program/a/de/preven/cao/a/fraude/s/noticias,1,True
http://www.correios.business/sobre/corre/ios/a/empresa/program/a/de/preven/cao/a/fraude/s/noticias,1,True
http://www.correios.cash/sobre/corre/ios/a/empresa/program/a/de/preven/cao/a/fraude/s/noticias,1,True
http://www.correios.army/sobre/corre/ios/a/empresa/program/a/de/preven/cao/a/fraude/s/noticias,1,True
http://www.correios.news/sobre/corre/ios/a/empresa/program/a/de/preven/cao/a/fraude/s/noticias,1,True
http://www.correios.network/sobre/corre/ios/a/empresa/program/a/de/preven/cao/a/fraude/s/noticias,1,True
http://www.correios.trade/sobre/corre/ios/a/empresa/program/a/de/preven/cao/a/fraude/s/noticias,1,True
http://www.correios.best/sobre/corre/ios/a/empresa/program/a/de/preven/cao/a/fraude/s/noticias,1,True
http://www.correios.gold/sobre/corre/ios/a/empresa/program/a/de/preven/cao/a/fraude/s/noticias,1,True
http://www.correios.global/sobre/corre/ios/a/empresa/program/a/de/preven/cao/a/fraude/s/noticias,1,True
http://www.correios.ag/sobre/corre/ios/a/empresa/program/a/de/preven/cao/a/fraude/s/noticias,1,True
http://www.correios.agency/sobre/corre/ios/a/empresa/program/a/de/preven/cao/a/fraude/s/noticias,1,True
http://www.correios.ind.in/sobre/corre/ios/a/empresa/program/a/de/preven/cao/a/fraude/s/noticias,1,True
http://www.correios.farm/sobre/corre/ios/a/empresa/program/a/de/preven/cao/a/fraude/s/noticias,1,True
http://www.correios.love/sobre/corre/ios/a/empresa/program/a/de/preven/cao/a/fraude/s/noticias,1,True
http://www.correios.fit/sobre/corre/ios/a/empresa/program/a/de/preven/cao/a/fraude/s/noticias,1,True
http://www.techcrunch.com.pe/tinder/sees/huge/jump/in/app/revenue/rankings/courtesy/of/tinder/plus,1,True
http://www.techcrunch.org.ph/tinder/sees/huge/jump/in/app/revenue/rankings/courtesy/of/tinder/plus,1,True
http://www.techcrunch.gs/tinder/sees/huge/jump/in/app/revenue/rankings/courtesy/of/tinder/plus,1,True
http://www.techcrunch.co.in/tinder/sees/huge/jump/in/app/revenue/rankings/courtesy/of/tinder/plus,1,True
http://www.techcrunch.host/tinder/sees/huge/jump/in/app/revenue/rankings/courtesy/of/tinder/plus,1,True
http://www.techcrunch.info.pl/tinder/sees/huge/jump/in/app/revenue/rankings/courtesy/of/tinder/plus,1,True
http://www.techcrunch.pro/tinder/sees/huge/jump/in/app/revenue/rankings/courtesy/of/tinder/plus,1,True
http://www.techcrunch.la/tinder/sees/huge/jump/in/app/revenue/rankings/courtesy/of/tinder/plus,1,True
http://www.techcrunch.net.in/tinder/sees/huge/jump/in/app/revenue/rankings/courtesy/of/tinder/plus,1,True
http://www.techcrunch.org.cn/tinder/sees/huge/jump/in/app/revenue/rankings/courtesy/of/tinder/plus,1,True
http://www.techcrunch.trade/tinder/sees/huge/jump/in/app/revenue/rankings/courtesy/of/tinder/plus,1,True
http://www.techcrunch.best/tinder/sees/huge/jump/in/app/revenue/rankings/courtesy/of/tinder/plus,1,True
http://www.techcrunch.ag/tinder/sees/huge/jump/in/app/revenue/rankings/courtesy/of/tinder/plus,1,True
http://www.techcrunch.ind.in/tinder/sees/huge/jump/in/app/revenue/rankings/courtesy/of/tinder/plus,1,True
http://www.techcrunch.love/tinder/sees/huge/jump/in/app/revenue/rankings/courtesy/of/tinder/plus,1,True
http://www.techcrunch.fit/tinder/sees/huge/jump/in/app/revenue/rankings/courtesy/of/tinder/plus,1,True
http://www.techcrunch.click/tinder/sees/huge/jump/in/app/revenue/rankings/courtesy/of/tinder/plus,1,True
http://www.rt.club/in/vision/christians/celebrate/good/friday/good/friday/central/sydney,1,True
http://www.rt.university/in/vision/christians/celebrate/good/friday/good/friday/central/sydney,1,True
http://www.rt.net.pl/in/vision/christians/celebrate/good/friday/good/friday/central/sydney,1,True
http://www.rt.house/in/vision/christians/celebrate/good/friday/good/friday/central/sydney,0,False
http://www.rt.rocks/in/vision/christians/celebrate/good/friday/good/friday/central/sydney,1,True
http://www.rt.work/in/vision/christians/celebrate/good/friday/good/friday/central/sydney,1,True
http://www.rt.expert/in/vision/christians/celebrate/good/friday/good/friday/central/sydney,1,True
http://www.rt.org.pe/in/vision/christians/celebrate/good/friday/good/friday/central/sydney,1,True
http://www.rt.clinic/in/vision/christians/celebrate/good/friday/good/friday/central/sydney,0,False
http://www.rt.business/in/vision/christians/celebrate/good/friday/good/friday/central/sydney,1,True
http://www.rt.cash/in/vision/christians/celebrate/good/friday/good/friday/central/sydney,1,True
http://www.rt.army/in/vision/christians/celebrate/good/friday/good/friday/central/sydney,1,True
https://www.foxitsoftware.com.mx/register.php,1,True
https://www.foxitsoftware.co.za/register.php,1,True
https://www.foxitsoftware.com.au/register.php,1,True
https://www.foxitsoftware.ch/register.php,1,True
https://www.foxitsoftware.xyz/register.php,1,True
https://www.foxitsoftware.org.nz/register.php,1,True
https://www.foxitsoftware.sg/register.php,1,True
https://www.foxitsoftware.ph/register.php,1,True
https://www.foxitsoftware.biz/register.php,1,True
https://www.foxitsoftware.tk/register.php,1,True
https://www.foxitsoftware.co.in/register.php,1,True
https://www.foxitsoftware.host/register.php,1,True
https://www.foxitsoftware.info.pl/register.php,1,True
https://www.foxitsoftware.mobi/register.php,1,True
https://www.foxitsoftware.space/register.php,1,True
https://www.foxitsoftware.pro/register.php,1,True
https://www.foxitsoftware.la/register.php,1,True
https://www.foxitsoftware.net.in/register.php,1,True
https://www.foxitsoftware.online/register.php,1,True
https://www.foxitsoftware.am/register.php,1,True
https://www.foxitsoftware.live/register.php,1,True
https://www.foxitsoftware.life/register.php,1,True
https://www.foxitsoftware.link/register.php,1,True
https://www.foxitsoftware.center/register.php,1,True
https://www.foxitsoftware.store/register.php,1,True
https://www.foxitsoftware.gg/register.php,1,True
https://www.foxitsoftware.bz/register.php,1,True
https://www.foxitsoftware.ai/register.php,1,True
https://www.foxitsoftware.clinic/register.php,1,True
https://www.foxitsoftware.business/register.php,1,True
https://www.foxitsoftware.cash/register.php,1,True
https://www.foxitsoftware.army/register.php,1,True
https://www.foxitsoftware.news/register.php,1,True
https://www.foxitsoftware.network/register.php,1,True
https://www.foxitsoftware.trade/register.php,1,True
https://www.foxitsoftware.best/register.php,1,True
https://www.foxitsoftware.gold/register.php,1,True
https://www.foxitsoftware.global/register.php,1,True
https://www.foxitsoftware.ag/register.php,1,True
https://www.foxitsoftware.agency/register.php,1,True
https://www.foxitsoftware.ind.in/register.php,1,True
https://www.foxitsoftware.farm/register.php,1,True
https://www.foxitsoftware.love/register.php,1,True
https://www.foxitsoftware.fit/register.php,1,True
http://www.torcache.org.uk/torrent/a/eba/f/ca/d/bf/d/fc.torrent?titlekickasstoprojectcarspcfullgamedlcnosteam,1,True
http://www.torcache.ca/torrent/a/eba/f/ca/d/bf/d/fc.torrent?titlekickasstoprojectcarspcfullgamedlcnosteam,1,True
http://www.torcache.asia/torrent/a/eba/f/ca/d/bf/d/fc.torrent?titlekickasstoprojectcarspcfullgamedlcnosteam,1,True
http://www.torcache.org.nz/torrent/a/eba/f/ca/d/bf/d/fc.torrent?titlekickasstoprojectcarspcfullgamedlcnosteam,1,True
http://www.torcache.sg/torrent/a/eba/f/ca/d/bf/d/fc.torrent?titlekickasstoprojectcarspcfullgamedlcnosteam,1,True
http://www.torcache.ph/torrent/a/eba/f/ca/d/bf/d/fc.torrent?titlekickasstoprojectcarspcfullgamedlcnosteam,1,True
http://www.torcache.com.cn/torrent/a/eba/f/ca/d/bf/d/fc.torrent?titlekickasstoprojectcarspcfullgamedlcnosteam,1,True
http://www.torcache.biz/torrent/a/eba/f/ca/d/bf/d/fc.torrent?titlekickasstoprojectcarspcfullgamedlcnosteam,1,True
http://www.torcache.tk/torrent/a/eba/f/ca/d/bf/d/fc.torrent?titlekickasstoprojectcarspcfullgamedlcnosteam,1,True
http://www.torcache.us/torrent/a/eba/f/ca/d/bf/d/fc.torrent?titlekickasstoprojectcarspcfullgamedlcnosteam,1,True
http://www.torcache.net.cn/torrent/a/eba/f/ca/d/bf/d/fc.torrent?titlekickasstoprojectcarspcfullgamedlcnosteam,1,True
http://www.torcache.es/torrent/a/eba/f/ca/d/bf/d/fc.torrent?titlekickasstoprojectcarspcfullgamedlcnosteam,1,True
http://www.torcache.at/torrent/a/eba/f/ca/d/bf/d/fc.torrent?titlekickasstoprojectcarspcfullgamedlcnosteam,1,True
http://www.torcache.help/torrent/a/eba/f/ca/d/bf/d/fc.torrent?titlekickasstoprojectcarspcfullgamedlcnosteam,1,True
http://www.torcache.be/torrent/a/eba/f/ca/d/bf/d/fc.torrent?titlekickasstoprojectcarspcfullgamedlcnosteam,1,True
http://www.torcache.com.ph/torrent/a/eba/f/ca/d/bf/d/fc.torrent?titlekickasstoprojectcarspcfullgamedlcnosteam,1,True
http://www.torcache.com.pl/torrent/a/eba/f/ca/d/bf/d/fc.torrent?titlekickasstoprojectcarspcfullgamedlcnosteam,1,True
http://www.torcache.club/torrent/a/eba/f/ca/d/bf/d/fc.torrent?titlekickasstoprojectcarspcfullgamedlcnosteam,1,True
http://www.torcache.com.co/torrent/a/eba/f/ca/d/bf/d/fc.torrent?titlekickasstoprojectcarspcfullgamedlcnosteam,1,True
http://www.torcache.university/torrent/a/eba/f/ca/d/bf/d/fc.torrent?titlekickasstoprojectcarspcfullgamedlcnosteam,1,True
http://www.torcache.net.au/torrent/a/eba/f/ca/d/bf/d/fc.torrent?titlekickasstoprojectcarspcfullgamedlcnosteam,1,True
http://www.torcache.ws/torrent/a/eba/f/ca/d/bf/d/fc.torrent?titlekickasstoprojectcarspcfullgamedlcnosteam,1,True
http://www.torcache.co/torrent/a/eba/f/ca/d/bf/d/fc.torrent?titlekickasstoprojectcarspcfullgamedlcnosteam,1,True
http://www.torcache.co.nz/torrent/a/eba/f/ca/d/bf/d/fc.torrent?titlekickasstoprojectcarspcfullgamedlcnosteam,1,True
http://www.torcache.com.ve/torrent/a/eba/f/ca/d/bf/d/fc.torrent?titlekickasstoprojectcarspcfullgamedlcnosteam,1,True
http://www.torcache.net.pl/torrent/a/eba/f/ca/d/bf/d/fc.torrent?titlekickasstoprojectcarspcfullgamedlcnosteam,1,True
http://www.torcache.org.in/torrent/a/eba/f/ca/d/bf/d/fc.torrent?titlekickasstoprojectcarspcfullgamedlcnosteam,1,True
http://www.torcache.org.au/torrent/a/eba/f/ca/d/bf/d/fc.torrent?titlekickasstoprojectcarspcfullgamedlcnosteam,1,True
http://www.torcache.com.pe/torrent/a/eba/f/ca/d/bf/d/fc.torrent?titlekickasstoprojectcarspcfullgamedlcnosteam,1,True
http://www.torcache.cool/torrent/a/eba/f/ca/d/bf/d/fc.torrent?titlekickasstoprojectcarspcfullgamedlcnosteam,1,True
http://www.torcache.org.ph/torrent/a/eba/f/ca/d/bf/d/fc.torrent?titlekickasstoprojectcarspcfullgamedlcnosteam,1,True
http://www.torcache.gs/torrent/a/eba/f/ca/d/bf/d/fc.torrent?titlekickasstoprojectcarspcfullgamedlcnosteam,1,True
http://www.torcache.ai/torrent/a/eba/f/ca/d/bf/d/fc.torrent?titlekickasstoprojectcarspcfullgamedlcnosteam,1,True
http://www.torcache.today/torrent/a/eba/f/ca/d/bf/d/fc.torrent?titlekickasstoprojectcarspcfullgamedlcnosteam,1,True
http://www.torcache.website/torrent/a/eba/f/ca/d/bf/d/fc.torrent?titlekickasstoprojectcarspcfullgamedlcnosteam,1,True
http://www.torcache.navy/torrent/a/eba/f/ca/d/bf/d/fc.torrent?titlekickasstoprojectcarspcfullgamedlcnosteam,1,True
http://www.torcache.tech/torrent/a/eba/f/ca/d/bf/d/fc.torrent?titlekickasstoprojectcarspcfullgamedlcnosteam,1,True
http://www.torcache.app/torrent/a/eba/f/ca/d/bf/d/fc.torrent?titlekickasstoprojectcarspcfullgamedlcnosteam,1,True
http://www.torcache.services/torrent/a/eba/f/ca/d/bf/d/fc.torrent?titlekickasstoprojectcarspcfullgamedlcnosteam,1,True
http://www.torcache.market/torrent/a/eba/f/ca/d/bf/d/fc.torrent?titlekickasstoprojectcarspcfullgamedlcnosteam,1,True
http://www.torcache.art/torrent/a/eba/f/ca/d/bf/d/fc.torrent?titlekickasstoprojectcarspcfullgamedlcnosteam,1,True
http://www.torcache.team/torrent/a/eba/f/ca/d/bf/d/fc.torrent?titlekickasstoprojectcarspcfullgamedlcnosteam,1,True
http://www.torcache.ink/torrent/a/eba/f/ca/d/bf/d/fc.torrent?titlekickasstoprojectcarspcfullgamedlcnosteam,1,True
http://www.torcache.casa/torrent/a/eba/f/ca/d/bf/d/fc.torrent?titlekickasstoprojectcarspcfullgamedlcnosteam,1,True
http://www.torcache.tips/torrent/a/eba/f/ca/d/bf/d/fc.torrent?titlekickasstoprojectcarspcfullgamedlcnosteam,1,True
http://www.torcache.ms/torrent/a/eba/f/ca/d/bf/d/fc.torrent?titlekickasstoprojectcarspcfullgamedlcnosteam,1,True
http://www.torcache.social/torrent/a/eba/f/ca/d/bf/d/fc.torrent?titlekickasstoprojectcarspcfullgamedlcnosteam,1,True
http://www.torcache.group/torrent/a/eba/f/ca/d/bf/d/fc.torrent?titlekickasstoprojectcarspcfullgamedlcnosteam,1,True
http://www.torcache.world/torrent/a/eba/f/ca/d/bf/d/fc.torrent?titlekickasstoprojectcarspcfullgamedlcnosteam,1,True
http://www.torcache.zone/torrent/a/eba/f/ca/d/bf/d/fc.torrent?titlekickasstoprojectcarspcfullgamedlcnosteam,1,True
http://www.torcache.guide/torrent/a/eba/f/ca/d/bf/d/fc.torrent?titlekickasstoprojectcarspcfullgamedlcnosteam,1,True
http://www.torcache.info.ve/torrent/a/eba/f/ca/d/bf/d/fc.torrent?titlekickasstoprojectcarspcfullgamedlcnosteam,1,True
http://www.torcache.email/torrent/a/eba/f/ca/d/bf/d/fc.torrent?titlekickasstoprojectcarspcfullgamedlcnosteam,1,True
http://www.torcache.ltd/torrent/a/eba/f/ca/d/bf/d/fc.torrent?titlekickasstoprojectcarspcfullgamedlcnosteam,1,True
http://www.torcache.vip/torrent/a/eba/f/ca/d/bf/d/fc.torrent?titlekickasstoprojectcarspcfullgamedlcnosteam,1,True
http://www.torcache.legal/torrent/a/eba/f/ca/d/bf/d/fc.torrent?titlekickasstoprojectcarspcfullgamedlcnosteam,1,True
http://www.torcache.me.uk/torrent/a/eba/f/ca/d/bf/d/fc.torrent?titlekickasstoprojectcarspcfullgamedlcnosteam,1,True
http://www.torcache.house/torrent/a/eba/f/ca/d/bf/d/fc.torrent?titlekickasstoprojectcarspcfullgamedlcnosteam,1,True
http://www.torcache.studio/torrent/a/eba/f/ca/d/bf/d/fc.torrent?titlekickasstoprojectcarspcfullgamedlcnosteam,1,True
http://www.torcache.rocks/torrent/a/eba/f/ca/d/bf/d/fc.torrent?titlekickasstoprojectcarspcfullgamedlcnosteam,1,True
http://www.torcache.support/torrent/a/eba/f/ca/d/bf/d/fc.torrent?titlekickasstoprojectcarspcfullgamedlcnosteam,1,True
http://www.torcache.company/torrent/a/eba/f/ca/d/bf/d/fc.torrent?titlekickasstoprojectcarspcfullgamedlcnosteam,1,True
http://www.torcache.fun/torrent/a/eba/f/ca/d/bf/d/fc.torrent?titlekickasstoprojectcarspcfullgamedlcnosteam,1,True
http://www.torcache.work/torrent/a/eba/f/ca/d/bf/d/fc.torrent?titlekickasstoprojectcarspcfullgamedlcnosteam,1,True
http://www.torcache.expert/torrent/a/eba/f/ca/d/bf/d/fc.torrent?titlekickasstoprojectcarspcfullgamedlcnosteam,1,True
http://www.torcache.tw/torrent/a/eba/f/ca/d/bf/d/fc.torrent?titlekickasstoprojectcarspcfullgamedlcnosteam,1,True
http://www.torcache.hosting/torrent/a/eba/f/ca/d/bf/d/fc.torrent?titlekickasstoprojectcarspcfullgamedlcnosteam,1,True
http://www.torcache.org.pe/torrent/a/eba/f/ca/d/bf/d/fc.torrent?titlekickasstoprojectcarspcfullgamedlcnosteam,1,True
http://www.torcache.cloud/torrent/a/eba/f/ca/d/bf/d/fc.torrent?titlekickasstoprojectcarspcfullgamedlcnosteam,1,True
http://www.torcache.com.es/torrent/a/eba/f/ca/d/bf/d/fc.torrent?titlekickasstoprojectcarspcfullgamedlcnosteam,1,True
http://www.torcache.clinic/torrent/a/eba/f/ca/d/bf/d/fc.torrent?titlekickasstoprojectcarspcfullgamedlcnosteam,1,True
http://www.torcache.business/torrent/a/eba/f/ca/d/bf/d/fc.torrent?titlekickasstoprojectcarspcfullgamedlcnosteam,1,True
http://www.torcache.cash/torrent/a/eba/f/ca/d/bf/d/fc.torrent?titlekickasstoprojectcarspcfullgamedlcnosteam,1,True
http://www.torcache.army/torrent/a/eba/f/ca/d/bf/d/fc.torrent?titlekickasstoprojectcarspcfullgamedlcnosteam,1,True
http://www.torcache.news/torrent/a/eba/f/ca/d/bf/d/fc.torrent?titlekickasstoprojectcarspcfullgamedlcnosteam,1,True
http://www.torcache.network/torrent/a/eba/f/ca/d/bf/d/fc.torrent?titlekickasstoprojectcarspcfullgamedlcnosteam,1,True
http://www.torcache.trade/torrent/a/eba/f/ca/d/bf/d/fc.torrent?titlekickasstoprojectcarspcfullgamedlcnosteam,1,True
http://www.torcache.best/torrent/a/eba/f/ca/d/bf/d/fc.torrent?titlekickasstoprojectcarspcfullgamedlcnosteam,1,True
http://www.torcache.gold/torrent/a/eba/f/ca/d/bf/d/fc.torrent?titlekickasstoprojectcarspcfullgamedlcnosteam,1,True
http://www.torcache.global/torrent/a/eba/f/ca/d/bf/d/fc.torrent?titlekickasstoprojectcarspcfullgamedlcnosteam,1,True
http://www.torcache.ag/torrent/a/eba/f/ca/d/bf/d/fc.torrent?titlekickasstoprojectcarspcfullgamedlcnosteam,1,True
http://www.torcache.agency/torrent/a/eba/f/ca/d/bf/d/fc.torrent?titlekickasstoprojectcarspcfullgamedlcnosteam,1,True
http://www.torcache.ind.in/torrent/a/eba/f/ca/d/bf/d/fc.torrent?titlekickasstoprojectcarspcfullgamedlcnosteam,1,True
http://www.torcache.farm/torrent/a/eba/f/ca/d/bf/d/fc.torrent?titlekickasstoprojectcarspcfullgamedlcnosteam,1,True
http://www.torcache.love/torrent/a/eba/f/ca/d/bf/d/fc.torrent?titlekickasstoprojectcarspcfullgamedlcnosteam,1,True
http://www.torcache.fit/torrent/a/eba/f/ca/d/bf/d/fc.torrent?titlekickasstoprojectcarspcfullgamedlcnosteam,1,True
http://www.torcache.click/torrent/a/eba/f/ca/d/bf/d/fc.torrent?titlekickasstoprojectcarspcfullgamedlcnosteam,1,True
https://www.tune.com.mx/video/video/susanne/at/anus/god/is/punishing/us/with/autism/and/tornados,1,True
https://www.tune.org.nz/video/video/susanne/at/anus/god/is/punishing/us/with/autism/and/tornados,1,True
https://www.tune.sg/video/video/susanne/at/anus/god/is/punishing/us/with/autism/and/tornados,0,False
https://www.tune.tk/video/video/susanne/at/anus/god/is/punishing/us/with/autism/and/tornados,1,True
https://www.tune.host/video/video/susanne/at/anus/god/is/punishing/us/with/autism/and/tornados,1,True
https://www.tune.info.pl/video/video/susanne/at/anus/god/is/punishing/us/with/autism/and/tornados,1,True
https://www.tune.org.cn/video/video/susanne/at/anus/god/is/punishing/us/with/autism/and/tornados,1,True
https://www.tune.store/video/video/susanne/at/anus/god/is/punishing/us/with/autism/and/tornados,1,True
https://www.tune.gg/video/video/susanne/at/anus/god/is/punishing/us/with/autism/and/tornados,1,True
https://www.tune.bz/video/video/susanne/at/anus/god/is/punishing/us/with/autism/and/tornados,1,True
https://www.tune.website/video/video/susanne/at/anus/god/is/punishing/us/with/autism/and/tornados,1,True
https://www.tune.news/video/video/susanne/at/anus/god/is/punishing/us/with/autism/and/tornados,0,False
https://www.tune.trade/video/video/susanne/at/anus/god/is/punishing/us/with/autism/and/tornados,1,True
https://www.tune.gold/video/video/susanne/at/anus/god/is/punishing/us/with/autism/and/tornados,1,True
https://www.tune.ag/video/video/susanne/at/anus/god/is/punishing/us/with/autism/and/tornados,0,False
https://www.tune.ind.in/video/video/susanne/at/anus/god/is/punishing/us/with/autism/and/tornados,1,True
https://www.tune.farm/video/video/susanne/at/anus/god/is/punishing/us/with/autism/and/tornados,1,True
https://www.tune.love/video/video/susanne/at/anus/god/is/punishing/us/with/autism/and/tornados,1,True
http://app.app.box.xyz/login/lang?langtrtr,1,True
http://app.app.box.club/login/lang?langtrtr,1,True
http://app.app.box.university/login/lang?langtrtr,1,True
http://app.app.box.online/login/lang?langtrtr,1,True
http://app.app.box.site/login/lang?langtrtr,1,True
http://app.app.box.navy/login/lang?langtrtr,1,True
http://app.app.box.tech/login/lang?langtrtr,1,True
http://app.app.box.market/login/lang?langtrtr,1,True
http://app.app.box.casa/login/lang?langtrtr,1,True
http://app.app.box.social/login/lang?langtrtr,1,True
http://app.app.box.info.ve/login/lang?langtrtr,1,True
http://app.app.box.legal/login/lang?langtrtr,1,True
http://app.app.box.support/login/lang?langtrtr,1,True
http://app.app.box.fun/login/lang?langtrtr,1,True
http://app.app.box.org.pe/login/lang?langtrtr,1,True
http://www.thechive.com.pl/kids/who/look/just/like/their/celebrity/parents/photos,1,True
http://www.thechive.com.co/kids/who/look/just/like/their/celebrity/parents/photos,0,False
http://www.thechive.university/kids/who/look/just/like/their/celebrity/parents/photos,0,False
http://www.thechive.net.au/kids/who/look/just/like/their/celebrity/parents/photos,0,False
http://www.thechive.ws/kids/who/look/just/like/their/celebrity/parents/photos,0,False
http://www.thechive.co.nz/kids/who/look/just/like/their/celebrity/parents/photos,0,False
http://www.thechive.com.ve/kids/who/look/just/like/their/celebrity/parents/photos,1,True
http://www.thechive.net.pl/kids/who/look/just/like/their/celebrity/parents/photos,0,False
http://www.thechive.org.in/kids/who/look/just/like/their/celebrity/parents/photos,0,False
http://www.thechive.org.au/kids/who/look/just/like/their/celebrity/parents/photos,0,False
http://www.thechive.com.pe/kids/who/look/just/like/their/celebrity/parents/photos,1,True
http://www.thechive.cool/kids/who/look/just/like/their/celebrity/parents/photos,1,True
http://www.thechive.org.ph/kids/who/look/just/like/their/celebrity/parents/photos,0,False
http://www.thechive.services/kids/who/look/just/like/their/celebrity/parents/photos,0,False
http://www.thechive.market/kids/who/look/just/like/their/celebrity/parents/photos,0,False
http://www.thechive.art/kids/who/look/just/like/their/celebrity/parents/photos,0,False
http://www.thechive.team/kids/who/look/just/like/their/celebrity/parents/photos,0,False
http://www.thechive.ink/kids/who/look/just/like/their/celebrity/parents/photos,0,False
http://www.thechive.casa/kids/who/look/just/like/their/celebrity/parents/photos,0,False
http://www.thechive.tips/kids/who/look/just/like/their/celebrity/parents/photos,0,False
http://www.thechive.ms/kids/who/look/just/like/their/celebrity/parents/photos,0,False
http://www.thechive.group/kids/who/look/just/like/their/celebrity/parents/photos,0,False
http://www.thechive.world/kids/who/look/just/like/their/celebrity/parents/photos,0,False
http://www.thechive.zone/kids/who/look/just/like/their/celebrity/parents/photos,0,False
http://www.thechive.guide/kids/who/look/just/like/their/celebrity/parents/photos,0,False
http://www.thechive.info.ve/kids/who/look/just/like/their/celebrity/parents/photos,0,False
http://www.thechive.ltd/kids/who/look/just/like/their/celebrity/parents/photos,0,False
http://www.thechive.legal/kids/who/look/just/like/their/celebrity/parents/photos,1,True
http://www.thechive.me.uk/kids/who/look/just/like/their/celebrity/parents/photos,0,False
http://www.thechive.house/kids/who/look/just/like/their/celebrity/parents/photos,1,True
http://www.thechive.studio/kids/who/look/just/like/their/celebrity/parents/photos,0,False
http://www.thechive.rocks/kids/who/look/just/like/their/celebrity/parents/photos,1,True
http://www.thechive.support/kids/who/look/just/like/their/celebrity/parents/photos,0,False
http://www.thechive.company/kids/who/look/just/like/their/celebrity/parents/photos,1,True
http://www.thechive.fun/kids/who/look/just/like/their/celebrity/parents/photos,0,False
http://www.thechive.expert/kids/who/look/just/like/their/celebrity/parents/photos,0,False
http://www.otomoto.ch/oferta/new/holland/nie/vic/on/john/krone/vel/ger/id/h/zp/y.html,1,True
http://www.otomoto.org.uk/oferta/new/holland/nie/vic/on/john/krone/vel/ger/id/h/zp/y.html,1,True
http://www.otomoto.org.nz/oferta/new/holland/nie/vic/on/john/krone/vel/ger/id/h/zp/y.html,1,True
http://www.otomoto.sg/oferta/new/holland/nie/vic/on/john/krone/vel/ger/id/h/zp/y.html,1,True
http://www.otomoto.com.cn/oferta/new/holland/nie/vic/on/john/krone/vel/ger/id/h/zp/y.html,1,True
http://www.otomoto.us/oferta/new/holland/nie/vic/on/john/krone/vel/ger/id/h/zp/y.html,1,True
http://www.otomoto.net.cn/oferta/new/holland/nie/vic/on/john/krone/vel/ger/id/h/zp/y.html,1,True
http://www.otomoto.at/oferta/new/holland/nie/vic/on/john/krone/vel/ger/id/h/zp/y.html,1,True
http://www.otomoto.help/oferta/new/holland/nie/vic/on/john/krone/vel/ger/id/h/zp/y.html,1,True
http://www.otomoto.com.ph/oferta/new/holland/nie/vic/on/john/krone/vel/ger/id/h/zp/y.html,1,True
http://www.otomoto.com.co/oferta/new/holland/nie/vic/on/john/krone/vel/ger/id/h/zp/y.html,1,True
http://www.otomoto.la/oferta/new/holland/nie/vic/on/john/krone/vel/ger/id/h/zp/y.html,1,True
http://www.otomoto.net.in/oferta/new/holland/nie/vic/on/john/krone/vel/ger/id/h/zp/y.html,1,True
http://www.otomoto.org.cn/oferta/new/holland/nie/vic/on/john/krone/vel/ger/id/h/zp/y.html,1,True
http://www.otomoto.am/oferta/new/holland/nie/vic/on/john/krone/vel/ger/id/h/zp/y.html,1,True
http://www.otomoto.live/oferta/new/holland/nie/vic/on/john/krone/vel/ger/id/h/zp/y.html,1,True
http://www.otomoto.life/oferta/new/holland/nie/vic/on/john/krone/vel/ger/id/h/zp/y.html,1,True
http://www.otomoto.link/oferta/new/holland/nie/vic/on/john/krone/vel/ger/id/h/zp/y.html,1,True
http://www.otomoto.store/oferta/new/holland/nie/vic/on/john/krone/vel/ger/id/h/zp/y.html,1,True
http://www.otomoto.gg/oferta/new/holland/nie/vic/on/john/krone/vel/ger/id/h/zp/y.html,1,True
http://www.otomoto.bz/oferta/new/holland/nie/vic/on/john/krone/vel/ger/id/h/zp/y.html,1,True
http://www.otomoto.ai/oferta/new/holland/nie/vic/on/john/krone/vel/ger/id/h/zp/y.html,1,True
http://www.otomoto.today/oferta/new/holland/nie/vic/on/john/krone/vel/ger/id/h/zp/y.html,1,True
http://www.otomoto.website/oferta/new/holland/nie/vic/on/john/krone/vel/ger/id/h/zp/y.html,1,True
http://www.otomoto.site/oferta/new/holland/nie/vic/on/john/krone/vel/ger/id/h/zp/y.html,1,True
http://www.otomoto.navy/oferta/new/holland/nie/vic/on/john/krone/vel/ger/id/h/zp/y.html,1,True
http://www.otomoto.app/oferta/new/holland/nie/vic/on/john/krone/vel/ger/id/h/zp/y.html,1,True
http://www.otomoto.services/oferta/new/holland/nie/vic/on/john/krone/vel/ger/id/h/zp/y.html,1,True
http://www.otomoto.market/oferta/new/holland/nie/vic/on/john/krone/vel/ger/id/h/zp/y.html,1,True
http://www.otomoto.gold/oferta/new/holland/nie/vic/on/john/krone/vel/ger/id/h/zp/y.html,1,True
http://www.otomoto.global/oferta/new/holland/nie/vic/on/john/krone/vel/ger/id/h/zp/y.html,1,True
http://www.otomoto.ag/oferta/new/holland/nie/vic/on/john/krone/vel/ger/id/h/zp/y.html,1,True
http://www.otomoto.agency/oferta/new/holland/nie/vic/on/john/krone/vel/ger/id/h/zp/y.html,1,True
http://www.otomoto.ind.in/oferta/new/holland/nie/vic/on/john/krone/vel/ger/id/h/zp/y.html,1,True
http://www.otomoto.farm/oferta/new/holland/nie/vic/on/john/krone/vel/ger/id/h/zp/y.html,1,True
http://www.otomoto.love/oferta/new/holland/nie/vic/on/john/krone/vel/ger/id/h/zp/y.html,1,True
http://www.otomoto.fit/oferta/new/holland/nie/vic/on/john/krone/vel/ger/id/h/zp/y.html,1,True
http://www.mheducation.co.za/pre/k/contact.html,0,False
http://www.mheducation.ch/pre/k/contact.html,0,False
http://www.mheducation.xyz/pre/k/contact.html,1,True
http://www.mheducation.pro/pre/k/contact.html,0,False
http://www.mheducation.la/pre/k/contact.html,0,False
http://www.mheducation.net.in/pre/k/contact.html,0,False
http://www.mheducation.org.cn/pre/k/contact.html,0,False
http://www.mheducation.online/pre/k/contact.html,1,True
http://www.mheducation.am/pre/k/contact.html,0,False
http://www.mheducation.live/pre/k/contact.html,0,False
http://www.mheducation.life/pre/k/contact.html,0,False
http://www.mheducation.center/pre/k/contact.html,1,True
http://www.mheducation.store/pre/k/contact.html,0,False
http://www.mheducation.gg/pre/k/contact.html,0,False
http://www.mheducation.bz/pre/k/contact.html,0,False
http://www.mheducation.ai/pre/k/contact.html,0,False
http://www.mheducation.today/pre/k/contact.html,0,False
http://www.mheducation.website/pre/k/contact.html,0,False
http://www.mheducation.site/pre/k/contact.html,0,False
http://www.mheducation.navy/pre/k/contact.html,0,False
http://www.mheducation.tech/pre/k/contact.html,0,False
http://www.mheducation.services/pre/k/contact.html,0,False
http://www.mheducation.fit/pre/k/contact.html,0,False
http://www.mheducation.click/pre/k/contact.html,1,True
http://www.golistenlive.com.mx/columns/indy/bands/guerilla/marketing.asp,0,False
http://www.golistenlive.nl/columns/indy/bands/guerilla/marketing.asp,0,False
http://www.golistenlive.co.za/columns/indy/bands/guerilla/marketing.asp,0,False
http://www.golistenlive.com.au/columns/indy/bands/guerilla/marketing.asp,0,False
http://www.golistenlive.ch/columns/indy/bands/guerilla/marketing.asp,0,False
http://www.golistenlive.xyz/columns/indy/bands/guerilla/marketing.asp,0,False
http://www.golistenlive.org.uk/columns/indy/bands/guerilla/marketing.asp,0,False
http://www.golistenlive.ca/columns/indy/bands/guerilla/marketing.asp,0,False
http://www.golistenlive.asia/columns/indy/bands/guerilla/marketing.asp,0,False
http://www.golistenlive.org.nz/columns/indy/bands/guerilla/marketing.asp,0,False
http://www.golistenlive.sg/columns/indy/bands/guerilla/marketing.asp,0,False
http://www.golistenlive.ph/columns/indy/bands/guerilla/marketing.asp,0,False
http://www.golistenlive.com.cn/columns/indy/bands/guerilla/marketing.asp,0,False
http://www.golistenlive.pro/columns/indy/bands/guerilla/marketing.asp,0,False
http://www.golistenlive.la/columns/indy/bands/guerilla/marketing.asp,0,False
http://www.golistenlive.net.in/columns/indy/bands/guerilla/marketing.asp,0,False
http://www.golistenlive.org.cn/columns/indy/bands/guerilla/marketing.asp,0,False
http://www.golistenlive.online/columns/indy/bands/guerilla/marketing.asp,0,False
http://www.golistenlive.am/columns/indy/bands/guerilla/marketing.asp,0,False
http://www.golistenlive.live/columns/indy/bands/guerilla/marketing.asp,0,False
http://www.golistenlive.life/columns/indy/bands/guerilla/marketing.asp,0,False
http://www.golistenlive.link/columns/indy/bands/guerilla/marketing.asp,0,False
http://www.golistenlive.center/columns/indy/bands/guerilla/marketing.asp,0,False
http://www.golistenlive.store/columns/indy/bands/guerilla/marketing.asp,0,False
http://www.golistenlive.gg/columns/indy/bands/guerilla/marketing.asp,0,False
http://www.golistenlive.bz/columns/indy/bands/guerilla/marketing.asp,0,False
http://www.golistenlive.ai/columns/indy/bands/guerilla/marketing.asp,0,False
http://www.golistenlive.today/columns/indy/bands/guerilla/marketing.asp,0,False
http://www.golistenlive.website/columns/indy/bands/guerilla/marketing.asp,0,False
http://www.golistenlive.site/columns/indy/bands/guerilla/marketing.asp,0,False
http://www.golistenlive.navy/columns/indy/bands/guerilla/marketing.asp,0,False
http://www.golistenlive.tech/columns/indy/bands/guerilla/marketing.asp,0,False
http://www.golistenlive.fit/columns/indy/bands/guerilla/marketing.asp,0,False
http://www.golistenlive.click/columns/indy/bands/guerilla/marketing.asp,1,True
http://www.instructure.com.mx/canvas/higher/education,0,False
http://www.instructure.nl/canvas/higher/education,0,False
http://www.instructure.co.za/canvas/higher/education,0,False
http://www.instructure.ch/canvas/higher/education,0,False
http://www.instructure.org.uk/canvas/higher/education,0,False
http://www.instructure.asia/canvas/higher/education,0,False
http://www.instructure.org.nz/canvas/higher/education,0,False
http://www.instructure.sg/canvas/higher/education,0,False
http://www.instructure.org.cn/canvas/higher/education,0,False
http://www.instructure.online/canvas/higher/education,1,True
http://www.instructure.am/canvas/higher/education,0,False
http://www.instructure.life/canvas/higher/education,0,False
http://www.instructure.link/canvas/higher/education,0,False
http://www.instructure.center/canvas/higher/education,0,False
http://www.instructure.store/canvas/higher/education,0,False
http://www.instructure.gg/canvas/higher/education,0,False
http://www.instructure.bz/canvas/higher/education,0,False
http://www.instructure.ai/canvas/higher/education,0,False
http://www.instructure.today/canvas/higher/education,1,True
http://www.instructure.website/canvas/higher/education,0,False
http://www.instructure.navy/canvas/higher/education,0,False
http://www.instructure.tech/canvas/higher/education,0,False
http://www.instructure.services/canvas/higher/education,0,False
http://www.instructure.market/canvas/higher/education,0,False
http://www.instructure.art/canvas/higher/education,0,False
http://www.instructure.team/canvas/higher/education,0,False
http://www.instructure.ink/canvas/higher/education,0,False
http://www.instructure.casa/canvas/higher/education,0,False
http://www.instructure.tips/canvas/higher/education,0,False
http://www.instructure.fit/canvas/higher/education,0,False
http://www.instructure.click/canvas/higher/education,1,True
http://www.adriver.nl/about/contacts,0,False
http://www.adriver.co.za/about/contacts,1,True
http://www.adriver.org.in/about/contacts,0,False
http://www.adriver.org.au/about/contacts,0,False
http://www.adriver.com.pe/about/contacts,1,True
http://www.adriver.cool/about/contacts,1,True
http://www.adriver.org.ph/about/contacts,1,True
http://www.adriver.gs/about/contacts,1,True
http://www.adriver.co.in/about/contacts,0,False
http://www.adriver.host/about/contacts,1,True
http://www.adriver.info.pl/about/contacts,1,True
http://www.adriver.mobi/about/contacts,1,True
http://www.adriver.space/about/contacts,1,True
http://www.adriver.pro/about/contacts,1,True
http://www.adriver.la/about/contacts,1,True
http://www.adriver.net.in/about/contacts,0,False
http://www.adriver.org.cn/about/contacts,1,True
http://www.adriver.studio/about/contacts,0,False
http://www.adriver.rocks/about/contacts,1,True
http://www.adriver.support/about/contacts,1,True
http://www.adriver.company/about/contacts,1,True
http://www.adriver.fun/about/contacts,1,True
http://www.adriver.work/about/contacts,0,False
http://www.adriver.expert/about/contacts,1,True
http://www.adriver.tw/about/contacts,1,True
http://www.adriver.hosting/about/contacts,0,False
http://www.adriver.org.pe/about/contacts,1,True
http://www.adriver.cloud/about/contacts,1,True
http://www.adriver.com.es/about/contacts,1,True
http://www.adriver.clinic/about/contacts,0,False
http://www.adriver.business/about/contacts,1,True
http://www.adriver.cash/about/contacts,1,True
http://www.adriver.army/about/contacts,1,True
http://www.adriver.news/about/contacts,1,True
http://www.adriver.network/about/contacts,0,False
http://www.adriver.trade/about/contacts,1,True
http://www.adriver.best/about/contacts,1,True
http://www.adriver.gold/about/contacts,0,False
http://www.adriver.global/about/contacts,1,True
http://www.adriver.ag/about/contacts,0,False
http://www.adriver.agency/about/contacts,1,True
http://us.imdb.net.pl/title/tt,0,False
http://us.imdb.org.in/title/tt,0,False
http://us.imdb.org.au/title/tt,0,False
http://us.imdb.org.ph/title/tt,0,False
http://us.imdb.hosting/title/tt,0,False
http://us.imdb.org.pe/title/tt,0,False
http://us.imdb.trade/title/tt,0,False
http://us.imdb.ind.in/title/tt,0,False
http://www.seasonvar.org.uk/serial/genij/velikobritanii/uchnye/kotorye/izmenili/mir.html,0,False
http://www.seasonvar.ca/serial/genij/velikobritanii/uchnye/kotorye/izmenili/mir.html,0,False
http://www.seasonvar.asia/serial/genij/velikobritanii/uchnye/kotorye/izmenili/mir.html,1,True
http://www.seasonvar.org.nz/serial/genij/velikobritanii/uchnye/kotorye/izmenili/mir.html,0,False
http://www.seasonvar.sg/serial/genij/velikobritanii/uchnye/kotorye/izmenili/mir.html,0,False
http://www.seasonvar.ph/serial/genij/velikobritanii/uchnye/kotorye/izmenili/mir.html,1,True
http://www.seasonvar.com.cn/serial/genij/velikobritanii/uchnye/kotorye/izmenili/mir.html,1,True
http://www.seasonvar.net.cn/serial/genij/velikobritanii/uchnye/kotorye/izmenili/mir.html,1,True
http://www.seasonvar.es/serial/genij/velikobritanii/uchnye/kotorye/izmenili/mir.html,1,True
http://www.seasonvar.at/serial/genij/velikobritanii/uchnye/kotorye/izmenili/mir.html,0,False
http://www.seasonvar.help/serial/genij/velikobritanii/uchnye/kotorye/izmenili/mir.html,1,True
http://www.seasonvar.com.ph/serial/genij/velikobritanii/uchnye/kotorye/izmenili/mir.html,1,True
http://www.seasonvar.com.pl/serial/genij/velikobritanii/uchnye/kotorye/izmenili/mir.html,1,True
http://www.seasonvar.com.co/serial/genij/velikobritanii/uchnye/kotorye/izmenili/mir.html,1,True
http://www.seasonvar.university/serial/genij/velikobritanii/uchnye/kotorye/izmenili/mir.html,1,True
http://www.seasonvar.net.au/serial/genij/velikobritanii/uchnye/kotorye/izmenili/mir.html,1,True
http://www.seasonvar.link/serial/genij/velikobritanii/uchnye/kotorye/izmenili/mir.html,1,True
http://www.seasonvar.center/serial/genij/velikobritanii/uchnye/kotorye/izmenili/mir.html,1,True
http://www.seasonvar.gg/serial/genij/velikobritanii/uchnye/kotorye/izmenili/mir.html,1,True
http://www.seasonvar.bz/serial/genij/velikobritanii/uchnye/kotorye/izmenili/mir.html,1,True
http://www.seasonvar.ai/serial/genij/velikobritanii/uchnye/kotorye/izmenili/mir.html,0,False
http://www.seasonvar.today/serial/genij/velikobritanii/uchnye/kotorye/izmenili/mir.html,1,True
http://www.seasonvar.navy/serial/genij/velikobritanii/uchnye/kotorye/izmenili/mir.html,1,True
http://www.seasonvar.app/serial/genij/velikobritanii/uchnye/kotorye/izmenili/mir.html,1,True
http://www.seasonvar.services/serial/genij/velikobritanii/uchnye/kotorye/izmenili/mir.html,1,True
http://www.seasonvar.market/serial/genij/velikobritanii/uchnye/kotorye/izmenili/mir.html,1,True
http://www.seasonvar.art/serial/genij/velikobritanii/uchnye/kotorye/izmenili/mir.html,1,True
http://www.seasonvar.team/serial/genij/velikobritanii/uchnye/kotorye/izmenili/mir.html,1,True
http://www.seasonvar.ink/serial/genij/velikobritanii/uchnye/kotorye/izmenili/mir.html,0,False
http://www.seasonvar.casa/serial/genij/velikobritanii/uchnye/kotorye/izmenili/mir.html,1,True
http://www.seasonvar.tips/serial/genij/velikobritanii/uchnye/kotorye/izmenili/mir.html,1,True
http://www.seasonvar.ms/serial/genij/velikobritanii/uchnye/kotorye/izmenili/mir.html,1,True
http://www.seasonvar.social/serial/genij/velikobritanii/uchnye/kotorye/izmenili/mir.html,1,True
http://www.seasonvar.group/serial/genij/velikobritanii/uchnye/kotorye/izmenili/mir.html,1,True
http://www.seasonvar.zone/serial/genij/velikobritanii/uchnye/kotorye/izmenili/mir.html,1,True
http://www.seasonvar.guide/serial/genij/velikobritanii/uchnye/kotorye/izmenili/mir.html,0,False
http://www.seasonvar.info.ve/serial/genij/velikobritanii/uchnye/kotorye/izmenili/mir.html,1,True
http://www.seasonvar.email/serial/genij/velikobritanii/uchnye/kotorye/izmenili/mir.html,1,True
http://www.seasonvar.ltd/serial/genij/velikobritanii/uchnye/kotorye/izmenili/mir.html,1,True
http://www.seasonvar.click/serial/genij/velikobritanii/uchnye/kotorye/izmenili/mir.html,1,True
http://www.ap.com.ve/content/press/release/ap/to/showcase/images/of/daily/life/worldwide/at/tokyo/gallery,1,True
http://www.ap.com.pe/content/press/release/ap/to/showcase/images/of/daily/life/worldwide/at/tokyo/gallery,1,True
http://www.ap.cool/content/press/release/ap/to/showcase/images/of/daily/life/worldwide/at/tokyo/gallery,1,True
http://www.ap.guide/content/press/release/ap/to/showcase/images/of/daily/life/worldwide/at/tokyo/gallery,1,True
http://www.ap.info.ve/content/press/release/ap/to/showcase/images/of/daily/life/worldwide/at/tokyo/gallery,1,True
http://www.ap.house/content/press/release/ap/to/showcase/images/of/daily/life/worldwide/at/tokyo/gallery,1,True
http://www.ap.rocks/content/press/release/ap/to/showcase/images/of/daily/life/worldwide/at/tokyo/gallery,1,True
http://www.ap.work/content/press/release/ap/to/showcase/images/of/daily/life/worldwide/at/tokyo/gallery,1,True
http://www.ap.expert/content/press/release/ap/to/showcase/images/of/daily/life/worldwide/at/tokyo/gallery,1,True
http://www.ap.org.pe/content/press/release/ap/to/showcase/images/of/daily/life/worldwide/at/tokyo/gallery,1,True
http://www.olx.org.uk/i/jasa/lowongan/kerja/jasa/komputer/internet/jasa/lowongan/kerja/jasa/komputer/internet,0,False
http://www.olx.net.in/i/jasa/lowongan/kerja/jasa/komputer/internet/jasa/lowongan/kerja/jasa/komputer/internet,0,False
http://www.olx.live/i/jasa/lowongan/kerja/jasa/komputer/internet/jasa/lowongan/kerja/jasa/komputer/internet,0,False
http://www.olx.news/i/jasa/lowongan/kerja/jasa/komputer/internet/jasa/lowongan/kerja/jasa/komputer/internet,0,False
http://www.olx.ind.in/i/jasa/lowongan/kerja/jasa/komputer/internet/jasa/lowongan/kerja/jasa/komputer/internet,0,False
http://www.stackexchange.com.mx/newsletters/newsletter?siteearthsciencestackexchangecom,0,False
http://www.stackexchange.nl/newsletters/newsletter?siteearthsciencestackexchangecom,0,False
http://www.stackexchange.co.za/newsletters/newsletter?siteearthsciencestackexchangecom,0,False
http://www.stackexchange.com.au/newsletters/newsletter?siteearthsciencestackexchangecom,0,False
http://www.stackexchange.ch/newsletters/newsletter?siteearthsciencestackexchangecom,0,False
http://www.stackexchange.org.in/newsletters/newsletter?siteearthsciencestackexchangecom,0,False
http://www.stackexchange.org.au/newsletters/newsletter?siteearthsciencestackexchangecom,0,False
http://www.stackexchange.com.pe/newsletters/newsletter?siteearthsciencestackexchangecom,0,False
http://www.stackexchange.cool/newsletters/newsletter?siteearthsciencestackexchangecom,0,False
http://www.stackexchange.org.ph/newsletters/newsletter?siteearthsciencestackexchangecom,0,False
http://www.stackexchange.gs/newsletters/newsletter?siteearthsciencestackexchangecom,0,False
http://www.stackexchange.co.in/newsletters/newsletter?siteearthsciencestackexchangecom,0,False
http://www.stackexchange.host/newsletters/newsletter?siteearthsciencestackexchangecom,0,False
http://www.stackexchange.info.pl/newsletters/newsletter?siteearthsciencestackexchangecom,0,False
http://www.stackexchange.mobi/newsletters/newsletter?siteearthsciencestackexchangecom,0,False
http://www.stackexchange.space/newsletters/newsletter?siteearthsciencestackexchangecom,0,False
http://www.stackexchange.pro/newsletters/newsletter?siteearthsciencestackexchangecom,0,False
http://www.stackexchange.la/newsletters/newsletter?siteearthsciencestackexchangecom,0,False
http://www.stackexchange.net.in/newsletters/newsletter?siteearthsciencestackexchangecom,0,False
http://www.stackexchange.org.cn/newsletters/newsletter?siteearthsciencestackexchangecom,0,False
http://www.stackexchange.rocks/newsletters/newsletter?siteearthsciencestackexchangecom,0,False
http://www.stackexchange.support/newsletters/newsletter?siteearthsciencestackexchangecom,0,False
http://www.stackexchange.company/newsletters/newsletter?siteearthsciencestackexchangecom,0,False
http://www.stackexchange.fun/newsletters/newsletter?siteearthsciencestackexchangecom,0,False
http://www.stackexchange.work/newsletters/newsletter?siteearthsciencestackexchangecom,0,False
http://www.stackexchange.expert/newsletters/newsletter?siteearthsciencestackexchangecom,0,False
http://www.stackexchange.tw/newsletters/newsletter?siteearthsciencestackexchangecom,0,False
http://www.stackexchange.hosting/newsletters/newsletter?siteearthsciencestackexchangecom,0,False
http://www.stackexchange.org.pe/newsletters/newsletter?siteearthsciencestackexchangecom,0,False
http://www.stackexchange.cloud/newsletters/newsletter?siteearthsciencestackexchangecom,0,False
http://www.stackexchange.com.es/newsletters/newsletter?siteearthsciencestackexchangecom,0,False
http://www.stackexchange.clinic/newsletters/newsletter?siteearthsciencestackexchangecom,0,False
http://www.stackexchange.business/newsletters/newsletter?siteearthsciencestackexchangecom,0,False
http://www.stackexchange.cash/newsletters/newsletter?siteearthsciencestackexchangecom,0,False
http://www.stackexchange.army/newsletters/newsletter?siteearthsciencestackexchangecom,0,False
http://www.stackexchange.news/newsletters/newsletter?siteearthsciencestackexchangecom,0,False
http://www.stackexchange.network/newsletters/newsletter?siteearthsciencestackexchangecom,0,False
http://www.stackexchange.trade/newsletters/newsletter?siteearthsciencestackexchangecom,0,False
http://www.stackexchange.best/newsletters/newsletter?siteearthsciencestackexchangecom,0,False
http://www.stackexchange.gold/newsletters/newsletter?siteearthsciencestackexchangecom,0,False
http://www.stackexchange.global/newsletters/newsletter?siteearthsciencestackexchangecom,0,False
http://www.stackexchange.ag/newsletters/newsletter?siteearthsciencestackexchangecom,0,False
http://www.stackexchange.agency/newsletters/newsletter?siteearthsciencestackexchangecom,0,False
http://www.sourceforge.com.au/directory/add/facet/filter?facetdevelopmentstatusconstraintplanning,0,False
http://www.sourceforge.ch/directory/add/facet/filter?facetdevelopmentstatusconstraintplanning,0,False
http://www.sourceforge.org.uk/directory/add/facet/filter?facetdevelopmentstatusconstraintplanning,0,False
http://www.sourceforge.ca/directory/add/facet/filter?facetdevelopmentstatusconstraintplanning,0,False
http://www.sourceforge.asia/directory/add/facet/filter?facetdevelopmentstatusconstraintplanning,0,False
http://www.sourceforge.org.nz/directory/add/facet/filter?facetdevelopmentstatusconstraintplanning,0,False
http://www.sourceforge.sg/directory/add/facet/filter?facetdevelopmentstatusconstraintplanning,0,False
http://www.sourceforge.ph/directory/add/facet/filter?facetdevelopmentstatusconstraintplanning,0,False
http://www.sourceforge.us/directory/add/facet/filter?facetdevelopmentstatusconstraintplanning,0,False
http://www.sourceforge.es/directory/add/facet/filter?facetdevelopmentstatusconstraintplanning,0,False
http://www.sourceforge.be/directory/add/facet/filter?facetdevelopmentstatusconstraintplanning,0,False
http://www.sourceforge.com.ph/directory/add/facet/filter?facetdevelopmentstatusconstraintplanning,0,False
http://www.sourceforge.com.pl/directory/add/facet/filter?facetdevelopmentstatusconstraintplanning,0,False
http://www.sourceforge.com.co/directory/add/facet/filter?facetdevelopmentstatusconstraintplanning,0,False
http://www.sourceforge.host/directory/add/facet/filter?facetdevelopmentstatusconstraintplanning,0,False
http://www.sourceforge.info.pl/directory/add/facet/filter?facetdevelopmentstatusconstraintplanning,0,False
http://www.sourceforge.mobi/directory/add/facet/filter?facetdevelopmentstatusconstraintplanning,0,False
http://www.sourceforge.pro/directory/add/facet/filter?facetdevelopmentstatusconstraintplanning,0,False
http://www.sourceforge.la/directory/add/facet/filter?facetdevelopmentstatusconstraintplanning,0,False
http://www.sourceforge.net.in/directory/add/facet/filter?facetdevelopmentstatusconstraintplanning,0,False
http://www.sourceforge.am/directory/add/facet/filter?facetdevelopmentstatusconstraintplanning,0,False
http://www.sourceforge.live/directory/add/facet/filter?facetdevelopmentstatusconstraintplanning,0,False
http://www.sourceforge.life/directory/add/facet/filter?facetdevelopmentstatusconstraintplanning,0,False
http://www.sourceforge.link/directory/add/facet/filter?facetdevelopmentstatusconstraintplanning,0,False
http://www.sourceforge.center/directory/add/facet/filter?facetdevelopmentstatusconstraintplanning,0,False
http://www.sourceforge.store/directory/add/facet/filter?facetdevelopmentstatusconstraintplanning,0,False
http://www.sourceforge.gg/directory/add/facet/filter?facetdevelopmentstatusconstraintplanning,0,False
http://www.sourceforge.bz/directory/add/facet/filter?facetdevelopmentstatusconstraintplanning,0,False
http://www.sourceforge.ai/directory/add/facet/filter?facetdevelopmentstatusconstraintplanning,0,False
http://www.sourceforge.clinic/directory/add/facet/filter?facetdevelopmentstatusconstraintplanning,0,False
http://www.sourceforge.business/directory/add/facet/filter?facetdevelopmentstatusconstraintplanning,0,False
http://www.sourceforge.cash/directory/add/facet/filter?facetdevelopmentstatusconstraintplanning,0,False
http://www.sourceforge.army/directory/add/facet/filter?facetdevelopmentstatusconstraintplanning,0,False
http://www.sourceforge.news/directory/add/facet/filter?facetdevelopmentstatusconstraintplanning,0,False
http://www.sourceforge.network/directory/add/facet/filter?facetdevelopmentstatusconstraintplanning,0,False
http://www.sourceforge.trade/directory/add/facet/filter?facetdevelopmentstatusconstraintplanning,0,False
http://www.sourceforge.best/directory/add/facet/filter?facetdevelopmentstatusconstraintplanning,0,False
http://www.sourceforge.gold/directory/add/facet/filter?facetdevelopmentstatusconstraintplanning,0,False
http://www.sourceforge.global/directory/add/facet/filter?facetdevelopmentstatusconstraintplanning,0,False
http://www.sourceforge.ag/directory/add/facet/filter?facetdevelopmentstatusconstraintplanning,0,False
http://www.sourceforge.agency/directory/add/facet/filter?facetdevelopmentstatusconstraintplanning,0,False
http://www.sourceforge.ind.in/directory/add/facet/filter?facetdevelopmentstatusconstraintplanning,0,False
http://www.sourceforge.farm/directory/add/facet/filter?facetdevelopmentstatusconstraintplanning,0,False
http://www.sourceforge.love/directory/add/facet/filter?facetdevelopmentstatusconstraintplanning,0,False
http://www.sourceforge.fit/directory/add/facet/filter?facetdevelopmentstatusconstraintplanning,0,False
http://www.motthegioi.com.mx/khoa/hoc/gia/o/duc/blog/sinh/vien/sinh/vien/o/tro/can/n/hung/vat/dung/gi.html,1,True
http://www.motthegioi.nl/khoa/hoc/gia/o/duc/blog/sinh/vien/sinh/vien/o/tro/can/n/hung/vat/dung/gi.html,1,True
http://www.motthegioi.co.za/khoa/hoc/gia/o/duc/blog/sinh/vien/sinh/vien/o/tro/can/n/hung/vat/dung/gi.html,1,True
http://www.motthegioi.com.pe/khoa/hoc/gia/o/duc/blog/sinh/vien/sinh/vien/o/tro/can/n/hung/vat/dung/gi.html,1,True
http://www.motthegioi.cool/khoa/hoc/gia/o/duc/blog/sinh/vien/sinh/vien/o/tro/can/n/hung/vat/dung/gi.html,1,True
http://www.motthegioi.org.ph/khoa/hoc/gia/o/duc/blog/sinh/vien/sinh/vien/o/tro/can/n/hung/vat/dung/gi.html,1,True
http://www.motthegioi.gs/khoa/hoc/gia/o/duc/blog/sinh/vien/sinh/vien/o/tro/can/n/hung/vat/dung/gi.html,1,True
http://www.motthegioi.co.in/khoa/hoc/gia/o/duc/blog/sinh/vien/sinh/vien/o/tro/can/n/hung/vat/dung/gi.html,1,True
http://www.motthegioi.host/khoa/hoc/gia/o/duc/blog/sinh/vien/sinh/vien/o/tro/can/n/hung/vat/dung/gi.html,1,True
http://www.motthegioi.info.pl/khoa/hoc/gia/o/duc/blog/sinh/vien/sinh/vien/o/tro/can/n/hung/vat/dung/gi.html,1,True
http://www.motthegioi.mobi/khoa/hoc/gia/o/duc/blog/sinh/vien/sinh/vien/o/tro/can/n/hung/vat/dung/gi.html,1,True
http://www.motthegioi.space/khoa/hoc/gia/o/duc/blog/sinh/vien/sinh/vien/o/tro/can/n/hung/vat/dung/gi.html,1,True
http://www.motthegioi.pro/khoa/hoc/gia/o/duc/blog/sinh/vien/sinh/vien/o/tro/can/n/hung/vat/dung/gi.html,1,True
http://www.motthegioi.la/khoa/hoc/gia/o/duc/blog/sinh/vien/sinh/vien/o/tro/can/n/hung/vat/dung/gi.html,1,True
http://www.motthegioi.net.in/khoa/hoc/gia/o/duc/blog/sinh/vien/sinh/vien/o/tro/can/n/hung/vat/dung/gi.html,1,True
http://www.motthegioi.org.cn/khoa/hoc/gia/o/duc/blog/sinh/vien/sinh/vien/o/tro/can/n/hung/vat/dung/gi.html,1,True
http://www.motthegioi.online/khoa/hoc/gia/o/duc/blog/sinh/vien/sinh/vien/o/tro/can/n/hung/vat/dung/gi.html,1,True
http://www.motthegioi.tw/khoa/hoc/gia/o/duc/blog/sinh/vien/sinh/vien/o/tro/can/n/hung/vat/dung/gi.html,1,True
http://www.motthegioi.hosting/khoa/hoc/gia/o/duc/blog/sinh/vien/sinh/vien/o/tro/can/n/hung/vat/dung/gi.html,1,True
http://www.motthegioi.org.pe/khoa/hoc/gia/o/duc/blog/sinh/vien/sinh/vien/o/tro/can/n/hung/vat/dung/gi.html,1,True
http://www.motthegioi.cloud/khoa/hoc/gia/o/duc/blog/sinh/vien/sinh/vien/o/tro/can/n/hung/vat/dung/gi.html,1,True
http://www.motthegioi.com.es/khoa/hoc/gia/o/duc/blog/sinh/vien/sinh/vien/o/tro/can/n/hung/vat/dung/gi.html,1,True
http://www.motthegioi.clinic/khoa/hoc/gia/o/duc/blog/sinh/vien/sinh/vien/o/tro/can/n/hung/vat/dung/gi.html,1,True
http://www.motthegioi.business/khoa/hoc/gia/o/duc/blog/sinh/vien/sinh/vien/o/tro/can/n/hung/vat/dung/gi.html,1,True
http://www.motthegioi.cash/khoa/hoc/gia/o/duc/blog/sinh/vien/sinh/vien/o/tro/can/n/hung/vat/dung/gi.html,1,True
http://www.motthegioi.army/khoa/hoc/gia/o/duc/blog/sinh/vien/sinh/vien/o/tro/can/n/hung/vat/dung/gi.html,1,True
http://www.motthegioi.news/khoa/hoc/gia/o/duc/blog/sinh/vien/sinh/vien/o/tro/can/n/hung/vat/dung/gi.html,1,True
http://www.motthegioi.network/khoa/hoc/gia/o/duc/blog/sinh/vien/sinh/vien/o/tro/can/n/hung/vat/dung/gi.html,1,True
http://www.motthegioi.trade/khoa/hoc/gia/o/duc/blog/sinh/vien/sinh/vien/o/tro/can/n/hung/vat/dung/gi.html,1,True
http://www.motthegioi.best/khoa/hoc/gia/o/duc/blog/sinh/vien/sinh/vien/o/tro/can/n/hung/vat/dung/gi.html,1,True
http://www.motthegioi.gold/khoa/hoc/gia/o/duc/blog/sinh/vien/sinh/vien/o/tro/can/n/hung/vat/dung/gi.html,1,True
http://www.motthegioi.global/khoa/hoc/gia/o/duc/blog/sinh/vien/sinh/vien/o/tro/can/n/hung/vat/dung/gi.html,1,True
http://www.motthegioi.ag/khoa/hoc/gia/o/duc/blog/sinh/vien/sinh/vien/o/tro/can/n/hung/vat/dung/gi.html,1,True
http://www.motthegioi.agency/khoa/hoc/gia/o/duc/blog/sinh/vien/sinh/vien/o/tro/can/n/hung/vat/dung/gi.html,1,True
http://www.motthegioi.ind.in/khoa/hoc/gia/o/duc/blog/sinh/vien/sinh/vien/o/tro/can/n/hung/vat/dung/gi.html,1,True
http://www.motthegioi.farm/khoa/hoc/gia/o/duc/blog/sinh/vien/sinh/vien/o/tro/can/n/hung/vat/dung/gi.html,1,True
http://www.motthegioi.love/khoa/hoc/gia/o/duc/blog/sinh/vien/sinh/vien/o/tro/can/n/hung/vat/dung/gi.html,1,True
http://www.apbpets.com.mx,0,False
http://www.apbpets.nl,0,False
http://www.apbpets.co.za,0,False
http://www.apbpets.com.au,0,False
http://www.apbpets.ch,0,False
http://www.apbpets.xyz,0,False
http://www.apbpets.org.uk,0,False
http://www.apbpets.ca,0,False
http://www.apbpets.asia,0,False
http://www.apbpets.org.nz,0,False
http://www.apbpets.sg,0,False
http://www.apbpets.ph,0,False
http://www.apbpets.com.cn,0,False
http://www.apbpets.org.ph,0,False
http://www.apbpets.gs,0,False
http://www.apbpets.co.in,0,False
http://www.apbpets.host,0,False
http://www.apbpets.info.pl,0,False
http://www.apbpets.mobi,0,False
http://www.apbpets.space,0,False
http://www.apbpets.pro,0,False
http://www.apbpets.la,0,False
http://www.apbpets.net.in,0,False
http://www.apbpets.org.cn,0,False
http://www.apbpets.online,0,False
http://www.apbpets.am,0,False
http://www.apbpets.live,0,False
http://www.apbpets.tw,0,False
http://www.apbpets.hosting,0,False
http://www.apbpets.org.pe,0,False
http://www.apbpets.cloud,1,True
http://www.apbpets.com.es,0,False
http://www.apbpets.clinic,0,False
http://www.apbpets.business,0,False
http://www.apbpets.cash,0,False
http://www.apbpets.army,0,False
http://www.apbpets.news,0,False
http://www.apbpets.network,0,False
http://www.apbpets.trade,0,False
http://www.apbpets.best,0,False
http://www.apbpets.gold,0,False
http://www.apbpets.global,0,False
http://www.apbpets.ag,0,False
http://www.apbpets.agency,0,False
http://www.apbpets.ind.in,0,False
http://www.apbpets.farm,0,False
http://www.apbpets.love,0,False
http://www.getpublica.com.pl/contact,1,True
http://www.getpublica.club/contact,0,False
http://www.getpublica.com.co/contact,1,True
http://www.getpublica.university/contact,0,False
http://www.getpublica.net.au/contact,0,False
http://www.getpublica.ws/contact,1,True
http://www.getpublica.co/contact,0,False
http://www.getpublica.co.nz/contact,0,False
http://www.getpublica.com.ve/contact,1,True
http://www.getpublica.net.pl/contact,1,True
http://www.getpublica.org.in/contact,0,False
http://www.getpublica.org.au/contact,0,False
http://www.getpublica.com.pe/contact,1,True
http://www.getpublica.cool/contact,1,True
http://www.getpublica.org.ph/contact,1,True
http://www.getpublica.site/contact,0,False
http://www.getpublica.navy/contact,0,False
http://www.getpublica.tech/contact,0,False
http://www.getpublica.app/contact,1,True
http://www.getpublica.services/contact,0,False
http://www.getpublica.market/contact,0,False
http://www.getpublica.art/contact,0,False
http://www.getpublica.team/contact,0,False
http://www.getpublica.ink/contact,0,False
http://www.getpublica.casa/contact,0,False
http://www.getpublica.tips/contact,0,False
http://www.getpublica.ms/contact,0,False
http://www.getpublica.social/contact,1,True
http://www.getpublica.group/contact,1,True
http://www.getpublica.world/contact,0,False
http://www.getpublica.zone/contact,0,False
http://www.getpublica.guide/contact,0,False
http://www.getpublica.info.ve/contact,0,False
http://www.getpublica.email/contact,1,True
http://www.getpublica.ltd/contact,0,False
http://www.getpublica.vip/contact,0,False
http://www.getpublica.legal/contact,1,True
http://www.getpublica.me.uk/contact,0,False
http://www.getpublica.house/contact,0,False
http://www.getpublica.studio/contact,1,True
http://www.getpublica.rocks/contact,0,False
http://www.getpublica.support/contact,1,True
http://www.getpublica.company/contact,0,False
http://www.getpublica.fun/contact,1,True
http://www.getpublica.work/contact,1,True
http://www.getpublica.fit/contact,0,False
http://www.getpublica.click/contact,1,True
http://www.sanpedrocollege.com.mx,0,False
http://www.sanpedrocollege.nl,0,False
http://www.sanpedrocollege.co.za,0,False
http://www.sanpedrocollege.com.au,0,False
http://www.sanpedrocollege.ch,0,False
http://www.sanpedrocollege.xyz,1,True
http://www.sanpedrocollege.org.uk,0,False
http://www.sanpedrocollege.com.pe,0,False
http://www.sanpedrocollege.cool,0,False
http://www.sanpedrocollege.org.ph,0,False
http://www.sanpedrocollege.gs,0,False
http://www.sanpedrocollege.co.in,0,False
http://www.sanpedrocollege.host,0,False
http://www.sanpedrocollege.info.pl,0,False
http://www.sanpedrocollege.mobi,0,False
http://www.sanpedrocollege.space,0,False
http://www.sanpedrocollege.pro,0,False
http://www.sanpedrocollege.la,0,False
http://www.sanpedrocollege.net.in,0,False
http://www.sanpedrocollege.org.cn,0,False
http://www.sanpedrocollege.online,1,True
http://www.sanpedrocollege.tw,0,False
http://www.sanpedrocollege.hosting,0,False
http://www.sanpedrocollege.org.pe,0,False
http://www.sanpedrocollege.cloud,0,False
http://www.sanpedrocollege.com.es,0,False
http://www.sanpedrocollege.clinic,0,False
http://www.sanpedrocollege.business,1,True
http://www.sanpedrocollege.cash,0,False
http://www.sanpedrocollege.army,0,False
http://www.sanpedrocollege.news,0,False
http://www.sanpedrocollege.network,0,False
http://www.sanpedrocollege.trade,0,False
http://www.sanpedrocollege.best,0,False
http://www.sanpedrocollege.gold,0,False
http://www.sanpedrocollege.global,0,False
http://www.sanpedrocollege.ag,0,False
http://www.sanpedrocollege.agency,0,False
http://www.sanpedrocollege.ind.in,0,False
http://www.sanpedrocollege.farm,0,False
http://www.sanpedrocollege.love,0,False
http://www.rocknet.com.mx,0,False
http://www.rocknet.co.nz,0,False
http://www.rocknet.com.ve,0,False
http://www.rocknet.net.pl,0,False
http://www.rocknet.org.in,0,False
http://www.rocknet.org.au,0,False
http://www.rocknet.com.pe,0,False
http://www.rocknet.cool,0,False
http://www.rocknet.org.ph,0,False
http://www.rocknet.gs,0,False
http://www.rocknet.co.in,0,False
http://www.rocknet.world,0,False
http://www.rocknet.zone,0,False
http://www.rocknet.guide,0,False
http://www.rocknet.info.ve,0,False
http://www.rocknet.email,0,False
http://www.rocknet.ltd,0,False
http://www.rocknet.vip,0,False
http://www.rocknet.legal,0,False
http://www.rocknet.me.uk,0,False
http://www.rocknet.house,0,False
http://www.rocknet.studio,0,False
http://www.rocknet.rocks,0,False
http://www.rocknet.support,0,False
http://www.rocknet.company,0,False
http://www.rocknet.work,0,False
http://www.rocknet.expert,0,False
http://www.rocknet.tw,0,False
http://www.rocknet.hosting,0,False
http://www.rocknet.org.pe,0,False
http://www.rocknet.cloud,0,False
http://www.rocknet.com.es,0,False
http://www.abstractionrecords.com.mx,0,False
http://www.abstractionrecords.nl,0,False
http://www.abstractionrecords.co.za,0,False
http://www.abstractionrecords.com.au,0,False
http://www.abstractionrecords.ch,0,False
http://www.abstractionrecords.xyz,0,False
http://www.abstractionrecords.org.uk,0,False
http://www.abstractionrecords.ca,0,False
http://www.abstractionrecords.asia,0,False
http://www.abstractionrecords.org.nz,0,False
http://www.abstractionrecords.sg,0,False
http://www.abstractionrecords.ph,0,False
http://www.abstractionrecords.com.cn,0,False
http://www.abstractionrecords.biz,0,False
http://www.abstractionrecords.tk,0,False
http://www.abstractionrecords.us,0,False
http://www.abstractionrecords.net.cn,0,False
http://www.abstractionrecords.co.in,0,False
http://www.abstractionrecords.host,0,False
http://www.abstractionrecords.info.pl,0,False
http://www.abstractionrecords.mobi,0,False
http://www.abstractionrecords.space,0,False
http://www.abstractionrecords.pro,0,False
http://www.abstractionrecords.la,0,False
http://www.abstractionrecords.net.in,0,False
http://www.abstractionrecords.org.cn,0,False
http://www.abstractionrecords.online,0,False
http://www.abstractionrecords.am,0,False
http://www.abstractionrecords.live,0,False
http://www.abstractionrecords.life,0,False
http://www.abstractionrecords.link,0,False
http://www.abstractionrecords.center,0,False
http://www.abstractionrecords.store,0,False
http://www.abstractionrecords.gg,0,False
http://www.abstractionrecords.bz,0,False
http://www.abstractionrecords.ai,0,False
http://www.abstractionrecords.com.es,0,False
http://www.abstractionrecords.clinic,0,False
http://www.abstractionrecords.business,0,False
http://www.abstractionrecords.cash,0,False
http://www.abstractionrecords.army,0,False
http://www.abstractionrecords.news,0,False
http://www.abstractionrecords.network,0,False
http://www.abstractionrecords.trade,0,False
http://www.abstractionrecords.best,0,False
http://www.abstractionrecords.gold,0,False
http://www.abstractionrecords.global,0,False
http://www.abstractionrecords.ag,0,False
http://www.abstractionrecords.agency,0,False
http://www.abstractionrecords.ind.in,0,False
http://www.abstractionrecords.farm,0,False
http://www.abstractionrecords.love,0,False
http://www.katproxy.help/moms/in/control/brazzers/all/i/rae/devon/happy/step/mother/s/day/sd/new/may/t.html,1,True
http://www.katproxy.be/moms/in/control/brazzers/all/i/rae/devon/happy/step/mother/s/day/sd/new/may/t.html,1,True
http://www.katproxy.com.ph/moms/in/control/brazzers/all/i/rae/devon/happy/step/mother/s/day/sd/new/may/t.html,1,True
http://www.katproxy.com.pl/moms/in/control/brazzers/all/i/rae/devon/happy/step/mother/s/day/sd/new/may/t.html,1,True
http://www.katproxy.club/moms/in/control/brazzers/all/i/rae/devon/happy/step/mother/s/day/sd/new/may/t.html,1,True
http://www.katproxy.com.co/moms/in/control/brazzers/all/i/rae/devon/happy/step/mother/s/day/sd/new/may/t.html,1,True
http://www.katproxy.university/moms/in/control/brazzers/all/i/rae/devon/happy/step/mother/s/day/sd/new/may/t.html,1,True
http://www.katproxy.net.au/moms/in/control/brazzers/all/i/rae/devon/happy/step/mother/s/day/sd/new/may/t.html,1,True
http://www.katproxy.ws/moms/in/control/brazzers/all/i/rae/devon/happy/step/mother/s/day/sd/new/may/t.html,1,True
http://www.katproxy.co.nz/moms/in/control/brazzers/all/i/rae/devon/happy/step/mother/s/day/sd/new/may/t.html,1,True
http://www.katproxy.com.ve/moms/in/control/brazzers/all/i/rae/devon/happy/step/mother/s/day/sd/new/may/t.html,1,True
http://www.katproxy.net.pl/moms/in/control/brazzers/all/i/rae/devon/happy/step/mother/s/day/sd/new/may/t.html,1,True
http://www.katproxy.org.in/moms/in/control/brazzers/all/i/rae/devon/happy/step/mother/s/day/sd/new/may/t.html,1,True
http://www.katproxy.org.au/moms/in/control/brazzers/all/i/rae/devon/happy/step/mother/s/day/sd/new/may/t.html,1,True
http://www.katproxy.com.pe/moms/in/control/brazzers/all/i/rae/devon/happy/step/mother/s/day/sd/new/may/t.html,1,True
http://www.katproxy.cool/moms/in/control/brazzers/all/i/rae/devon/happy/step/mother/s/day/sd/new/may/t.html,1,True
http://www.katproxy.org.ph/moms/in/control/brazzers/all/i/rae/devon/happy/step/mother/s/day/sd/new/may/t.html,1,True
http://www.katproxy.gs/moms/in/control/brazzers/all/i/rae/devon/happy/step/mother/s/day/sd/new/may/t.html,1,True
http://www.katproxy.world/moms/in/control/brazzers/all/i/rae/devon/happy/step/mother/s/day/sd/new/may/t.html,1,True
http://www.katproxy.zone/moms/in/control/brazzers/all/i/rae/devon/happy/step/mother/s/day/sd/new/may/t.html,1,True
http://www.katproxy.guide/moms/in/control/brazzers/all/i/rae/devon/happy/step/mother/s/day/sd/new/may/t.html,1,True
http://www.katproxy.info.ve/moms/in/control/brazzers/all/i/rae/devon/happy/step/mother/s/day/sd/new/may/t.html,1,True
http://www.katproxy.email/moms/in/control/brazzers/all/i/rae/devon/happy/step/mother/s/day/sd/new/may/t.html,1,True
http://www.katproxy.ltd/moms/in/control/brazzers/all/i/rae/devon/happy/step/mother/s/day/sd/new/may/t.html,1,True
http://www.katproxy.vip/moms/in/control/brazzers/all/i/rae/devon/happy/step/mother/s/day/sd/new/may/t.html,1,True
http://www.katproxy.legal/moms/in/control/brazzers/all/i/rae/devon/happy/step/mother/s/day/sd/new/may/t.html,1,True
http://www.katproxy.me.uk/moms/in/control/brazzers/all/i/rae/devon/happy/step/mother/s/day/sd/new/may/t.html,1,True
http://www.katproxy.house/moms/in/control/brazzers/all/i/rae/devon/happy/step/mother/s/day/sd/new/may/t.html,1,True
http://www.katproxy.studio/moms/in/control/brazzers/all/i/rae/devon/happy/step/mother/s/day/sd/new/may/t.html,1,True
http://www.katproxy.rocks/moms/in/control/brazzers/all/i/rae/devon/happy/step/mother/s/day/sd/new/may/t.html,1,True
http://www.katproxy.support/moms/in/control/brazzers/all/i/rae/devon/happy/step/mother/s/day/sd/new/may/t.html,1,True
http://www.katproxy.company/moms/in/control/brazzers/all/i/rae/devon/happy/step/mother/s/day/sd/new/may/t.html,1,True
http://www.katproxy.fun/moms/in/control/brazzers/all/i/rae/devon/happy/step/mother/s/day/sd/new/may/t.html,1,True
http://www.katproxy.work/moms/in/control/brazzers/all/i/rae/devon/happy/step/mother/s/day/sd/new/may/t.html,1,True
http://www.katproxy.expert/moms/in/control/brazzers/all/i/rae/devon/happy/step/mother/s/day/sd/new/may/t.html,1,True
http://www.katproxy.tw/moms/in/control/brazzers/all/i/rae/devon/happy/step/mother/s/day/sd/new/may/t.html,1,True
http://www.katproxy.hosting/moms/in/control/brazzers/all/i/rae/devon/happy/step/mother/s/day/sd/new/may/t.html,1,True
http://www.katproxy.org.pe/moms/in/control/brazzers/all/i/rae/devon/happy/step/mother/s/day/sd/new/may/t.html,1,True
http://www.katproxy.cloud/moms/in/control/brazzers/all/i/rae/devon/happy/step/mother/s/day/sd/new/may/t.html,1,True
http://www.katproxy.com.es/moms/in/control/brazzers/all/i/rae/devon/happy/step/mother/s/day/sd/new/may/t.html,1,True
http://www.katproxy.clinic/moms/in/control/brazzers/all/i/rae/devon/happy/step/mother/s/day/sd/new/may/t.html,1,True
http://www.katproxy.business/moms/in/control/brazzers/all/i/rae/devon/happy/step/mother/s/day/sd/new/may/t.html,1,True
http://www.katproxy.cash/moms/in/control/brazzers/all/i/rae/devon/happy/step/mother/s/day/sd/new/may/t.html,1,True
http://www.katproxy.army/moms/in/control/brazzers/all/i/rae/devon/happy/step/mother/s/day/sd/new/may/t.html,1,True
http://www.katproxy.news/moms/in/control/brazzers/all/i/rae/devon/happy/step/mother/s/day/sd/new/may/t.html,1,True
http://www.katproxy.network/moms/in/control/brazzers/all/i/rae/devon/happy/step/mother/s/day/sd/new/may/t.html,1,True
http://www.katproxy.trade/moms/in/control/brazzers/all/i/rae/devon/happy/step/mother/s/day/sd/new/may/t.html,1,True
http://www.katproxy.best/moms/in/control/brazzers/all/i/rae/devon/happy/step/mother/s/day/sd/new/may/t.html,1,True
http://www.katproxy.gold/moms/in/control/brazzers/all/i/rae/devon/happy/step/mother/s/day/sd/new/may/t.html,1,True
http://www.katproxy.global/moms/in/control/brazzers/all/i/rae/devon/happy/step/mother/s/day/sd/new/may/t.html,1,True
http://www.correios.com.mx/para/governo/governo/municipal/en/com/end/as/logistic/a/re/versa/em/agencia,1,True
http://www.correios.co.za/para/governo/governo/municipal/en/com/end/as/logistic/a/re/versa/em/agencia,1,True
http://www.correios.com.au/para/governo/governo/municipal/en/com/end/as/logistic/a/re/versa/em/agencia,0,False
http://www.correios.ch/para/governo/governo/municipal/en/com/end/as/logistic/a/re/versa/em/agencia,1,True
http://www.correios.org.uk/para/governo/governo/municipal/en/com/end/as/logistic/a/re/versa/em/agencia,0,False
http://www.correios.ca/para/governo/governo/municipal/en/com/end/as/logistic/a/re/versa/em/agencia,1,True
http://www.correios.asia/para/governo/governo/municipal/en/com/end/as/logistic/a/re/versa/em/agencia,1,True
http://www.correios.org.nz/para/governo/governo/municipal/en/com/end/as/logistic/a/re/versa/em/agencia,0,False
http://www.correios.sg/para/governo/governo/municipal/en/com/end/as/logistic/a/re/versa/em/agencia,1,True
http://www.correios.ph/para/governo/governo/municipal/en/com/end/as/logistic/a/re/versa/em/agencia,1,True
http://www.correios.tk/para/governo/governo/municipal/en/com/end/as/logistic/a/re/versa/em/agencia,1,True
http://www.correios.us/para/governo/governo/municipal/en/com/end/as/logistic/a/re/versa/em/agencia,1,True
http://www.correios.net.cn/para/governo/governo/municipal/en/com/end/as/logistic/a/re/versa/em/agencia,1,True
http://www.correios.at/para/governo/governo/municipal/en/com/end/as/logistic/a/re/versa/em/agencia,1,True
http://www.correios.help/para/governo/governo/municipal/en/com/end/as/logistic/a/re/versa/em/agencia,1,True
http://www.correios.be/para/governo/governo/municipal/en/com/end/as/logistic/a/re/versa/em/agencia,1,True
http://www.correios.com.ph/para/governo/governo/municipal/en/com/end/as/logistic/a/re/versa/em/agencia,1,True
http://www.correios.com.pl/para/governo/governo/municipal/en/com/end/as/logistic/a/re/versa/em/agencia,1,True
http://www.correios.com.co/para/governo/governo/municipal/en/com/end/as/logistic/a/re/versa/em/agencia,1,True
http://www.correios.university/para/governo/governo/municipal/en/com/end/as/logistic/a/re/versa/em/agencia,1,True
http://www.correios.net.au/para/governo/governo/municipal/en/com/end/as/logistic/a/re/versa/em/agencia,1,True
http://www.correios.ws/para/governo/governo/municipal/en/com/end/as/logistic/a/re/versa/em/agencia,1,True
http://www.correios.co.nz/para/governo/governo/municipal/en/com/end/as/logistic/a/re/versa/em/agencia,1,True
http://www.correios.com.ve/para/governo/governo/municipal/en/com/end/as/logistic/a/re/versa/em/agencia,1,True
http://www.correios.net.pl/para/governo/governo/municipal/en/com/end/as/logistic/a/re/versa/em/agencia,1,True
http://www.correios.org.in/para/governo/governo/municipal/en/com/end/as/logistic/a/re/versa/em/agencia,1,True
http://www.correios.org.au/para/governo/governo/municipal/en/com/end/as/logistic/a/re/versa/em/agencia,1,True
http://www.correios.com.pe/para/governo/governo/municipal/en/com/end/as/logistic/a/re/versa/em/agencia,1,True
http://www.correios.cool/para/governo/governo/municipal/en/com/end/as/logistic/a/re/versa/em/agencia,1,True
http://www.correios.org.ph/para/governo/governo/municipal/en/com/end/as/logistic/a/re/versa/em/agencia,1,True
http://www.correios.co.in/para/governo/governo/municipal/en/com/end/as/logistic/a/re/versa/em/agencia,1,True
http://www.correios.host/para/governo/governo/municipal/en/com/end/as/logistic/a/re/versa/em/agencia,1,True
http://www.correios.info.pl/para/governo/governo/municipal/en/com/end/as/logistic/a/re/versa/em/agencia,1,True
http://www.correios.space/para/governo/governo/municipal/en/com/end/as/logistic/a/re/versa/em/agencia,1,True
http://www.correios.pro/para/governo/governo/municipal/en/com/end/as/logistic/a/re/versa/em/agencia,1,True
http://www.correios.la/para/governo/governo/municipal/en/com/end/as/logistic/a/re/versa/em/agencia,1,True
http://www.correios.net.in/para/governo/governo/municipal/en/com/end/as/logistic/a/re/versa/em/agencia,1,True
http://www.correios.org.cn/para/governo/governo/municipal/en/com/end/as/logistic/a/re/versa/em/agencia,1,True
http://www.correios.am/para/governo/governo/municipal/en/com/end/as/logistic/a/re/versa/em/agencia,1,True
http://www.correios.life/para/governo/governo/municipal/en/com/end/as/logistic/a/re/versa/em/agencia,0,False
http://www.correios.center/para/governo/governo/municipal/en/com/end/as/logistic/a/re/versa/em/agencia,1,True
http://www.correios.store/para/governo/governo/municipal/en/com/end/as/logistic/a/re/versa/em/agencia,1,True
http://www.correios.gg/para/governo/governo/municipal/en/com/end/as/logistic/a/re/versa/em/agencia,1,True
http://www.correios.bz/para/governo/governo/municipal/en/com/end/as/logistic/a/re/versa/em/agencia,1,True
http://www.correios.social/para/governo/governo/municipal/en/com/end/as/logistic/a/re/versa/em/agencia,1,True
http://www.correios.group/para/governo/governo/municipal/en/com/end/as/logistic/a/re/versa/em/agencia,1,True
http://www.correios.world/para/governo/governo/municipal/en/com/end/as/logistic/a/re/versa/em/agencia,1,True
http://www.correios.zone/para/governo/governo/municipal/en/com/end/as/logistic/a/re/versa/em/agencia,1,True
http://www.correios.guide/para/governo/governo/municipal/en/com/end/as/logistic/a/re/versa/em/agencia,0,False
http://www.correios.info.ve/para/governo/governo/municipal/en/com/end/as/logistic/a/re/versa/em/agencia,1,True
http://www.correios.email/para/governo/governo/municipal/en/com/end/as/logistic/a/re/versa/em/agencia,1,True
http://www.correios.ltd/para/governo/governo/municipal/en/com/end/as/logistic/a/re/versa/em/agencia,1,True
http://www.correios.legal/para/governo/governo/municipal/en/com/end/as/logistic/a/re/versa/em/agencia,1,True
http://www.correios.me.uk/para/governo/governo/municipal/en/com/end/as/logistic/a/re/versa/em/agencia,0,False
http://www.correios.house/para/governo/governo/municipal/en/com/end/as/logistic/a/re/versa/em/agencia,1,True
http://www.correios.studio/para/governo/governo/municipal/en/com/end/as/logistic/a/re/versa/em/agencia,1,True
http://www.correios.rocks/para/governo/governo/municipal/en/com/end/as/logistic/a/re/versa/em/agencia,1,True
http://www.correios.support/para/governo/governo/municipal/en/com/end/as/logistic/a/re/versa/em/agencia,1,True
http://www.correios.company/para/governo/governo/municipal/en/com/end/as/logistic/a/re/versa/em/agencia,1,True
http://www.correios.fun/para/governo/governo/municipal/en/com/end/as/logistic/a/re/versa/em/agencia,1,True
http://www.correios.expert/para/governo/governo/municipal/en/com/end/as/logistic/a/re/versa/em/agencia,1,True
http://www.correios.tw/para/governo/governo/municipal/en/com/end/as/logistic/a/re/versa/em/agencia,1,True
http://www.correios.hosting/para/governo/governo/municipal/en/com/end/as/logistic/a/re/versa/em/agencia,1,True
http://www.correios.org.pe/para/governo/governo/municipal/en/com/end/as/logistic/a/re/versa/em/agencia,1,True
http://www.correios.cloud/para/governo/governo/municipal/en/com/end/as/logistic/a/re/versa/em/agencia,1,True
http://www.correios.com.es/para/governo/governo/municipal/en/com/end/as/logistic/a/re/versa/em/agencia,1,True
http://www.correios.clinic/para/governo/governo/municipal/en/com/end/as/logistic/a/re/versa/em/agencia,1,True
http://www.correios.business/para/governo/governo/municipal/en/com/end/as/logistic/a/re/versa/em/agencia,1,True
http://www.correios.cash/para/governo/governo/municipal/en/com/end/as/logistic/a/re/versa/em/agencia,0,False
http://www.correios.army/para/governo/governo/municipal/en/com/end/as/logistic/a/re/versa/em/agencia,1,True
http://www.correios.news/para/governo/governo/municipal/en/com/end/as/logistic/a/re/versa/em/agencia,1,True
http://www.correios.network/para/governo/governo/municipal/en/com/end/as/logistic/a/re/versa/em/agencia,1,True
http://www.correios.trade/para/governo/governo/municipal/en/com/end/as/logistic/a/re/versa/em/agencia,1,True
http://www.correios.best/para/governo/governo/municipal/en/com/end/as/logistic/a/re/versa/em/agencia,1,True
http://www.correios.gold/para/governo/governo/municipal/en/com/end/as/logistic/a/re/versa/em/agencia,1,True
http://www.correios.global/para/governo/governo/municipal/en/com/end/as/logistic/a/re/versa/em/agencia,1,True
http://www.correios.ag/para/governo/governo/municipal/en/com/end/as/logistic/a/re/versa/em/agencia,1,True
http://www.correios.agency/para/governo/governo/municipal/en/com/end/as/logistic/a/re/versa/em/agencia,1,True
http://www.correios.ind.in/para/governo/governo/municipal/en/com/end/as/logistic/a/re/versa/em/agencia,0,False
http://www.correios.farm/para/governo/governo/municipal/en/com/end/as/logistic/a/re/versa/em/agencia,1,True
http://www.correios.love/para/governo/governo/municipal/en/com/end/as/logistic/a/re/versa/em/agencia,1,True
http://www.correios.fit/para/governo/governo/municipal/en/com/end/as/logistic/a/re/versa/em/agencia,1,True
http://www.nymag.es/daily/intelligencer/guide/to/mariano/rivera/s/retirement/gifts.html,0,False
http://www.nymag.at/daily/intelligencer/guide/to/mariano/rivera/s/retirement/gifts.html,0,False
http://www.nymag.help/daily/intelligencer/guide/to/mariano/rivera/s/retirement/gifts.html,0,False
http://www.nymag.be/daily/intelligencer/guide/to/mariano/rivera/s/retirement/gifts.html,0,False
http://www.nymag.com.ph/daily/intelligencer/guide/to/mariano/rivera/s/retirement/gifts.html,0,False
http://www.nymag.com.pl/daily/intelligencer/guide/to/mariano/rivera/s/retirement/gifts.html,0,False
http://www.nymag.club/daily/intelligencer/guide/to/mariano/rivera/s/retirement/gifts.html,0,False
http://www.nymag.com.co/daily/intelligencer/guide/to/mariano/rivera/s/retirement/gifts.html,0,False
http://www.nymag.university/daily/intelligencer/guide/to/mariano/rivera/s/retirement/gifts.html,0,False
http://www.nymag.net.au/daily/intelligencer/guide/to/mariano/rivera/s/retirement/gifts.html,0,False
http://www.nymag.ws/daily/intelligencer/guide/to/mariano/rivera/s/retirement/gifts.html,0,False
http://www.nymag.co.nz/daily/intelligencer/guide/to/mariano/rivera/s/retirement/gifts.html,0,False
http://www.nymag.com.ve/daily/intelligencer/guide/to/mariano/rivera/s/retirement/gifts.html,0,False
http://www.nymag.net.pl/daily/intelligencer/guide/to/mariano/rivera/s/retirement/gifts.html,0,False
http://www.nymag.store/daily/intelligencer/guide/to/mariano/rivera/s/retirement/gifts.html,0,False
http://www.nymag.gg/daily/intelligencer/guide/to/mariano/rivera/s/retirement/gifts.html,0,False
http://www.nymag.bz/daily/intelligencer/guide/to/mariano/rivera/s/retirement/gifts.html,0,False
http://www.nymag.ai/daily/intelligencer/guide/to/mariano/rivera/s/retirement/gifts.html,0,False
http://www.nymag.today/daily/intelligencer/guide/to/mariano/rivera/s/retirement/gifts.html,0,False
http://www.nymag.website/daily/intelligencer/guide/to/mariano/rivera/s/retirement/gifts.html,0,False
http://www.nymag.site/daily/intelligencer/guide/to/mariano/rivera/s/retirement/gifts.html,0,False
http://www.nymag.navy/daily/intelligencer/guide/to/mariano/rivera/s/retirement/gifts.html,0,False
http://www.nymag.tech/daily/intelligencer/guide/to/mariano/rivera/s/retirement/gifts.html,0,False
http://www.nymag.app/daily/intelligencer/guide/to/mariano/rivera/s/retirement/gifts.html,0,False
http://www.nymag.services/daily/intelligencer/guide/to/mariano/rivera/s/retirement/gifts.html,0,False
http://www.nymag.market/daily/intelligencer/guide/to/mariano/rivera/s/retirement/gifts.html,0,False
http://www.nymag.art/daily/intelligencer/guide/to/mariano/rivera/s/retirement/gifts.html,0,False
http://www.nymag.team/daily/intelligencer/guide/to/mariano/rivera/s/retirement/gifts.html,0,False
http://www.nymag.ink/daily/intelligencer/guide/to/mariano/rivera/s/retirement/gifts.html,0,False
http://www.nymag.casa/daily/intelligencer/guide/to/mariano/rivera/s/retirement/gifts.html,0,False
http://www.nymag.tips/daily/intelligencer/guide/to/mariano/rivera/s/retirement/gifts.html,0,False
http://www.nymag.ms/daily/intelligencer/guide/to/mariano/rivera/s/retirement/gifts.html,0,False
http://www.nymag.social/daily/intelligencer/guide/to/mariano/rivera/s/retirement/gifts.html,0,False
http://www.nymag.group/daily/intelligencer/guide/to/mariano/rivera/s/retirement/gifts.html,0,False
http://www.nymag.world/daily/intelligencer/guide/to/mariano/rivera/s/retirement/gifts.html,0,False
http://www.nymag.zone/daily/intelligencer/guide/to/mariano/rivera/s/retirement/gifts.html,0,False
http://www.nymag.guide/daily/intelligencer/guide/to/mariano/rivera/s/retirement/gifts.html,0,False
http://www.nymag.info.ve/daily/intelligencer/guide/to/mariano/rivera/s/retirement/gifts.html,0,False
http://www.nymag.email/daily/intelligencer/guide/to/mariano/rivera/s/retirement/gifts.html,0,False
http://www.nymag.ltd/daily/intelligencer/guide/to/mariano/rivera/s/retirement/gifts.html,0,False
http://www.nymag.vip/daily/intelligencer/guide/to/mariano/rivera/s/retirement/gifts.html,0,False
http://www.nymag.legal/daily/intelligencer/guide/to/mariano/rivera/s/retirement/gifts.html,0,False
http://www.nymag.fit/daily/intelligencer/guide/to/mariano/rivera/s/retirement/gifts.html,0,False
http://www.nymag.click/daily/intelligencer/guide/to/mariano/rivera/s/retirement/gifts.html,1,True
http://www.techcrunch.org.nz/kim/a/ventures/will/allow/startups/to/raise/k/within/days/via/angellist,0,False
http://www.techcrunch.sg/kim/a/ventures/will/allow/startups/to/raise/k/within/days/via/angellist,0,False
http://www.techcrunch.ph/kim/a/ventures/will/allow/startups/to/raise/k/within/days/via/angellist,0,False
http://www.techcrunch.net.cn/kim/a/ventures/will/allow/startups/to/raise/k/within/days/via/angellist,0,False
http://www.techcrunch.at/kim/a/ventures/will/allow/startups/to/raise/k/within/days/via/angellist,0,False
http://www.techcrunch.be/kim/a/ventures/will/allow/startups/to/raise/k/within/days/via/angellist,0,False
http://www.techcrunch.com.ph/kim/a/ventures/will/allow/startups/to/raise/k/within/days/via/angellist,0,False
http://www.techcrunch.com.pl/kim/a/ventures/will/allow/startups/to/raise/k/within/days/via/angellist,1,True
http://www.techcrunch.club/kim/a/ventures/will/allow/startups/to/raise/k/within/days/via/angellist,0,False
http://www.techcrunch.com.co/kim/a/ventures/will/allow/startups/to/raise/k/within/days/via/angellist,0,False
http://www.techcrunch.net.au/kim/a/ventures/will/allow/startups/to/raise/k/within/days/via/angellist,0,False
http://www.techcrunch.ws/kim/a/ventures/will/allow/startups/to/raise/k/within/days/via/angellist,0,False
http://www.techcrunch.com.pe/kim/a/ventures/will/allow/startups/to/raise/k/within/days/via/angellist,0,False
http://www.techcrunch.org.ph/kim/a/ventures/will/allow/startups/to/raise/k/within/days/via/angellist,0,False
http://www.techcrunch.gs/kim/a/ventures/will/allow/startups/to/raise/k/within/days/via/angellist,0,False
http://www.techcrunch.co.in/kim/a/ventures/will/allow/startups/to/raise/k/within/days/via/angellist,0,False
http://www.techcrunch.host/kim/a/ventures/will/allow/startups/to/raise/k/within/days/via/angellist,0,False
http://www.techcrunch.info.pl/kim/a/ventures/will/allow/startups/to/raise/k/within/days/via/angellist,1,True
http://www.techcrunch.pro/kim/a/ventures/will/allow/startups/to/raise/k/within/days/via/angellist,0,False
http://www.techcrunch.la/kim/a/ventures/will/allow/startups/to/raise/k/within/days/via/angellist,0,False
http://www.techcrunch.net.in/kim/a/ventures/will/allow/startups/to/raise/k/within/days/via/angellist,0,False
http://www.techcrunch.org.cn/kim/a/ventures/will/allow/startups/to/raise/k/within/days/via/angellist,0,False
http://www.techcrunch.am/kim/a/ventures/will/allow/startups/to/raise/k/within/days/via/angellist,0,False
http://www.techcrunch.link/kim/a/ventures/will/allow/startups/to/raise/k/within/days/via/angellist,0,False
http://www.techcrunch.gg/kim/a/ventures/will/allow/startups/to/raise/k/within/days/via/angellist,0,False
http://www.techcrunch.bz/kim/a/ventures/will/allow/startups/to/raise/k/within/days/via/angellist,0,False
http://www.techcrunch.ai/kim/a/ventures/will/allow/startups/to/raise/k/within/days/via/angellist,0,False
http://www.techcrunch.art/kim/a/ventures/will/allow/startups/to/raise/k/within/days/via/angellist,0,False
http://www.techcrunch.ink/kim/a/ventures/will/allow/startups/to/raise/k/within/days/via/angellist,0,False
http://www.techcrunch.casa/kim/a/ventures/will/allow/startups/to/raise/k/within/days/via/angellist,0,False
http://www.techcrunch.ms/kim/a/ventures/will/allow/startups/to/raise/k/within/days/via/angellist,0,False
http://www.techcrunch.trade/kim/a/ventures/will/allow/startups/to/raise/k/within/days/via/angellist,0,False
http://www.techcrunch.best/kim/a/ventures/will/allow/startups/to/raise/k/within/days/via/angellist,0,False
http://www.techcrunch.ag/kim/a/ventures/will/allow/startups/to/raise/k/within/days/via/angellist,0,False
http://www.techcrunch.ind.in/kim/a/ventures/will/allow/startups/to/raise/k/within/days/via/angellist,0,False
http://www.techcrunch.love/kim/a/ventures/will/allow/startups/to/raise/k/within/days/via/angellist,0,False
http://www.techcrunch.fit/kim/a/ventures/will/allow/startups/to/raise/k/within/days/via/angellist,0,False
http://www.techcrunch.click/kim/a/ventures/will/allow/startups/to/raise/k/within/days/via/angellist,1,True
http://www.allrecipes.co.za/video/fresh/vietnamese/vermicelli/bowl/detail.aspx?propvhpopular,0,False
http://www.allrecipes.org.uk/video/fresh/vietnamese/vermicelli/bowl/detail.aspx?propvhpopular,0,False
http://www.allrecipes.org.nz/video/fresh/vietnamese/vermicelli/bowl/detail.aspx?propvhpopular,0,False
http://www.allrecipes.sg/video/fresh/vietnamese/vermicelli/bowl/detail.aspx?propvhpopular,0,False
http://www.allrecipes.host/video/fresh/vietnamese/vermicelli/bowl/detail.aspx?propvhpopular,0,False
http://www.allrecipes.info.pl/video/fresh/vietnamese/vermicelli/bowl/detail.aspx?propvhpopular,0,False
http://www.allrecipes.mobi/video/fresh/vietnamese/vermicelli/bowl/detail.aspx?propvhpopular,0,False
http://www.allrecipes.pro/video/fresh/vietnamese/vermicelli/bowl/detail.aspx?propvhpopular,0,False
http://www.allrecipes.la/video/fresh/vietnamese/vermicelli/bowl/detail.aspx?propvhpopular,0,False
http://www.allrecipes.net.in/video/fresh/vietnamese/vermicelli/bowl/detail.aspx?propvhpopular,0,False
http://www.allrecipes.org.cn/video/fresh/vietnamese/vermicelli/bowl/detail.aspx?propvhpopular,0,False
http://www.allrecipes.am/video/fresh/vietnamese/vermicelli/bowl/detail.aspx?propvhpopular,0,False
http://www.allrecipes.live/video/fresh/vietnamese/vermicelli/bowl/detail.aspx?propvhpopular,0,False
http://www.allrecipes.link/video/fresh/vietnamese/vermicelli/bowl/detail.aspx?propvhpopular,0,False
http://www.allrecipes.center/video/fresh/vietnamese/vermicelli/bowl/detail.aspx?propvhpopular,0,False
http://www.allrecipes.store/video/fresh/vietnamese/vermicelli/bowl/detail.aspx?propvhpopular,0,False
http://www.allrecipes.com.es/video/fresh/vietnamese/vermicelli/bowl/detail.aspx?propvhpopular,0,False
http://www.allrecipes.clinic/video/fresh/vietnamese/vermicelli/bowl/detail.aspx?propvhpopular,0,False
http://www.allrecipes.business/video/fresh/vietnamese/vermicelli/bowl/detail.aspx?propvhpopular,0,False
http://www.allrecipes.cash/video/fresh/vietnamese/vermicelli/bowl/detail.aspx?propvhpopular,0,False
http://www.allrecipes.army/video/fresh/vietnamese/vermicelli/bowl/detail.aspx?propvhpopular,0,False
http://www.allrecipes.news/video/fresh/vietnamese/vermicelli/bowl/detail.aspx?propvhpopular,0,False
http://www.allrecipes.trade/video/fresh/vietnamese/vermicelli/bowl/detail.aspx?propvhpopular,0,False
http://www.allrecipes.gold/video/fresh/vietnamese/vermicelli/bowl/detail.aspx?propvhpopular,0,False
http://www.allrecipes.global/video/fresh/vietnamese/vermicelli/bowl/detail.aspx?propvhpopular,0,False
http://www.allrecipes.ag/video/fresh/vietnamese/vermicelli/bowl/detail.aspx?propvhpopular,0,False
http://www.allrecipes.agency/video/fresh/vietnamese/vermicelli/bowl/detail.aspx?propvhpopular,0,False
http://www.allrecipes.ind.in/video/fresh/vietnamese/vermicelli/bowl/detail.aspx?propvhpopular,0,False
http://www.allrecipes.farm/video/fresh/vietnamese/vermicelli/bowl/detail.aspx?propvhpopular,0,False
http://www.allrecipes.love/video/fresh/vietnamese/vermicelli/bowl/detail.aspx?propvhpopular,0,False
http://www.mic.university/articles/j/k/rowling/made/a/dick/joke/in/this/badass/response/to/a/twitter/troll,0,False
http://www.mic.net.pl/articles/j/k/rowling/made/a/dick/joke/in/this/badass/response/to/a/twitter/troll,0,False
http://www.mic.org.ph/articles/j/k/rowling/made/a/dick/joke/in/this/badass/response/to/a/twitter/troll,0,False
http://www.mic.gs/articles/j/k/rowling/made/a/dick/joke/in/this/badass/response/to/a/twitter/troll,0,False
http://www.mic.host/articles/j/k/rowling/made/a/dick/joke/in/this/badass/response/to/a/twitter/troll,0,False
http://www.mic.info.pl/articles/j/k/rowling/made/a/dick/joke/in/this/badass/response/to/a/twitter/troll,0,False
http://www.mic.space/articles/j/k/rowling/made/a/dick/joke/in/this/badass/response/to/a/twitter/troll,0,False
http://www.mic.online/articles/j/k/rowling/made/a/dick/joke/in/this/badass/response/to/a/twitter/troll,0,False
http://www.mic.store/articles/j/k/rowling/made/a/dick/joke/in/this/badass/response/to/a/twitter/troll,0,False
http://www.mic.website/articles/j/k/rowling/made/a/dick/joke/in/this/badass/response/to/a/twitter/troll,0,False
http://www.mic.site/articles/j/k/rowling/made/a/dick/joke/in/this/badass/response/to/a/twitter/troll,0,False
http://www.mic.navy/articles/j/k/rowling/made/a/dick/joke/in/this/badass/response/to/a/twitter/troll,0,False
http://www.mic.tech/articles/j/k/rowling/made/a/dick/joke/in/this/badass/response/to/a/twitter/troll,0,False
http://www.mic.market/articles/j/k/rowling/made/a/dick/joke/in/this/badass/response/to/a/twitter/troll,0,False
http://www.mic.team/articles/j/k/rowling/made/a/dick/joke/in/this/badass/response/to/a/twitter/troll,0,False
http://www.mic.ink/articles/j/k/rowling/made/a/dick/joke/in/this/badass/response/to/a/twitter/troll,0,False
http://www.mic.casa/articles/j/k/rowling/made/a/dick/joke/in/this/badass/response/to/a/twitter/troll,0,False
http://www.mic.social/articles/j/k/rowling/made/a/dick/joke/in/this/badass/response/to/a/twitter/troll,0,False
http://www.mic.info.ve/articles/j/k/rowling/made/a/dick/joke/in/this/badass/response/to/a/twitter/troll,0,False
http://www.mic.clinic/articles/j/k/rowling/made/a/dick/joke/in/this/badass/response/to/a/twitter/troll,0,False
http://www.mic.cash/articles/j/k/rowling/made/a/dick/joke/in/this/badass/response/to/a/twitter/troll,0,False
http://www.mic.army/articles/j/k/rowling/made/a/dick/joke/in/this/badass/response/to/a/twitter/troll,0,False
http://www.mic.news/articles/j/k/rowling/made/a/dick/joke/in/this/badass/response/to/a/twitter/troll,0,False
http://www.mic.trade/articles/j/k/rowling/made/a/dick/joke/in/this/badass/response/to/a/twitter/troll,0,False
http://www.mic.gold/articles/j/k/rowling/made/a/dick/joke/in/this/badass/response/to/a/twitter/troll,0,False
http://www.mic.global/articles/j/k/rowling/made/a/dick/joke/in/this/badass/response/to/a/twitter/troll,0,False
http://www.mic.ag/articles/j/k/rowling/made/a/dick/joke/in/this/badass/response/to/a/twitter/troll,0,False
http://www.mic.ind.in/articles/j/k/rowling/made/a/dick/joke/in/this/badass/response/to/a/twitter/troll,0,False
http://www.mic.farm/articles/j/k/rowling/made/a/dick/joke/in/this/badass/response/to/a/twitter/troll,0,False
http://www.mic.fit/articles/j/k/rowling/made/a/dick/joke/in/this/badass/response/to/a/twitter/troll,0,False
https://www.bankrate.org.nz/mortgages/refinancing/ways/to/refinance/mortgage,1,True
https://www.bankrate.ph/mortgages/refinancing/ways/to/refinance/mortgage,1,True
https://www.bankrate.net.cn/mortgages/refinancing/ways/to/refinance/mortgage,1,True
https://www.bankrate.es/mortgages/refinancing/ways/to/refinance/mortgage,1,True
https://www.bankrate.help/mortgages/refinancing/ways/to/refinance/mortgage,1,True
https://www.bankrate.com.ph/mortgages/refinancing/ways/to/refinance/mortgage,1,True
https://www.bankrate.com.pl/mortgages/refinancing/ways/to/refinance/mortgage,1,True
https://www.bankrate.club/mortgages/refinancing/ways/to/refinance/mortgage,1,True
https://www.bankrate.com.co/mortgages/refinancing/ways/to/refinance/mortgage,1,True
https://www.bankrate.university/mortgages/refinancing/ways/to/refinance/mortgage,1,True
https://www.bankrate.net.au/mortgages/refinancing/ways/to/refinance/mortgage,1,True
https://www.bankrate.ws/mortgages/refinancing/ways/to/refinance/mortgage,1,True
https://www.bankrate.am/mortgages/refinancing/ways/to/refinance/mortgage,1,True
https://www.bankrate.live/mortgages/refinancing/ways/to/refinance/mortgage,1,True
https://www.bankrate.life/mortgages/refinancing/ways/to/refinance/mortgage,1,True
https://www.bankrate.link/mortgages/refinancing/ways/to/refinance/mortgage,1,True
https://www.bankrate.center/mortgages/refinancing/ways/to/refinance/mortgage,1,True
https://www.bankrate.store/mortgages/refinancing/ways/to/refinance/mortgage,1,True
https://www.bankrate.gg/mortgages/refinancing/ways/to/refinance/mortgage,1,True
https://www.bankrate.bz/mortgages/refinancing/ways/to/refinance/mortgage,1,True
https://www.bankrate.ai/mortgages/refinancing/ways/to/refinance/mortgage,1,True
https://www.bankrate.website/mortgages/refinancing/ways/to/refinance/mortgage,1,True
https://www.bankrate.navy/mortgages/refinancing/ways/to/refinance/mortgage,1,True
https://www.bankrate.tech/mortgages/refinancing/ways/to/refinance/mortgage,1,True
https://www.bankrate.services/mortgages/refinancing/ways/to/refinance/mortgage,1,True
https://www.bankrate.market/mortgages/refinancing/ways/to/refinance/mortgage,1,True
https://www.bankrate.art/mortgages/refinancing/ways/to/refinance/mortgage,1,True
https://www.bankrate.team/mortgages/refinancing/ways/to/refinance/mortgage,1,True
https://www.bankrate.ink/mortgages/refinancing/ways/to/refinance/mortgage,1,True
https://www.bankrate.casa/mortgages/refinancing/ways/to/refinance/mortgage,1,True
https://www.bankrate.tips/mortgages/refinancing/ways/to/refinance/mortgage,1,True
https://www.bankrate.ms/mortgages/refinancing/ways/to/refinance/mortgage,1,True
https://www.bankrate.social/mortgages/refinancing/ways/to/refinance/mortgage,1,True
https://www.bankrate.group/mortgages/refinancing/ways/to/refinance/mortgage,1,True
https://www.bankrate.world/mortgages/refinancing/ways/to/refinance/mortgage,1,True
https://www.bankrate.zone/mortgages/refinancing/ways/to/refinance/mortgage,1,True
https://www.bankrate.guide/mortgages/refinancing/ways/to/refinance/mortgage,1,True
https://www.bankrate.fit/mortgages/refinancing/ways/to/refinance/mortgage,1,True
https://www.bankrate.click/mortgages/refinancing/ways/to/refinance/mortgage,1,True
http://www.thawte.net.pl/code/signing/index.html,1,True
http://www.thawte.org.in/code/signing/index.html,1,True
http://www.thawte.org.au/code/signing/index.html,0,False
http://www.thawte.cool/code/signing/index.html,1,True
http://www.thawte.org.ph/code/signing/index.html,1,True
http://www.thawte.zone/code/signing/index.html,0,False
http://www.thawte.guide/code/signing/index.html,0,False
http://www.thawte.info.ve/code/signing/index.html,0,False
http://www.thawte.email/code/signing/index.html,1,True
http://www.thawte.ltd/code/signing/index.html,1,True
http://www.thawte.vip/code/signing/index.html,1,True
http://www.thawte.legal/code/signing/index.html,1,True
http://www.thawte.me.uk/code/signing/index.html,0,False
http://www.thawte.house/code/signing/index.html,0,False
http://www.thawte.studio/code/signing/index.html,1,True
http://www.thawte.rocks/code/signing/index.html,0,False
http://www.thawte.support/code/signing/index.html,1,True
http://www.thawte.company/code/signing/index.html,1,True
http://www.thawte.fun/code/signing/index.html,0,False
http://www.thawte.work/code/signing/index.html,0,False
http://www.thawte.expert/code/signing/index.html,1,True
http://www.thawte.hosting/code/signing/index.html,0,False
http://www.thawte.org.pe/code/signing/index.html,1,True
http://www.thawte.cloud/code/signing/index.html,1,True
http://www.thawte.clinic/code/signing/index.html,0,False
http://www.olx.org.uk/hi/all/results?utmsourcegoogleutmmediumsearchutmcampaignsearchorganicqpage,1,True
http://www.olx.club/hi/all/results?utmsourcegoogleutmmediumsearchutmcampaignsearchorganicqpage,1,True
http://www.olx.net.in/hi/all/results?utmsourcegoogleutmmediumsearchutmcampaignsearchorganicqpage,1,True
http://www.olx.live/hi/all/results?utmsourcegoogleutmmediumsearchutmcampaignsearchorganicqpage,0,False
http://www.olx.news/hi/all/results?utmsourcegoogleutmmediumsearchutmcampaignsearchorganicqpage,0,False
http://www.olx.ind.in/hi/all/results?utmsourcegoogleutmmediumsearchutmcampaignsearchorganicqpage,1,True
http://www.boldercables.be,0,False
http://www.boldercables.com.ph,0,False
http://www.boldercables.com.pl,0,False
http://www.boldercables.club,0,False
http://www.boldercables.com.co,0,False
http://www.boldercables.university,0,False
http://www.boldercables.net.au,0,False
http://www.boldercables.ws,0,False
http://www.boldercables.co,0,False
http://www.boldercables.co.nz,0,False
http://www.boldercables.com.ve,0,False
http://www.boldercables.net.pl,0,False
http://www.boldercables.org.in,0,False
http://www.boldercables.org.au,0,False
http://www.boldercables.site,0,False
http://www.boldercables.navy,0,False
http://www.boldercables.tech,0,False
http://www.boldercables.app,0,False
http://www.boldercables.services,1,True
http://www.boldercables.market,1,True
http://www.boldercables.art,0,False
http://www.boldercables.team,0,False
http://www.boldercables.ink,0,False
http://www.boldercables.casa,0,False
http://www.boldercables.tips,0,False
http://www.boldercables.ms,0,False
http://www.boldercables.social,0,False
http://www.boldercables.group,0,False
http://www.boldercables.world,0,False
http://www.boldercables.zone,0,False
http://www.boldercables.guide,0,False
http://www.boldercables.info.ve,0,False
http://www.boldercables.email,0,False
http://www.boldercables.ltd,0,False
http://www.boldercables.vip,0,False
http://www.boldercables.legal,0,False
http://www.boldercables.me.uk,0,False
http://www.boldercables.house,0,False
http://www.boldercables.studio,0,False
http://www.boldercables.rocks,0,False
http://www.boldercables.support,1,True
http://www.boldercables.company,1,True
http://www.boldercables.fit,0,False
http://www.boldercables.click,1,True
https://www.yandex.org.uk/tune/lang?retpathhttpsaffyandexuaffdomredirdnosync,1,True
https://www.yandex.org.nz/tune/lang?retpathhttpsaffyandexuaffdomredirdnosync,1,True
https://www.yandex.com.pe/tune/lang?retpathhttpsaffyandexuaffdomredirdnosync,1,True
https://www.yandex.org.ph/tune/lang?retpathhttpsaffyandexuaffdomredirdnosync,1,True
https://www.yandex.gs/tune/lang?retpathhttpsaffyandexuaffdomredirdnosync,1,True
https://www.yandex.info.pl/tune/lang?retpathhttpsaffyandexuaffdomredirdnosync,1,True
https://www.yandex.net.in/tune/lang?retpathhttpsaffyandexuaffdomredirdnosync,1,True
https://www.yandex.trade/tune/lang?retpathhttpsaffyandexuaffdomredirdnosync,1,True
https://www.yandex.ag/tune/lang?retpathhttpsaffyandexuaffdomredirdnosync,1,True
https://www.yandex.love/tune/lang?retpathhttpsaffyandexuaffdomredirdnosync,1,True
https://www.yandex.fit/tune/lang?retpathhttpsaffyandexuaffdomredirdnosync,1,True
http://www.maybanku.com.au/mbb/info/m/u/public/promo/detail.do?channelidpropromotionscnttypeidcntkeyproprogramidprocardsamericanexpresschcatidmbbpersonalpropromotions,1,True
http://www.maybanku.ch/mbb/info/m/u/public/promo/detail.do?channelidpropromotionscnttypeidcntkeyproprogramidprocardsamericanexpresschcatidmbbpersonalpropromotions,1,True
http://www.maybanku.xyz/mbb/info/m/u/public/promo/detail.do?channelidpropromotionscnttypeidcntkeyproprogramidprocardsamericanexpresschcatidmbbpersonalpropromotions,1,True
http://www.maybanku.org.uk/mbb/info/m/u/public/promo/detail.do?channelidpropromotionscnttypeidcntkeyproprogramidprocardsamericanexpresschcatidmbbpersonalpropromotions,1,True
http://www.maybanku.ca/mbb/info/m/u/public/promo/detail.do?channelidpropromotionscnttypeidcntkeyproprogramidprocardsamericanexpresschcatidmbbpersonalpropromotions,1,True
http://www.maybanku.asia/mbb/info/m/u/public/promo/detail.do?channelidpropromotionscnttypeidcntkeyproprogramidprocardsamericanexpresschcatidmbbpersonalpropromotions,1,True
http://www.maybanku.org.nz/mbb/info/m/u/public/promo/detail.do?channelidpropromotionscnttypeidcntkeyproprogramidprocardsamericanexpresschcatidmbbpersonalpropromotions,1,True
http://www.maybanku.sg/mbb/info/m/u/public/promo/detail.do?channelidpropromotionscnttypeidcntkeyproprogramidprocardsamericanexpresschcatidmbbpersonalpropromotions,1,True
http://www.maybanku.ph/mbb/info/m/u/public/promo/detail.do?channelidpropromotionscnttypeidcntkeyproprogramidprocardsamericanexpresschcatidmbbpersonalpropromotions,1,True
http://www.maybanku.com.cn/mbb/info/m/u/public/promo/detail.do?channelidpropromotionscnttypeidcntkeyproprogramidprocardsamericanexpresschcatidmbbpersonalpropromotions,1,True
http://www.maybanku.biz/mbb/info/m/u/public/promo/detail.do?channelidpropromotionscnttypeidcntkeyproprogramidprocardsamericanexpresschcatidmbbpersonalpropromotions,1,True
http://www.maybanku.tk/mbb/info/m/u/public/promo/detail.do?channelidpropromotionscnttypeidcntkeyproprogramidprocardsamericanexpresschcatidmbbpersonalpropromotions,1,True
http://www.maybanku.us/mbb/info/m/u/public/promo/detail.do?channelidpropromotionscnttypeidcntkeyproprogramidprocardsamericanexpresschcatidmbbpersonalpropromotions,1,True
http://www.maybanku.net.cn/mbb/info/m/u/public/promo/detail.do?channelidpropromotionscnttypeidcntkeyproprogramidprocardsamericanexpresschcatidmbbpersonalpropromotions,1,True
http://www.maybanku.es/mbb/info/m/u/public/promo/detail.do?channelidpropromotionscnttypeidcntkeyproprogramidprocardsamericanexpresschcatidmbbpersonalpropromotions,1,True
http://www.maybanku.at/mbb/info/m/u/public/promo/detail.do?channelidpropromotionscnttypeidcntkeyproprogramidprocardsamericanexpresschcatidmbbpersonalpropromotions,1,True
http://www.maybanku.help/mbb/info/m/u/public/promo/detail.do?channelidpropromotionscnttypeidcntkeyproprogramidprocardsamericanexpresschcatidmbbpersonalpropromotions,1,True
http://www.maybanku.be/mbb/info/m/u/public/promo/detail.do?channelidpropromotionscnttypeidcntkeyproprogramidprocardsamericanexpresschcatidmbbpersonalpropromotions,1,True
http://www.maybanku.com.ph/mbb/info/m/u/public/promo/detail.do?channelidpropromotionscnttypeidcntkeyproprogramidprocardsamericanexpresschcatidmbbpersonalpropromotions,1,True
http://www.maybanku.com.pl/mbb/info/m/u/public/promo/detail.do?channelidpropromotionscnttypeidcntkeyproprogramidprocardsamericanexpresschcatidmbbpersonalpropromotions,1,True
http://www.maybanku.club/mbb/info/m/u/public/promo/detail.do?channelidpropromotionscnttypeidcntkeyproprogramidprocardsamericanexpresschcatidmbbpersonalpropromotions,1,True
http://www.maybanku.com.co/mbb/info/m/u/public/promo/detail.do?channelidpropromotionscnttypeidcntkeyproprogramidprocardsamericanexpresschcatidmbbpersonalpropromotions,1,True
http://www.maybanku.org.au/mbb/info/m/u/public/promo/detail.do?channelidpropromotionscnttypeidcntkeyproprogramidprocardsamericanexpresschcatidmbbpersonalpropromotions,1,True
http://www.maybanku.com.pe/mbb/info/m/u/public/promo/detail.do?channelidpropromotionscnttypeidcntkeyproprogramidprocardsamericanexpresschcatidmbbpersonalpropromotions,1,True
http://www.maybanku.cool/mbb/info/m/u/public/promo/detail.do?channelidpropromotionscnttypeidcntkeyproprogramidprocardsamericanexpresschcatidmbbpersonalpropromotions,1,True
http://www.maybanku.org.ph/mbb/info/m/u/public/promo/detail.do?channelidpropromotionscnttypeidcntkeyproprogramidprocardsamericanexpresschcatidmbbpersonalpropromotions,1,True
http://www.maybanku.gs/mbb/info/m/u/public/promo/detail.do?channelidpropromotionscnttypeidcntkeyproprogramidprocardsamericanexpresschcatidmbbpersonalpropromotions,1,True
http://www.maybanku.co.in/mbb/info/m/u/public/promo/detail.do?channelidpropromotionscnttypeidcntkeyproprogramidprocardsamericanexpresschcatidmbbpersonalpropromotions,1,True
http://www.maybanku.host/mbb/info/m/u/public/promo/detail.do?channelidpropromotionscnttypeidcntkeyproprogramidprocardsamericanexpresschcatidmbbpersonalpropromotions,1,True
http://www.maybanku.info.pl/mbb/info/m/u/public/promo/detail.do?channelidpropromotionscnttypeidcntkeyproprogramidprocardsamericanexpresschcatidmbbpersonalpropromotions,1,True
http://www.maybanku.mobi/mbb/info/m/u/public/promo/detail.do?channelidpropromotionscnttypeidcntkeyproprogramidprocardsamericanexpresschcatidmbbpersonalpropromotions,1,True
http://www.maybanku.space/mbb/info/m/u/public/promo/detail.do?channelidpropromotionscnttypeidcntkeyproprogramidprocardsamericanexpresschcatidmbbpersonalpropromotions,1,True
http://www.maybanku.pro/mbb/info/m/u/public/promo/detail.do?channelidpropromotionscnttypeidcntkeyproprogramidprocardsamericanexpresschcatidmbbpersonalpropromotions,1,True
http://www.maybanku.la/mbb/info/m/u/public/promo/detail.do?channelidpropromotionscnttypeidcntkeyproprogramidprocardsamericanexpresschcatidmbbpersonalpropromotions,1,True
http://www.maybanku.net.in/mbb/info/m/u/public/promo/detail.do?channelidpropromotionscnttypeidcntkeyproprogramidprocardsamericanexpresschcatidmbbpersonalpropromotions,1,True
http://www.maybanku.org.cn/mbb/info/m/u/public/promo/detail.do?channelidpropromotionscnttypeidcntkeyproprogramidprocardsamericanexpresschcatidmbbpersonalpropromotions,1,True
http://www.maybanku.me.uk/mbb/info/m/u/public/promo/detail.do?channelidpropromotionscnttypeidcntkeyproprogramidprocardsamericanexpresschcatidmbbpersonalpropromotions,1,True
http://www.maybanku.house/mbb/info/m/u/public/promo/detail.do?channelidpropromotionscnttypeidcntkeyproprogramidprocardsamericanexpresschcatidmbbpersonalpropromotions,1,True
http://www.maybanku.studio/mbb/info/m/u/public/promo/detail.do?channelidpropromotionscnttypeidcntkeyproprogramidprocardsamericanexpresschcatidmbbpersonalpropromotions,1,True
http://www.maybanku.rocks/mbb/info/m/u/public/promo/detail.do?channelidpropromotionscnttypeidcntkeyproprogramidprocardsamericanexpresschcatidmbbpersonalpropromotions,1,True
http://www.maybanku.support/mbb/info/m/u/public/promo/detail.do?channelidpropromotionscnttypeidcntkeyproprogramidprocardsamericanexpresschcatidmbbpersonalpropromotions,1,True
http://www.maybanku.company/mbb/info/m/u/public/promo/detail.do?channelidpropromotionscnttypeidcntkeyproprogramidprocardsamericanexpresschcatidmbbpersonalpropromotions,1,True
http://www.maybanku.fun/mbb/info/m/u/public/promo/detail.do?channelidpropromotionscnttypeidcntkeyproprogramidprocardsamericanexpresschcatidmbbpersonalpropromotions,1,True
http://www.maybanku.work/mbb/info/m/u/public/promo/detail.do?channelidpropromotionscnttypeidcntkeyproprogramidprocardsamericanexpresschcatidmbbpersonalpropromotions,1,True
http://www.maybanku.expert/mbb/info/m/u/public/promo/detail.do?channelidpropromotionscnttypeidcntkeyproprogramidprocardsamericanexpresschcatidmbbpersonalpropromotions,1,True
http://www.maybanku.tw/mbb/info/m/u/public/promo/detail.do?channelidpropromotionscnttypeidcntkeyproprogramidprocardsamericanexpresschcatidmbbpersonalpropromotions,1,True
http://www.maybanku.hosting/mbb/info/m/u/public/promo/detail.do?channelidpropromotionscnttypeidcntkeyproprogramidprocardsamericanexpresschcatidmbbpersonalpropromotions,1,True
http://www.maybanku.org.pe/mbb/info/m/u/public/promo/detail.do?channelidpropromotionscnttypeidcntkeyproprogramidprocardsamericanexpresschcatidmbbpersonalpropromotions,1,True
http://www.maybanku.cloud/mbb/info/m/u/public/promo/detail.do?channelidpropromotionscnttypeidcntkeyproprogramidprocardsamericanexpresschcatidmbbpersonalpropromotions,1,True
http://www.maybanku.com.es/mbb/info/m/u/public/promo/detail.do?channelidpropromotionscnttypeidcntkeyproprogramidprocardsamericanexpresschcatidmbbpersonalpropromotions,1,True
http://www.maybanku.clinic/mbb/info/m/u/public/promo/detail.do?channelidpropromotionscnttypeidcntkeyproprogramidprocardsamericanexpresschcatidmbbpersonalpropromotions,1,True
http://www.maybanku.business/mbb/info/m/u/public/promo/detail.do?channelidpropromotionscnttypeidcntkeyproprogramidprocardsamericanexpresschcatidmbbpersonalpropromotions,1,True
http://www.maybanku.cash/mbb/info/m/u/public/promo/detail.do?channelidpropromotionscnttypeidcntkeyproprogramidprocardsamericanexpresschcatidmbbpersonalpropromotions,1,True
http://www.maybanku.army/mbb/info/m/u/public/promo/detail.do?channelidpropromotionscnttypeidcntkeyproprogramidprocardsamericanexpresschcatidmbbpersonalpropromotions,1,True
http://www.maybanku.news/mbb/info/m/u/public/promo/detail.do?channelidpropromotionscnttypeidcntkeyproprogramidprocardsamericanexpresschcatidmbbpersonalpropromotions,1,True
http://www.maybanku.network/mbb/info/m/u/public/promo/detail.do?channelidpropromotionscnttypeidcntkeyproprogramidprocardsamericanexpresschcatidmbbpersonalpropromotions,1,True
http://www.maybanku.trade/mbb/info/m/u/public/promo/detail.do?channelidpropromotionscnttypeidcntkeyproprogramidprocardsamericanexpresschcatidmbbpersonalpropromotions,1,True
http://www.maybanku.best/mbb/info/m/u/public/promo/detail.do?channelidpropromotionscnttypeidcntkeyproprogramidprocardsamericanexpresschcatidmbbpersonalpropromotions,1,True
http://www.christrevett.us,0,False
http://www.christrevett.net.cn,0,False
http://www.christrevett.es,0,False
http://www.christrevett.at,0,False
http://www.christrevett.help,0,False
http://www.christrevett.be,0,False
http://www.christrevett.com.ph,0,False
http://www.christrevett.com.pl,0,False
http://www.christrevett.club,0,False
http://www.christrevett.com.co,0,False
http://www.christrevett.university,0,False
http://www.christrevett.net.au,0,False
http://www.christrevett.ws,0,False
http://www.christrevett.co,0,False
http://www.christrevett.co.nz,0,False
http://www.christrevett.com.ve,0,False
http://www.christrevett.net.pl,0,False
http://www.christrevett.gg,0,False
http://www.christrevett.bz,0,False
http://www.christrevett.ai,0,False
http://www.christrevett.today,0,False
http://www.christrevett.website,0,False
http://www.christrevett.site,0,False
http://www.christrevett.navy,0,False
http://www.christrevett.tech,0,False
http://www.christrevett.app,0,False
http://www.christrevett.services,0,False
http://www.christrevett.market,0,False
http://www.christrevett.art,0,False
http://www.christrevett.team,0,False
http://www.christrevett.ink,0,False
http://www.christrevett.casa,0,False
http://www.christrevett.tips,0,False
http://www.christrevett.ms,0,False
http://www.christrevett.social,0,False
http://www.christrevett.group,0,False
http://www.christrevett.world,0,False
http://www.christrevett.zone,0,False
http://www.christrevett.guide,0,False
http://www.christrevett.info.ve,0,False
http://www.christrevett.email,0,False
http://www.christrevett.ltd,0,False
http://www.christrevett.vip,0,False
http://www.christrevett.legal,0,False
http://www.christrevett.love,0,False
http://www.christrevett.fit,0,False
http://www.christrevett.click,1,True
http://www.correios.com.mx/para/governo/governo/esta/dual/en/com/end/as/en/com/end/as/intern/ac/iona/is,1,True
http://www.correios.co.za/para/governo/governo/esta/dual/en/com/end/as/en/com/end/as/intern/ac/iona/is,0,False
http://www.correios.com.au/para/governo/governo/esta/dual/en/com/end/as/en/com/end/as/intern/ac/iona/is,0,False
http://www.correios.ch/para/governo/governo/esta/dual/en/com/end/as/en/com/end/as/intern/ac/iona/is,0,False
http://www.correios.org.uk/para/governo/governo/esta/dual/en/com/end/as/en/com/end/as/intern/ac/iona/is,0,False
http://www.correios.ca/para/governo/governo/esta/dual/en/com/end/as/en/com/end/as/intern/ac/iona/is,0,False
http://www.correios.asia/para/governo/governo/esta/dual/en/com/end/as/en/com/end/as/intern/ac/iona/is,1,True
http://www.correios.org.nz/para/governo/governo/esta/dual/en/com/end/as/en/com/end/as/intern/ac/iona/is,0,False
http://www.correios.sg/para/governo/governo/esta/dual/en/com/end/as/en/com/end/as/intern/ac/iona/is,0,False
http://www.correios.ph/para/governo/governo/esta/dual/en/com/end/as/en/com/end/as/intern/ac/iona/is,0,False
http://www.correios.tk/para/governo/governo/esta/dual/en/com/end/as/en/com/end/as/intern/ac/iona/is,1,True
http://www.correios.us/para/governo/governo/esta/dual/en/com/end/as/en/com/end/as/intern/ac/iona/is,0,False
http://www.correios.net.cn/para/governo/governo/esta/dual/en/com/end/as/en/com/end/as/intern/ac/iona/is,0,False
http://www.correios.at/para/governo/governo/esta/dual/en/com/end/as/en/com/end/as/intern/ac/iona/is,0,False
http://www.correios.help/para/governo/governo/esta/dual/en/com/end/as/en/com/end/as/intern/ac/iona/is,0,False
http://www.correios.be/para/governo/governo/esta/dual/en/com/end/as/en/com/end/as/intern/ac/iona/is,0,False
http://www.correios.com.ph/para/governo/governo/esta/dual/en/com/end/as/en/com/end/as/intern/ac/iona/is,0,False
http://www.correios.com.pl/para/governo/governo/esta/dual/en/com/end/as/en/com/end/as/intern/ac/iona/is,0,False
http://www.correios.com.co/para/governo/governo/esta/dual/en/com/end/as/en/com/end/as/intern/ac/iona/is,0,False
http://www.correios.university/para/governo/governo/esta/dual/en/com/end/as/en/com/end/as/intern/ac/iona/is,1,True
http://www.correios.net.au/para/governo/governo/esta/dual/en/com/end/as/en/com/end/as/intern/ac/iona/is,0,False
http://www.correios.ws/para/governo/governo/esta/dual/en/com/end/as/en/com/end/as/intern/ac/iona/is,1,True
http://www.correios.co.nz/para/governo/governo/esta/dual/en/com/end/as/en/com/end/as/intern/ac/iona/is,0,False
http://www.correios.com.ve/para/governo/governo/esta/dual/en/com/end/as/en/com/end/as/intern/ac/iona/is,1,True
http://www.correios.net.pl/para/governo/governo/esta/dual/en/com/end/as/en/com/end/as/intern/ac/iona/is,1,True
http://www.correios.org.in/para/governo/governo/esta/dual/en/com/end/as/en/com/end/as/intern/ac/iona/is,1,True
http://www.correios.org.au/para/governo/governo/esta/dual/en/com/end/as/en/com/end/as/intern/ac/iona/is,0,False
http://www.correios.com.pe/para/governo/governo/esta/dual/en/com/end/as/en/com/end/as/intern/ac/iona/is,0,False
http://www.correios.cool/para/governo/governo/esta/dual/en/com/end/as/en/com/end/as/intern/ac/iona/is,0,False
http://www.correios.org.ph/para/governo/governo/esta/dual/en/com/end/as/en/com/end/as/intern/ac/iona/is,1,True
http://www.correios.co.in/para/governo/governo/esta/dual/en/com/end/as/en/com/end/as/intern/ac/iona/is,0,False
http://www.correios.host/para/governo/governo/esta/dual/en/com/end/as/en/com/end/as/intern/ac/iona/is,1,True
http://www.correios.info.pl/para/governo/governo/esta/dual/en/com/end/as/en/com/end/as/intern/ac/iona/is,1,True
http://www.correios.space/para/governo/governo/esta/dual/en/com/end/as/en/com/end/as/intern/ac/iona/is,0,False
http://www.correios.pro/para/governo/governo/esta/dual/en/com/end/as/en/com/end/as/intern/ac/iona/is,0,False
http://www.correios.la/para/governo/governo/esta/dual/en/com/end/as/en/com/end/as/intern/ac/iona/is,1,True
http://www.correios.net.in/para/governo/governo/esta/dual/en/com/end/as/en/com/end/as/intern/ac/iona/is,0,False
http://www.correios.org.cn/para/governo/governo/esta/dual/en/com/end/as/en/com/end/as/intern/ac/iona/is,1,True
http://www.correios.am/para/governo/governo/esta/dual/en/com/end/as/en/com/end/as/intern/ac/iona/is,0,False
http://www.correios.life/para/governo/governo/esta/dual/en/com/end/as/en/com/end/as/intern/ac/iona/is,0,False
http://www.correios.center/para/governo/governo/esta/dual/en/com/end/as/en/com/end/as/intern/ac/iona/is,0,False
http://www.correios.store/para/governo/governo/esta/dual/en/com/end/as/en/com/end/as/intern/ac/iona/is,0,False
http://www.correios.gg/para/governo/governo/esta/dual/en/com/end/as/en/com/end/as/intern/ac/iona/is,1,True
http://www.correios.bz/para/governo/governo/esta/dual/en/com/end/as/en/com/end/as/intern/ac/iona/is,1,True
http://www.correios.ai/para/governo/governo/esta/dual/en/com/end/as/en/com/end/as/intern/ac/iona/is,0,False
http://www.correios.today/para/governo/governo/esta/dual/en/com/end/as/en/com/end/as/intern/ac/iona/is,1,True
http://www.correios.website/para/governo/governo/esta/dual/en/com/end/as/en/com/end/as/intern/ac/iona/is,0,False
http://www.correios.navy/para/governo/governo/esta/dual/en/com/end/as/en/com/end/as/intern/ac/iona/is,0,False
http://www.correios.tech/para/governo/governo/esta/dual/en/com/end/as/en/com/end/as/intern/ac/iona/is,0,False
http://www.correios.services/para/governo/governo/esta/dual/en/com/end/as/en/com/end/as/intern/ac/iona/is,0,False
http://www.correios.market/para/governo/governo/esta/dual/en/com/end/as/en/com/end/as/intern/ac/iona/is,1,True
http://www.correios.art/para/governo/governo/esta/dual/en/com/end/as/en/com/end/as/intern/ac/iona/is,0,False
http://www.correios.social/para/governo/governo/esta/dual/en/com/end/as/en/com/end/as/intern/ac/iona/is,0,False
http://www.correios.group/para/governo/governo/esta/dual/en/com/end/as/en/com/end/as/intern/ac/iona/is,0,False
http://www.correios.world/para/governo/governo/esta/dual/en/com/end/as/en/com/end/as/intern/ac/iona/is,0,False
http://www.correios.zone/para/governo/governo/esta/dual/en/com/end/as/en/com/end/as/intern/ac/iona/is,0,False
http://www.correios.guide/para/governo/governo/esta/dual/en/com/end/as/en/com/end/as/intern/ac/iona/is,0,False
http://www.correios.info.ve/para/governo/governo/esta/dual/en/com/end/as/en/com/end/as/intern/ac/iona/is,1,True
http://www.correios.email/para/governo/governo/esta/dual/en/com/end/as/en/com/end/as/intern/ac/iona/is,0,False
http://www.correios.ltd/para/governo/governo/esta/dual/en/com/end/as/en/com/end/as/intern/ac/iona/is,0,False
http://www.correios.legal/para/governo/governo/esta/dual/en/com/end/as/en/com/end/as/intern/ac/iona/is,1,True
http://www.correios.me.uk/para/governo/governo/esta/dual/en/com/end/as/en/com/end/as/intern/ac/iona/is,0,False
http://www.correios.house/para/governo/governo/esta/dual/en/com/end/as/en/com/end/as/intern/ac/iona/is,0,False
http://www.correios.studio/para/governo/governo/esta/dual/en/com/end/as/en/com/end/as/intern/ac/iona/is,0,False
http://www.correios.rocks/para/governo/governo/esta/dual/en/com/end/as/en/com/end/as/intern/ac/iona/is,0,False
http://www.correios.support/para/governo/governo/esta/dual/en/com/end/as/en/com/end/as/intern/ac/iona/is,1,True
http://www.correios.company/para/governo/governo/esta/dual/en/com/end/as/en/com/end/as/intern/ac/iona/is,1,True
http://www.correios.fun/para/governo/governo/esta/dual/en/com/end/as/en/com/end/as/intern/ac/iona/is,0,False
http://www.correios.expert/para/governo/governo/esta/dual/en/com/end/as/en/com/end/as/intern/ac/iona/is,1,True
http://www.correios.tw/para/governo/governo/esta/dual/en/com/end/as/en/com/end/as/intern/ac/iona/is,0,False
http://www.correios.hosting/para/governo/governo/esta/dual/en/com/end/as/en/com/end/as/intern/ac/iona/is,0,False
http://www.correios.org.pe/para/governo/governo/esta/dual/en/com/end/as/en/com/end/as/intern/ac/iona/is,1,True
http://www.correios.cloud/para/governo/governo/esta/dual/en/com/end/as/en/com/end/as/intern/ac/iona/is,1,True
http://www.correios.com.es/para/governo/governo/esta/dual/en/com/end/as/en/com/end/as/intern/ac/iona/is,0,False
http://www.correios.clinic/para/governo/governo/esta/dual/en/com/end/as/en/com/end/as/intern/ac/iona/is,0,False
http://www.correios.business/para/governo/governo/esta/dual/en/com/end/as/en/com/end/as/intern/ac/iona/is,1,True
http://www.correios.cash/para/governo/governo/esta/dual/en/com/end/as/en/com/end/as/intern/ac/iona/is,0,False
http://www.correios.army/para/governo/governo/esta/dual/en/com/end/as/en/com/end/as/intern/ac/iona/is,0,False
http://www.correios.news/para/governo/governo/esta/dual/en/com/end/as/en/com/end/as/intern/ac/iona/is,0,False
http://www.correios.network/para/governo/governo/esta/dual/en/com/end/as/en/com/end/as/intern/ac/iona/is,1,True
http://www.correios.trade/para/governo/governo/esta/dual/en/com/end/as/en/com/end/as/intern/ac/iona/is,0,False
http://www.correios.best/para/governo/governo/esta/dual/en/com/end/as/en/com/end/as/intern/ac/iona/is,0,False
http://www.correios.gold/para/governo/governo/esta/dual/en/com/end/as/en/com/end/as/intern/ac/iona/is,0,False
http://www.correios.global/para/governo/governo/esta/dual/en/com/end/as/en/com/end/as/intern/ac/iona/is,0,False
http://www.correios.ag/para/governo/governo/esta/dual/en/com/end/as/en/com/end/as/intern/ac/iona/is,0,False
http://www.correios.agency/para/governo/governo/esta/dual/en/com/end/as/en/com/end/as/intern/ac/iona/is,0,False
http://www.correios.ind.in/para/governo/governo/esta/dual/en/com/end/as/en/com/end/as/intern/ac/iona/is,0,False
http://www.correios.farm/para/governo/governo/esta/dual/en/com/end/as/en/com/end/as/intern/ac/iona/is,0,False
http://www.correios.love/para/governo/governo/esta/dual/en/com/end/as/en/com/end/as/intern/ac/iona/is,0,False
http://www.correios.fit/para/governo/governo/esta/dual/en/com/end/as/en/com/end/as/intern/ac/iona/is,0,False
http://www.thenextweb.ws/in/india/becomes/uber/s/largest/market/outside/us/launch/service/four/additional/cities,1,True
http://www.thenextweb.co.nz/in/india/becomes/uber/s/largest/market/outside/us/launch/service/four/additional/cities,0,False
http://www.thenextweb.com.ve/in/india/becomes/uber/s/largest/market/outside/us/launch/service/four/additional/cities,1,True
http://www.thenextweb.net.pl/in/india/becomes/uber/s/largest/market/outside/us/launch/service/four/additional/cities,1,True
http://www.thenextweb.org.in/in/india/becomes/uber/s/largest/market/outside/us/launch/service/four/additional/cities,1,True
http://www.thenextweb.org.au/in/india/becomes/uber/s/largest/market/outside/us/launch/service/four/additional/cities,1,True
http://www.thenextweb.com.pe/in/india/becomes/uber/s/largest/market/outside/us/launch/service/four/additional/cities,1,True
http://www.thenextweb.cool/in/india/becomes/uber/s/largest/market/outside/us/launch/service/four/additional/cities,1,True
http://www.thenextweb.org.ph/in/india/becomes/uber/s/largest/market/outside/us/launch/service/four/additional/cities,1,True
http://www.thenextweb.gs/in/india/becomes/uber/s/largest/market/outside/us/launch/service/four/additional/cities,1,True
http://www.thenextweb.co.in/in/india/becomes/uber/s/largest/market/outside/us/launch/service/four/additional/cities,1,True
http://www.thenextweb.host/in/india/becomes/uber/s/largest/market/outside/us/launch/service/four/additional/cities,1,True
http://www.thenextweb.info.pl/in/india/becomes/uber/s/largest/market/outside/us/launch/service/four/additional/cities,1,True
http://www.thenextweb.space/in/india/becomes/uber/s/largest/market/outside/us/launch/service/four/additional/cities,1,True
http://www.thenextweb.pro/in/india/becomes/uber/s/largest/market/outside/us/launch/service/four/additional/cities,1,True
http://www.thenextweb.la/in/india/becomes/uber/s/largest/market/outside/us/launch/service/four/additional/cities,1,True
http://www.thenextweb.studio/in/india/becomes/uber/s/largest/market/outside/us/launch/service/four/additional/cities,1,True
http://www.thenextweb.rocks/in/india/becomes/uber/s/largest/market/outside/us/launch/service/four/additional/cities,1,True
http://www.thenextweb.support/in/india/becomes/uber/s/largest/market/outside/us/launch/service/four/additional/cities,1,True
http://www.thenextweb.company/in/india/becomes/uber/s/largest/market/outside/us/launch/service/four/additional/cities,1,True
http://www.thenextweb.fun/in/india/becomes/uber/s/largest/market/outside/us/launch/service/four/additional/cities,1,True
http://www.thenextweb.work/in/india/becomes/uber/s/largest/market/outside/us/launch/service/four/additional/cities,1,True
http://www.thenextweb.expert/in/india/becomes/uber/s/largest/market/outside/us/launch/service/four/additional/cities,1,True
http://www.thenextweb.tw/in/india/becomes/uber/s/largest/market/outside/us/launch/service/four/additional/cities,1,True
http://www.thenextweb.hosting/in/india/becomes/uber/s/largest/market/outside/us/launch/service/four/additional/cities,1,True
http://www.thenextweb.org.pe/in/india/becomes/uber/s/largest/market/outside/us/launch/service/four/additional/cities,1,True
http://www.thenextweb.cloud/in/india/becomes/uber/s/largest/market/outside/us/launch/service/four/additional/cities,1,True
http://www.thenextweb.com.es/in/india/becomes/uber/s/largest/market/outside/us/launch/service/four/additional/cities,1,True
http://www.thenextweb.clinic/in/india/becomes/uber/s/largest/market/outside/us/launch/service/four/additional/cities,0,False
http://www.thenextweb.business/in/india/becomes/uber/s/largest/market/outside/us/launch/service/four/additional/cities,1,True
http://www.thenextweb.cash/in/india/becomes/uber/s/largest/market/outside/us/launch/service/four/additional/cities,1,True
http://www.thenextweb.army/in/india/becomes/uber/s/largest/market/outside/us/launch/service/four/additional/cities,1,True
http://www.thenextweb.news/in/india/becomes/uber/s/largest/market/outside/us/launch/service/four/additional/cities,1,True
http://www.thenextweb.network/in/india/becomes/uber/s/largest/market/outside/us/launch/service/four/additional/cities,1,True
http://www.thenextweb.trade/in/india/becomes/uber/s/largest/market/outside/us/launch/service/four/additional/cities,1,True
http://www.thenextweb.best/in/india/becomes/uber/s/largest/market/outside/us/launch/service/four/additional/cities,1,True
http://www.thenextweb.gold/in/india/becomes/uber/s/largest/market/outside/us/launch/service/four/additional/cities,1,True
http://www.thenextweb.global/in/india/becomes/uber/s/largest/market/outside/us/launch/service/four/additional/cities,1,True
http://www.thenextweb.ag/in/india/becomes/uber/s/largest/market/outside/us/launch/service/four/additional/cities,1,True
http://www.thenextweb.agency/in/india/becomes/uber/s/largest/market/outside/us/launch/service/four/additional/cities,1,True
http://www.thenextweb.ind.in/in/india/becomes/uber/s/largest/market/outside/us/launch/service/four/additional/cities,0,False
http://www.thenextweb.farm/in/india/becomes/uber/s/largest/market/outside/us/launch/service/four/additional/cities,1,True
http://www.thenextweb.love/in/india/becomes/uber/s/largest/market/outside/us/launch/service/four/additional/cities,1,True
http://www.superuser.co.nz/questions/creating/a/formula/that/queries/data/in/column/b/based/on/a/selection/from/colum,1,True
http://www.superuser.com.ve/questions/creating/a/formula/that/queries/data/in/column/b/based/on/a/selection/from/colum,1,True
http://www.superuser.net.pl/questions/creating/a/formula/that/queries/data/in/column/b/based/on/a/selection/from/colum,1,True
http://www.superuser.org.in/questions/creating/a/formula/that/queries/data/in/column/b/based/on/a/selection/from/colum,1,True
http://www.superuser.org.au/questions/creating/a/formula/that/queries/data/in/column/b/based/on/a/selection/from/colum,1,True
http://www.superuser.com.pe/questions/creating/a/formula/that/queries/data/in/column/b/based/on/a/selection/from/colum,1,True
http://www.superuser.cool/questions/creating/a/formula/that/queries/data/in/column/b/based/on/a/selection/from/colum,1,True
http://www.superuser.org.ph/questions/creating/a/formula/that/queries/data/in/column/b/based/on/a/selection/from/colum,1,True
http://www.superuser.gs/questions/creating/a/formula/that/queries/data/in/column/b/based/on/a/selection/from/colum,1,True
http://www.superuser.ms/questions/creating/a/formula/that/queries/data/in/column/b/based/on/a/selection/from/colum,1,True
http://www.superuser.social/questions/creating/a/formula/that/queries/data/in/column/b/based/on/a/selection/from/colum,1,True
http://www.superuser.world/questions/creating/a/formula/that/queries/data/in/column/b/based/on/a/selection/from/colum,1,True
http://www.superuser.zone/questions/creating/a/formula/that/queries/data/in/column/b/based/on/a/selection/from/colum,1,True
http://www.superuser.guide/questions/creating/a/formula/that/queries/data/in/column/b/based/on/a/selection/from/colum,1,True
http://www.superuser.info.ve/questions/creating/a/formula/that/queries/data/in/column/b/based/on/a/selection/from/colum,1,True
http://www.superuser.ltd/questions/creating/a/formula/that/queries/data/in/column/b/based/on/a/selection/from/colum,1,True
http://www.superuser.legal/questions/creating/a/formula/that/queries/data/in/column/b/based/on/a/selection/from/colum,1,True
http://www.superuser.me.uk/questions/creating/a/formula/that/queries/data/in/column/b/based/on/a/selection/from/colum,1,True
http://www.superuser.house/questions/creating/a/formula/that/queries/data/in/column/b/based/on/a/selection/from/colum,1,True
http://www.superuser.rocks/questions/creating/a/formula/that/queries/data/in/column/b/based/on/a/selection/from/colum,1,True
http://www.superuser.support/questions/creating/a/formula/that/queries/data/in/column/b/based/on/a/selection/from/colum,1,True
http://www.superuser.company/questions/creating/a/formula/that/queries/data/in/column/b/based/on/a/selection/from/colum,1,True
http://www.superuser.fun/questions/creating/a/formula/that/queries/data/in/column/b/based/on/a/selection/from/colum,1,True
http://www.superuser.work/questions/creating/a/formula/that/queries/data/in/column/b/based/on/a/selection/from/colum,1,True
http://www.superuser.expert/questions/creating/a/formula/that/queries/data/in/column/b/based/on/a/selection/from/colum,1,True
http://www.superuser.tw/questions/creating/a/formula/that/queries/data/in/column/b/based/on/a/selection/from/colum,1,True
http://www.superuser.hosting/questions/creating/a/formula/that/queries/data/in/column/b/based/on/a/selection/from/colum,1,True
http://www.superuser.org.pe/questions/creating/a/formula/that/queries/data/in/column/b/based/on/a/selection/from/colum,1,True
http://www.nesn.com.mx/deion/sanders/live/tweets/fight/with/wife/pilar/who/gets/arrested/for/assault,1,True
http://www.nesn.nl/deion/sanders/live/tweets/fight/with/wife/pilar/who/gets/arrested/for/assault,0,False
http://www.nesn.co.za/deion/sanders/live/tweets/fight/with/wife/pilar/who/gets/arrested/for/assault,1,True
http://www.nesn.com.ve/deion/sanders/live/tweets/fight/with/wife/pilar/who/gets/arrested/for/assault,1,True
http://www.nesn.net.pl/deion/sanders/live/tweets/fight/with/wife/pilar/who/gets/arrested/for/assault,1,True
http://www.nesn.org.in/deion/sanders/live/tweets/fight/with/wife/pilar/who/gets/arrested/for/assault,1,True
http://www.nesn.org.au/deion/sanders/live/tweets/fight/with/wife/pilar/who/gets/arrested/for/assault,1,True
http://www.nesn.com.pe/deion/sanders/live/tweets/fight/with/wife/pilar/who/gets/arrested/for/assault,1,True
http://www.nesn.cool/deion/sanders/live/tweets/fight/with/wife/pilar/who/gets/arrested/for/assault,1,True
http://www.nesn.org.ph/deion/sanders/live/tweets/fight/with/wife/pilar/who/gets/arrested/for/assault,1,True
http://www.nesn.gs/deion/sanders/live/tweets/fight/with/wife/pilar/who/gets/arrested/for/assault,1,True
http://www.nesn.co.in/deion/sanders/live/tweets/fight/with/wife/pilar/who/gets/arrested/for/assault,1,True
http://www.nesn.host/deion/sanders/live/tweets/fight/with/wife/pilar/who/gets/arrested/for/assault,1,True
http://www.nesn.info.pl/deion/sanders/live/tweets/fight/with/wife/pilar/who/gets/arrested/for/assault,1,True
http://www.nesn.space/deion/sanders/live/tweets/fight/with/wife/pilar/who/gets/arrested/for/assault,1,True
http://www.nesn.pro/deion/sanders/live/tweets/fight/with/wife/pilar/who/gets/arrested/for/assault,1,True
http://www.nesn.la/deion/sanders/live/tweets/fight/with/wife/pilar/who/gets/arrested/for/assault,1,True
http://www.nesn.net.in/deion/sanders/live/tweets/fight/with/wife/pilar/who/gets/arrested/for/assault,1,True
http://www.nesn.org.cn/deion/sanders/live/tweets/fight/with/wife/pilar/who/gets/arrested/for/assault,1,True
http://www.nesn.online/deion/sanders/live/tweets/fight/with/wife/pilar/who/gets/arrested/for/assault,1,True
http://www.nesn.am/deion/sanders/live/tweets/fight/with/wife/pilar/who/gets/arrested/for/assault,1,True
http://www.nesn.live/deion/sanders/live/tweets/fight/with/wife/pilar/who/gets/arrested/for/assault,1,True
http://www.nesn.life/deion/sanders/live/tweets/fight/with/wife/pilar/who/gets/arrested/for/assault,1,True
http://www.nesn.link/deion/sanders/live/tweets/fight/with/wife/pilar/who/gets/arrested/for/assault,1,True
http://www.nesn.center/deion/sanders/live/tweets/fight/with/wife/pilar/who/gets/arrested/for/assault,1,True
http://www.nesn.store/deion/sanders/live/tweets/fight/with/wife/pilar/who/gets/arrested/for/assault,1,True
http://www.nesn.me.uk/deion/sanders/live/tweets/fight/with/wife/pilar/who/gets/arrested/for/assault,0,False
http://www.nesn.house/deion/sanders/live/tweets/fight/with/wife/pilar/who/gets/arrested/for/assault,1,True
http://www.nesn.studio/deion/sanders/live/tweets/fight/with/wife/pilar/who/gets/arrested/for/assault,1,True
http://www.nesn.rocks/deion/sanders/live/tweets/fight/with/wife/pilar/who/gets/arrested/for/assault,1,True
http://www.nesn.support/deion/sanders/live/tweets/fight/with/wife/pilar/who/gets/arrested/for/assault,1,True
http://www.nesn.company/deion/sanders/live/tweets/fight/with/wife/pilar/who/gets/arrested/for/assault,1,True
http://www.nesn.fun/deion/sanders/live/tweets/fight/with/wife/pilar/who/gets/arrested/for/assault,1,True
http://www.nesn.work/deion/sanders/live/tweets/fight/with/wife/pilar/who/gets/arrested/for/assault,1,True
http://www.nesn.expert/deion/sanders/live/tweets/fight/with/wife/pilar/who/gets/arrested/for/assault,1,True
http://www.nesn.tw/deion/sanders/live/tweets/fight/with/wife/pilar/who/gets/arrested/for/assault,1,True
http://www.nesn.hosting/deion/sanders/live/tweets/fight/with/wife/pilar/who/gets/arrested/for/assault,1,True
http://www.nesn.org.pe/deion/sanders/live/tweets/fight/with/wife/pilar/who/gets/arrested/for/assault,1,True
http://www.nesn.cloud/deion/sanders/live/tweets/fight/with/wife/pilar/who/gets/arrested/for/assault,1,True
http://www.nesn.com.es/deion/sanders/live/tweets/fight/with/wife/pilar/who/gets/arrested/for/assault,1,True
http://www.nesn.clinic/deion/sanders/live/tweets/fight/with/wife/pilar/who/gets/arrested/for/assault,1,True
http://www.nesn.business/deion/sanders/live/tweets/fight/with/wife/pilar/who/gets/arrested/for/assault,1,True
http://www.nesn.cash/deion/sanders/live/tweets/fight/with/wife/pilar/who/gets/arrested/for/assault,1,True
http://www.nesn.army/deion/sanders/live/tweets/fight/with/wife/pilar/who/gets/arrested/for/assault,1,True
http://www.nesn.news/deion/sanders/live/tweets/fight/with/wife/pilar/who/gets/arrested/for/assault,1,True
http://www.nesn.trade/deion/sanders/live/tweets/fight/with/wife/pilar/who/gets/arrested/for/assault,1,True
http://www.nesn.global/deion/sanders/live/tweets/fight/with/wife/pilar/who/gets/arrested/for/assault,1,True
http://www.nesn.ag/deion/sanders/live/tweets/fight/with/wife/pilar/who/gets/arrested/for/assault,1,True
http://www.nesn.agency/deion/sanders/live/tweets/fight/with/wife/pilar/who/gets/arrested/for/assault,1,True
http://www.nesn.ind.in/deion/sanders/live/tweets/fight/with/wife/pilar/who/gets/arrested/for/assault,1,True
http://www.nesn.farm/deion/sanders/live/tweets/fight/with/wife/pilar/who/gets/arrested/for/assault,1,True
http://www.nesn.love/deion/sanders/live/tweets/fight/with/wife/pilar/who/gets/arrested/for/assault,1,True
http://www.nesn.click/deion/sanders/live/tweets/fight/with/wife/pilar/who/gets/arrested/for/assault,1,True
http://www.icbcltd.com.mx/i/cbc/ltd/about/us/awards/rating,1,True
http://www.icbcltd.nl/i/cbc/ltd/about/us/awards/rating,0,False
http://www.icbcltd.com.ve/i/cbc/ltd/about/us/awards/rating,1,True
http://www.icbcltd.net.pl/i/cbc/ltd/about/us/awards/rating,1,True
http://www.icbcltd.org.in/i/cbc/ltd/about/us/awards/rating,0,False
http://www.icbcltd.org.au/i/cbc/ltd/about/us/awards/rating,0,False
http://www.icbcltd.com.pe/i/cbc/ltd/about/us/awards/rating,1,True
http://www.icbcltd.cool/i/cbc/ltd/about/us/awards/rating,1,True
http://www.icbcltd.org.ph/i/cbc/ltd/about/us/awards/rating,1,True
http://www.icbcltd.co.in/i/cbc/ltd/about/us/awards/rating,1,True
http://www.icbcltd.host/i/cbc/ltd/about/us/awards/rating,1,True
http://www.icbcltd.info.pl/i/cbc/ltd/about/us/awards/rating,1,True
http://www.icbcltd.space/i/cbc/ltd/about/us/awards/rating,1,True
http://www.icbcltd.pro/i/cbc/ltd/about/us/awards/rating,0,False
http://www.icbcltd.me.uk/i/cbc/ltd/about/us/awards/rating,0,False
http://www.icbcltd.house/i/cbc/ltd/about/us/awards/rating,1,True
http://www.icbcltd.studio/i/cbc/ltd/about/us/awards/rating,1,True
http://www.icbcltd.rocks/i/cbc/ltd/about/us/awards/rating,1,True
http://www.icbcltd.support/i/cbc/ltd/about/us/awards/rating,1,True
http://www.icbcltd.company/i/cbc/ltd/about/us/awards/rating,1,True
http://www.icbcltd.fun/i/cbc/ltd/about/us/awards/rating,1,True
http://www.icbcltd.work/i/cbc/ltd/about/us/awards/rating,1,True
http://www.icbcltd.expert/i/cbc/ltd/about/us/awards/rating,1,True
http://www.icbcltd.tw/i/cbc/ltd/about/us/awards/rating,0,False
http://www.icbcltd.hosting/i/cbc/ltd/about/us/awards/rating,1,True
http://www.icbcltd.org.pe/i/cbc/ltd/about/us/awards/rating,1,True
http://www.icbcltd.cloud/i/cbc/ltd/about/us/awards/rating,1,True
http://www.icbcltd.clinic/i/cbc/ltd/about/us/awards/rating,0,False
http://www.icbcltd.business/i/cbc/ltd/about/us/awards/rating,1,True
http://www.icbcltd.cash/i/cbc/ltd/about/us/awards/rating,0,False
http://www.icbcltd.army/i/cbc/ltd/about/us/awards/rating,1,True
http://www.icbcltd.news/i/cbc/ltd/about/us/awards/rating,0,False
http://www.icbcltd.network/i/cbc/ltd/about/us/awards/rating,1,True
http://www.icbcltd.trade/i/cbc/ltd/about/us/awards/rating,1,True
http://www.icbcltd.best/i/cbc/ltd/about/us/awards/rating,1,True
http://www.icbcltd.gold/i/cbc/ltd/about/us/awards/rating,1,True
https://www.jumblo.com.mx,1,True
https://www.jumblo.nl,1,True
https://www.jumblo.co.za,1,True
https://www.jumblo.co.nz,1,True
https://www.jumblo.com.ve,1,True
https://www.jumblo.net.pl,1,True
https://www.jumblo.org.in,0,False
https://www.jumblo.org.au,0,False
https://www.jumblo.com.pe,1,True
https://www.jumblo.cool,1,True
https://www.jumblo.org.ph,1,True
https://www.jumblo.gs,1,True
https://www.jumblo.co.in,0,False
https://www.jumblo.host,1,True
https://www.jumblo.info.pl,1,True
https://www.jumblo.mobi,1,True
https://www.jumblo.space,1,True
https://www.jumblo.art,1,True
https://www.jumblo.team,1,True
https://www.jumblo.ink,1,True
https://www.jumblo.casa,1,True
https://www.jumblo.tips,1,True
https://www.jumblo.ms,1,True
https://www.jumblo.social,1,True
https://www.jumblo.group,1,True
https://www.jumblo.world,1,True
https://www.jumblo.zone,1,True
https://www.jumblo.guide,1,True
https://www.jumblo.email,1,True
https://www.jumblo.ltd,1,True
https://www.jumblo.vip,1,True
https://www.jumblo.legal,1,True
https://www.jumblo.me.uk,1,True
https://www.jumblo.house,1,True
https://www.jumblo.studio,1,True
https://www.jumblo.rocks,1,True
https://www.jumblo.support,1,True
https://www.jumblo.company,1,True
https://www.jumblo.fun,1,True
https://www.jumblo.work,1,True
https://www.jumblo.expert,1,True
https://www.jumblo.tw,1,True
https://www.jumblo.hosting,1,True
https://www.jumblo.fit,1,True
https://www.jumblo.click,1,True
http://www.maybanku.com.au/mbb/info/m/u/public/personal/list.do?programidbfinpropertyloanschcatidmbbbusinessbfinfinancing,1,True
http://www.maybanku.ch/mbb/info/m/u/public/personal/list.do?programidbfinpropertyloanschcatidmbbbusinessbfinfinancing,1,True
http://www.maybanku.xyz/mbb/info/m/u/public/personal/list.do?programidbfinpropertyloanschcatidmbbbusinessbfinfinancing,1,True
http://www.maybanku.org.uk/mbb/info/m/u/public/personal/list.do?programidbfinpropertyloanschcatidmbbbusinessbfinfinancing,1,True
http://www.maybanku.ca/mbb/info/m/u/public/personal/list.do?programidbfinpropertyloanschcatidmbbbusinessbfinfinancing,1,True
http://www.maybanku.asia/mbb/info/m/u/public/personal/list.do?programidbfinpropertyloanschcatidmbbbusinessbfinfinancing,1,True
http://www.maybanku.org.nz/mbb/info/m/u/public/personal/list.do?programidbfinpropertyloanschcatidmbbbusinessbfinfinancing,1,True
http://www.maybanku.sg/mbb/info/m/u/public/personal/list.do?programidbfinpropertyloanschcatidmbbbusinessbfinfinancing,1,True
http://www.maybanku.ph/mbb/info/m/u/public/personal/list.do?programidbfinpropertyloanschcatidmbbbusinessbfinfinancing,1,True
http://www.maybanku.com.cn/mbb/info/m/u/public/personal/list.do?programidbfinpropertyloanschcatidmbbbusinessbfinfinancing,1,True
http://www.maybanku.biz/mbb/info/m/u/public/personal/list.do?programidbfinpropertyloanschcatidmbbbusinessbfinfinancing,1,True
http://www.maybanku.tk/mbb/info/m/u/public/personal/list.do?programidbfinpropertyloanschcatidmbbbusinessbfinfinancing,1,True
http://www.maybanku.us/mbb/info/m/u/public/personal/list.do?programidbfinpropertyloanschcatidmbbbusinessbfinfinancing,1,True
http://www.maybanku.net.cn/mbb/info/m/u/public/personal/list.do?programidbfinpropertyloanschcatidmbbbusinessbfinfinancing,1,True
http://www.maybanku.es/mbb/info/m/u/public/personal/list.do?programidbfinpropertyloanschcatidmbbbusinessbfinfinancing,1,True
http://www.maybanku.at/mbb/info/m/u/public/personal/list.do?programidbfinpropertyloanschcatidmbbbusinessbfinfinancing,1,True
http://www.maybanku.help/mbb/info/m/u/public/personal/list.do?programidbfinpropertyloanschcatidmbbbusinessbfinfinancing,1,True
http://www.maybanku.be/mbb/info/m/u/public/personal/list.do?programidbfinpropertyloanschcatidmbbbusinessbfinfinancing,1,True
http://www.maybanku.com.ph/mbb/info/m/u/public/personal/list.do?programidbfinpropertyloanschcatidmbbbusinessbfinfinancing,1,True
http://www.maybanku.com.pl/mbb/info/m/u/public/personal/list.do?programidbfinpropertyloanschcatidmbbbusinessbfinfinancing,1,True
http://www.maybanku.club/mbb/info/m/u/public/personal/list.do?programidbfinpropertyloanschcatidmbbbusinessbfinfinancing,1,True
http://www.maybanku.com.co/mbb/info/m/u/public/personal/list.do?programidbfinpropertyloanschcatidmbbbusinessbfinfinancing,1,True
http://www.maybanku.org.in/mbb/info/m/u/public/personal/list.do?programidbfinpropertyloanschcatidmbbbusinessbfinfinancing,1,True
http://www.maybanku.org.au/mbb/info/m/u/public/personal/list.do?programidbfinpropertyloanschcatidmbbbusinessbfinfinancing,1,True
http://www.maybanku.com.pe/mbb/info/m/u/public/personal/list.do?programidbfinpropertyloanschcatidmbbbusinessbfinfinancing,1,True
http://www.maybanku.cool/mbb/info/m/u/public/personal/list.do?programidbfinpropertyloanschcatidmbbbusinessbfinfinancing,1,True
http://www.maybanku.org.ph/mbb/info/m/u/public/personal/list.do?programidbfinpropertyloanschcatidmbbbusinessbfinfinancing,1,True
http://www.maybanku.gs/mbb/info/m/u/public/personal/list.do?programidbfinpropertyloanschcatidmbbbusinessbfinfinancing,1,True
http://www.maybanku.co.in/mbb/info/m/u/public/personal/list.do?programidbfinpropertyloanschcatidmbbbusinessbfinfinancing,1,True
http://www.maybanku.host/mbb/info/m/u/public/personal/list.do?programidbfinpropertyloanschcatidmbbbusinessbfinfinancing,1,True
http://www.maybanku.info.pl/mbb/info/m/u/public/personal/list.do?programidbfinpropertyloanschcatidmbbbusinessbfinfinancing,1,True
http://www.maybanku.mobi/mbb/info/m/u/public/personal/list.do?programidbfinpropertyloanschcatidmbbbusinessbfinfinancing,1,True
http://www.maybanku.space/mbb/info/m/u/public/personal/list.do?programidbfinpropertyloanschcatidmbbbusinessbfinfinancing,1,True
http://www.maybanku.pro/mbb/info/m/u/public/personal/list.do?programidbfinpropertyloanschcatidmbbbusinessbfinfinancing,1,True
http://www.maybanku.la/mbb/info/m/u/public/personal/list.do?programidbfinpropertyloanschcatidmbbbusinessbfinfinancing,1,True
http://www.maybanku.net.in/mbb/info/m/u/public/personal/list.do?programidbfinpropertyloanschcatidmbbbusinessbfinfinancing,1,True
http://www.maybanku.org.cn/mbb/info/m/u/public/personal/list.do?programidbfinpropertyloanschcatidmbbbusinessbfinfinancing,1,True
http://www.maybanku.online/mbb/info/m/u/public/personal/list.do?programidbfinpropertyloanschcatidmbbbusinessbfinfinancing,1,True
http://www.maybanku.me.uk/mbb/info/m/u/public/personal/list.do?programidbfinpropertyloanschcatidmbbbusinessbfinfinancing,1,True
http://www.maybanku.house/mbb/info/m/u/public/personal/list.do?programidbfinpropertyloanschcatidmbbbusinessbfinfinancing,1,True
http://www.maybanku.studio/mbb/info/m/u/public/personal/list.do?programidbfinpropertyloanschcatidmbbbusinessbfinfinancing,1,True
http://www.maybanku.rocks/mbb/info/m/u/public/personal/list.do?programidbfinpropertyloanschcatidmbbbusinessbfinfinancing,1,True
http://www.maybanku.support/mbb/info/m/u/public/personal/list.do?programidbfinpropertyloanschcatidmbbbusinessbfinfinancing,1,True
http://www.maybanku.company/mbb/info/m/u/public/personal/list.do?programidbfinpropertyloanschcatidmbbbusinessbfinfinancing,1,True
http://www.maybanku.fun/mbb/info/m/u/public/personal/list.do?programidbfinpropertyloanschcatidmbbbusinessbfinfinancing,1,True
http://www.maybanku.work/mbb/info/m/u/public/personal/list.do?programidbfinpropertyloanschcatidmbbbusinessbfinfinancing,1,True
http://www.maybanku.expert/mbb/info/m/u/public/personal/list.do?programidbfinpropertyloanschcatidmbbbusinessbfinfinancing,1,True
http://www.maybanku.tw/mbb/info/m/u/public/personal/list.do?programidbfinpropertyloanschcatidmbbbusinessbfinfinancing,1,True
http://www.maybanku.hosting/mbb/info/m/u/public/personal/list.do?programidbfinpropertyloanschcatidmbbbusinessbfinfinancing,1,True
http://www.maybanku.org.pe/mbb/info/m/u/public/personal/list.do?programidbfinpropertyloanschcatidmbbbusinessbfinfinancing,1,True
http://www.maybanku.cloud/mbb/info/m/u/public/personal/list.do?programidbfinpropertyloanschcatidmbbbusinessbfinfinancing,1,True
http://www.maybanku.com.es/mbb/info/m/u/public/personal/list.do?programidbfinpropertyloanschcatidmbbbusinessbfinfinancing,1,True
http://www.maybanku.clinic/mbb/info/m/u/public/personal/list.do?programidbfinpropertyloanschcatidmbbbusinessbfinfinancing,1,True
http://www.maybanku.business/mbb/info/m/u/public/personal/list.do?programidbfinpropertyloanschcatidmbbbusinessbfinfinancing,1,True
http://www.maybanku.cash/mbb/info/m/u/public/personal/list.do?programidbfinpropertyloanschcatidmbbbusinessbfinfinancing,1,True
http://www.maybanku.army/mbb/info/m/u/public/personal/list.do?programidbfinpropertyloanschcatidmbbbusinessbfinfinancing,1,True
http://www.maybanku.news/mbb/info/m/u/public/personal/list.do?programidbfinpropertyloanschcatidmbbbusinessbfinfinancing,1,True
http://www.maybanku.network/mbb/info/m/u/public/personal/list.do?programidbfinpropertyloanschcatidmbbbusinessbfinfinancing,1,True
http://www.maybanku.trade/mbb/info/m/u/public/personal/list.do?programidbfinpropertyloanschcatidmbbbusinessbfinfinancing,1,True
http://www.maybanku.best/mbb/info/m/u/public/personal/list.do?programidbfinpropertyloanschcatidmbbbusinessbfinfinancing,1,True
http://www.maybanku.global/mbb/info/m/u/public/personal/list.do?programidbfinpropertyloanschcatidmbbbusinessbfinfinancing,1,True
http://www.maybanku.ag/mbb/info/m/u/public/personal/list.do?programidbfinpropertyloanschcatidmbbbusinessbfinfinancing,1,True
http://www.maybanku.agency/mbb/info/m/u/public/personal/list.do?programidbfinpropertyloanschcatidmbbbusinessbfinfinancing,1,True
http://www.maybanku.ind.in/mbb/info/m/u/public/personal/list.do?programidbfinpropertyloanschcatidmbbbusinessbfinfinancing,1,True
http://www.maybanku.farm/mbb/info/m/u/public/personal/list.do?programidbfinpropertyloanschcatidmbbbusinessbfinfinancing,1,True
http://www.maybanku.love/mbb/info/m/u/public/personal/list.do?programidbfinpropertyloanschcatidmbbbusinessbfinfinancing,1,True
http://www.maybanku.fit/mbb/info/m/u/public/personal/list.do?programidbfinpropertyloanschcatidmbbbusinessbfinfinancing,1,True
http://www.maybanku.click/mbb/info/m/u/public/personal/list.do?programidbfinpropertyloanschcatidmbbbusinessbfinfinancing,1,True
http://www.nguyentandung.net.cn/voa/nga/va/my/la/do/i/tac/dac/bie/t/quan/trong/cua/viet/nam.html,1,True
http://www.nguyentandung.at/voa/nga/va/my/la/do/i/tac/dac/bie/t/quan/trong/cua/viet/nam.html,1,True
http://www.nguyentandung.help/voa/nga/va/my/la/do/i/tac/dac/bie/t/quan/trong/cua/viet/nam.html,1,True
http://www.nguyentandung.club/voa/nga/va/my/la/do/i/tac/dac/bie/t/quan/trong/cua/viet/nam.html,1,True
http://www.nguyentandung.com.co/voa/nga/va/my/la/do/i/tac/dac/bie/t/quan/trong/cua/viet/nam.html,1,True
http://www.nguyentandung.university/voa/nga/va/my/la/do/i/tac/dac/bie/t/quan/trong/cua/viet/nam.html,1,True
http://www.nguyentandung.net.au/voa/nga/va/my/la/do/i/tac/dac/bie/t/quan/trong/cua/viet/nam.html,1,True
http://www.nguyentandung.ws/voa/nga/va/my/la/do/i/tac/dac/bie/t/quan/trong/cua/viet/nam.html,1,True
http://www.nguyentandung.co/voa/nga/va/my/la/do/i/tac/dac/bie/t/quan/trong/cua/viet/nam.html,1,True
http://www.nguyentandung.bz/voa/nga/va/my/la/do/i/tac/dac/bie/t/quan/trong/cua/viet/nam.html,1,True
http://www.nguyentandung.today/voa/nga/va/my/la/do/i/tac/dac/bie/t/quan/trong/cua/viet/nam.html,1,True
http://www.nguyentandung.website/voa/nga/va/my/la/do/i/tac/dac/bie/t/quan/trong/cua/viet/nam.html,1,True
http://www.nguyentandung.site/voa/nga/va/my/la/do/i/tac/dac/bie/t/quan/trong/cua/viet/nam.html,1,True
http://www.nguyentandung.navy/voa/nga/va/my/la/do/i/tac/dac/bie/t/quan/trong/cua/viet/nam.html,1,True
http://www.nguyentandung.tech/voa/nga/va/my/la/do/i/tac/dac/bie/t/quan/trong/cua/viet/nam.html,1,True
http://www.nguyentandung.app/voa/nga/va/my/la/do/i/tac/dac/bie/t/quan/trong/cua/viet/nam.html,1,True
http://www.nguyentandung.services/voa/nga/va/my/la/do/i/tac/dac/bie/t/quan/trong/cua/viet/nam.html,1,True
http://www.nguyentandung.market/voa/nga/va/my/la/do/i/tac/dac/bie/t/quan/trong/cua/viet/nam.html,1,True
http://www.nguyentandung.art/voa/nga/va/my/la/do/i/tac/dac/bie/t/quan/trong/cua/viet/nam.html,1,True
http://www.nguyentandung.team/voa/nga/va/my/la/do/i/tac/dac/bie/t/quan/trong/cua/viet/nam.html,1,True
http://www.nguyentandung.ink/voa/nga/va/my/la/do/i/tac/dac/bie/t/quan/trong/cua/viet/nam.html,1,True
http://www.nguyentandung.casa/voa/nga/va/my/la/do/i/tac/dac/bie/t/quan/trong/cua/viet/nam.html,1,True
http://www.nguyentandung.tips/voa/nga/va/my/la/do/i/tac/dac/bie/t/quan/trong/cua/viet/nam.html,1,True
http://www.nguyentandung.social/voa/nga/va/my/la/do/i/tac/dac/bie/t/quan/trong/cua/viet/nam.html,1,True
http://www.nguyentandung.group/voa/nga/va/my/la/do/i/tac/dac/bie/t/quan/trong/cua/viet/nam.html,1,True
http://www.nguyentandung.world/voa/nga/va/my/la/do/i/tac/dac/bie/t/quan/trong/cua/viet/nam.html,1,True
http://www.nguyentandung.zone/voa/nga/va/my/la/do/i/tac/dac/bie/t/quan/trong/cua/viet/nam.html,1,True
http://www.nguyentandung.guide/voa/nga/va/my/la/do/i/tac/dac/bie/t/quan/trong/cua/viet/nam.html,1,True
http://www.nguyentandung.email/voa/nga/va/my/la/do/i/tac/dac/bie/t/quan/trong/cua/viet/nam.html,1,True
http://www.nguyentandung.ltd/voa/nga/va/my/la/do/i/tac/dac/bie/t/quan/trong/cua/viet/nam.html,1,True
http://www.nguyentandung.vip/voa/nga/va/my/la/do/i/tac/dac/bie/t/quan/trong/cua/viet/nam.html,1,True
http://www.nguyentandung.legal/voa/nga/va/my/la/do/i/tac/dac/bie/t/quan/trong/cua/viet/nam.html,1,True
http://www.nguyentandung.me.uk/voa/nga/va/my/la/do/i/tac/dac/bie/t/quan/trong/cua/viet/nam.html,1,True
http://www.nguyentandung.house/voa/nga/va/my/la/do/i/tac/dac/bie/t/quan/trong/cua/viet/nam.html,1,True
http://www.nguyentandung.studio/voa/nga/va/my/la/do/i/tac/dac/bie/t/quan/trong/cua/viet/nam.html,1,True
http://www.nguyentandung.fit/voa/nga/va/my/la/do/i/tac/dac/bie/t/quan/trong/cua/viet/nam.html,1,True
http://www.nguyentandung.click/voa/nga/va/my/la/do/i/tac/dac/bie/t/quan/trong/cua/viet/nam.html,1,True
http://www.olx.org.uk/i/servic/ii/a/face/ri/colabo/rari/servic/ii/auto/transport/u/r/i/tract/ari/auto/gtm.js,1,True
http://www.olx.club/i/servic/ii/a/face/ri/colabo/rari/servic/ii/auto/transport/u/r/i/tract/ari/auto/gtm.js,1,True
http://www.olx.org.in/i/servic/ii/a/face/ri/colabo/rari/servic/ii/auto/transport/u/r/i/tract/ari/auto/gtm.js,1,True
http://www.olx.net.in/i/servic/ii/a/face/ri/colabo/rari/servic/ii/auto/transport/u/r/i/tract/ari/auto/gtm.js,1,True
http://www.olx.live/i/servic/ii/a/face/ri/colabo/rari/servic/ii/auto/transport/u/r/i/tract/ari/auto/gtm.js,1,True
http://www.olx.ms/i/servic/ii/a/face/ri/colabo/rari/servic/ii/auto/transport/u/r/i/tract/ari/auto/gtm.js,1,True
http://www.olx.studio/i/servic/ii/a/face/ri/colabo/rari/servic/ii/auto/transport/u/r/i/tract/ari/auto/gtm.js,1,True
http://www.olx.fun/i/servic/ii/a/face/ri/colabo/rari/servic/ii/auto/transport/u/r/i/tract/ari/auto/gtm.js,1,True
http://www.olx.news/i/servic/ii/a/face/ri/colabo/rari/servic/ii/auto/transport/u/r/i/tract/ari/auto/gtm.js,1,True
http://www.olx.ind.in/i/servic/ii/a/face/ri/colabo/rari/servic/ii/auto/transport/u/r/i/tract/ari/auto/gtm.js,1,True
https://itunes.apple.org.nz/us/app/house/party/group/video/chat/id,1,True
https://itunes.apple.tk/us/app/house/party/group/video/chat/id,1,True
https://itunes.apple.host/us/app/house/party/group/video/chat/id,1,True
https://itunes.apple.la/us/app/house/party/group/video/chat/id,1,True
https://itunes.apple.com.es/us/app/house/party/group/video/chat/id,1,True
https://www.webroot.nl,1,True
https://www.webroot.co.za,1,True
https://www.webroot.ch,1,True
https://www.webroot.org.uk,0,False
https://www.webroot.org.nz,1,True
https://www.webroot.sg,1,True
https://www.webroot.ph,1,True
https://www.webroot.tk,1,True
https://www.webroot.net.cn,1,True
https://www.webroot.org.au,1,True
https://www.webroot.com.pe,1,True
https://www.webroot.cool,1,True
https://www.webroot.org.ph,1,True
https://www.webroot.host,1,True
https://www.webroot.info.pl,1,True
https://www.webroot.mobi,1,True
https://www.webroot.hosting,1,True
https://www.webroot.org.pe,1,True
https://www.webroot.clinic,1,True
https://www.webroot.business,1,True
https://www.webroot.cash,1,True
https://www.webroot.army,1,True
https://www.webroot.news,1,True
https://www.webroot.network,1,True
https://www.webroot.trade,1,True
https://www.webroot.best,1,True
https://www.webroot.gold,1,True
https://www.webroot.global,1,True
https://www.webroot.ag,1,True
https://www.webroot.agency,1,True
https://www.webroot.ind.in,1,True
https://www.webroot.farm,1,True
https://www.webroot.love,1,True
http://www.sfglobe.com.mx/year/old/lexi/walker/performs/stunning/rendition/of/national/anthem?srchomefeed,0,False
http://www.sfglobe.nl/year/old/lexi/walker/performs/stunning/rendition/of/national/anthem?srchomefeed,0,False
http://www.sfglobe.co.za/year/old/lexi/walker/performs/stunning/rendition/of/national/anthem?srchomefeed,0,False
http://www.sfglobe.com.au/year/old/lexi/walker/performs/stunning/rendition/of/national/anthem?srchomefeed,0,False
http://www.sfglobe.ch/year/old/lexi/walker/performs/stunning/rendition/of/national/anthem?srchomefeed,0,False
http://www.sfglobe.xyz/year/old/lexi/walker/performs/stunning/rendition/of/national/anthem?srchomefeed,1,True
http://www.sfglobe.org.uk/year/old/lexi/walker/performs/stunning/rendition/of/national/anthem?srchomefeed,0,False
http://www.sfglobe.ca/year/old/lexi/walker/performs/stunning/rendition/of/national/anthem?srchomefeed,0,False
http://www.sfglobe.asia/year/old/lexi/walker/performs/stunning/rendition/of/national/anthem?srchomefeed,0,False
http://www.sfglobe.org.nz/year/old/lexi/walker/performs/stunning/rendition/of/national/anthem?srchomefeed,0,False
http://www.sfglobe.sg/year/old/lexi/walker/performs/stunning/rendition/of/national/anthem?srchomefeed,0,False
http://www.sfglobe.ph/year/old/lexi/walker/performs/stunning/rendition/of/national/anthem?srchomefeed,0,False
http://www.sfglobe.com.cn/year/old/lexi/walker/performs/stunning/rendition/of/national/anthem?srchomefeed,0,False
http://www.sfglobe.biz/year/old/lexi/walker/performs/stunning/rendition/of/national/anthem?srchomefeed,0,False
http://www.sfglobe.tk/year/old/lexi/walker/performs/stunning/rendition/of/national/anthem?srchomefeed,1,True
http://www.sfglobe.be/year/old/lexi/walker/performs/stunning/rendition/of/national/anthem?srchomefeed,0,False
http://www.sfglobe.com.ph/year/old/lexi/walker/performs/stunning/rendition/of/national/anthem?srchomefeed,1,True
http://www.sfglobe.com.pl/year/old/lexi/walker/performs/stunning/rendition/of/national/anthem?srchomefeed,0,False
http://www.sfglobe.club/year/old/lexi/walker/performs/stunning/rendition/of/national/anthem?srchomefeed,0,False
http://www.sfglobe.com.co/year/old/lexi/walker/performs/stunning/rendition/of/national/anthem?srchomefeed,1,True
http://www.sfglobe.university/year/old/lexi/walker/performs/stunning/rendition/of/national/anthem?srchomefeed,0,False
http://www.sfglobe.net.au/year/old/lexi/walker/performs/stunning/rendition/of/national/anthem?srchomefeed,0,False
http://www.sfglobe.ws/year/old/lexi/walker/performs/stunning/rendition/of/national/anthem?srchomefeed,0,False
http://www.sfglobe.co/year/old/lexi/walker/performs/stunning/rendition/of/national/anthem?srchomefeed,1,True
http://www.sfglobe.co.nz/year/old/lexi/walker/performs/stunning/rendition/of/national/anthem?srchomefeed,0,False
http://www.sfglobe.com.ve/year/old/lexi/walker/performs/stunning/rendition/of/national/anthem?srchomefeed,1,True
http://www.sfglobe.net.pl/year/old/lexi/walker/performs/stunning/rendition/of/national/anthem?srchomefeed,0,False
http://www.sfglobe.org.in/year/old/lexi/walker/performs/stunning/rendition/of/national/anthem?srchomefeed,0,False
http://www.sfglobe.org.au/year/old/lexi/walker/performs/stunning/rendition/of/national/anthem?srchomefeed,0,False
http://www.sfglobe.online/year/old/lexi/walker/performs/stunning/rendition/of/national/anthem?srchomefeed,0,False
http://www.sfglobe.am/year/old/lexi/walker/performs/stunning/rendition/of/national/anthem?srchomefeed,0,False
http://www.sfglobe.live/year/old/lexi/walker/performs/stunning/rendition/of/national/anthem?srchomefeed,0,False
http://www.sfglobe.life/year/old/lexi/walker/performs/stunning/rendition/of/national/anthem?srchomefeed,0,False
http://www.sfglobe.link/year/old/lexi/walker/performs/stunning/rendition/of/national/anthem?srchomefeed,0,False
http://www.sfglobe.center/year/old/lexi/walker/performs/stunning/rendition/of/national/anthem?srchomefeed,1,True
http://www.sfglobe.store/year/old/lexi/walker/performs/stunning/rendition/of/national/anthem?srchomefeed,0,False
http://www.sfglobe.gg/year/old/lexi/walker/performs/stunning/rendition/of/national/anthem?srchomefeed,0,False
http://www.sfglobe.bz/year/old/lexi/walker/performs/stunning/rendition/of/national/anthem?srchomefeed,0,False
http://www.sfglobe.ai/year/old/lexi/walker/performs/stunning/rendition/of/national/anthem?srchomefeed,0,False
http://www.sfglobe.website/year/old/lexi/walker/performs/stunning/rendition/of/national/anthem?srchomefeed,0,False
http://www.sfglobe.site/year/old/lexi/walker/performs/stunning/rendition/of/national/anthem?srchomefeed,0,False
http://www.sfglobe.navy/year/old/lexi/walker/performs/stunning/rendition/of/national/anthem?srchomefeed,0,False
http://www.sfglobe.tech/year/old/lexi/walker/performs/stunning/rendition/of/national/anthem?srchomefeed,0,False
http://www.sfglobe.app/year/old/lexi/walker/performs/stunning/rendition/of/national/anthem?srchomefeed,0,False
http://www.sfglobe.services/year/old/lexi/walker/performs/stunning/rendition/of/national/anthem?srchomefeed,0,False
http://www.sfglobe.market/year/old/lexi/walker/performs/stunning/rendition/of/national/anthem?srchomefeed,0,False
http://www.sfglobe.art/year/old/lexi/walker/performs/stunning/rendition/of/national/anthem?srchomefeed,0,False
http://www.sfglobe.team/year/old/lexi/walker/performs/stunning/rendition/of/national/anthem?srchomefeed,0,False
http://www.sfglobe.ink/year/old/lexi/walker/performs/stunning/rendition/of/national/anthem?srchomefeed,0,False
http://www.sfglobe.casa/year/old/lexi/walker/performs/stunning/rendition/of/national/anthem?srchomefeed,0,False
http://www.sfglobe.tips/year/old/lexi/walker/performs/stunning/rendition/of/national/anthem?srchomefeed,0,False
http://www.sfglobe.ms/year/old/lexi/walker/performs/stunning/rendition/of/national/anthem?srchomefeed,0,False
http://www.sfglobe.social/year/old/lexi/walker/performs/stunning/rendition/of/national/anthem?srchomefeed,0,False
http://www.sfglobe.group/year/old/lexi/walker/performs/stunning/rendition/of/national/anthem?srchomefeed,0,False
http://www.sfglobe.world/year/old/lexi/walker/performs/stunning/rendition/of/national/anthem?srchomefeed,0,False
http://www.sfglobe.zone/year/old/lexi/walker/performs/stunning/rendition/of/national/anthem?srchomefeed,0,False
http://www.sfglobe.guide/year/old/lexi/walker/performs/stunning/rendition/of/national/anthem?srchomefeed,0,False
http://www.sfglobe.info.ve/year/old/lexi/walker/performs/stunning/rendition/of/national/anthem?srchomefeed,0,False
http://www.sfglobe.email/year/old/lexi/walker/performs/stunning/rendition/of/national/anthem?srchomefeed,1,True
http://www.sfglobe.ltd/year/old/lexi/walker/performs/stunning/rendition/of/national/anthem?srchomefeed,0,False
http://www.sfglobe.vip/year/old/lexi/walker/performs/stunning/rendition/of/national/anthem?srchomefeed,0,False
http://www.sfglobe.legal/year/old/lexi/walker/performs/stunning/rendition/of/national/anthem?srchomefeed,0,False
http://www.sfglobe.me.uk/year/old/lexi/walker/performs/stunning/rendition/of/national/anthem?srchomefeed,0,False
http://www.sfglobe.house/year/old/lexi/walker/performs/stunning/rendition/of/national/anthem?srchomefeed,0,False
http://www.sfglobe.studio/year/old/lexi/walker/performs/stunning/rendition/of/national/anthem?srchomefeed,1,True
http://www.sfglobe.rocks/year/old/lexi/walker/performs/stunning/rendition/of/national/anthem?srchomefeed,0,False
http://www.sfglobe.support/year/old/lexi/walker/performs/stunning/rendition/of/national/anthem?srchomefeed,0,False
http://www.sfglobe.company/year/old/lexi/walker/performs/stunning/rendition/of/national/anthem?srchomefeed,1,True
http://www.sfglobe.fun/year/old/lexi/walker/performs/stunning/rendition/of/national/anthem?srchomefeed,0,False
http://www.sfglobe.work/year/old/lexi/walker/performs/stunning/rendition/of/national/anthem?srchomefeed,0,False
http://www.sfglobe.expert/year/old/lexi/walker/performs/stunning/rendition/of/national/anthem?srchomefeed,0,False
http://www.sfglobe.fit/year/old/lexi/walker/performs/stunning/rendition/of/national/anthem?srchomefeed,0,False
http://www.sfglobe.click/year/old/lexi/walker/performs/stunning/rendition/of/national/anthem?srchomefeed,1,True
http://www.macromill.org.uk,0,False
http://www.macromill.ca,0,False
http://www.macromill.asia,0,False
http://www.macromill.sg,0,False
http://www.macromill.ph,0,False
http://www.macromill.biz,0,False
http://www.macromill.tk,0,False
http://www.macromill.us,0,False
http://www.macromill.net.cn,0,False
http://www.macromill.at,0,False
http://www.macromill.help,0,False
http://www.macromill.be,0,False
http://www.macromill.com.ph,0,False
http://www.macromill.com.pl,0,False
http://www.macromill.club,0,False
http://www.macromill.com.co,0,False
http://www.macromill.university,0,False
http://www.macromill.net.au,0,False
http://www.macromill.ws,0,False
http://www.macromill.online,0,False
http://www.macromill.live,0,False
http://www.macromill.life,0,False
http://www.macromill.link,0,False
http://www.macromill.center,0,False
http://www.macromill.store,0,False
http://www.macromill.gg,0,False
http://www.macromill.bz,0,False
http://www.macromill.ai,0,False
http://www.macromill.today,0,False
http://www.macromill.website,0,False
http://www.macromill.site,0,False
http://www.macromill.navy,0,False
http://www.macromill.tech,0,False
http://www.macromill.app,0,False
http://www.macromill.services,0,False
http://www.macromill.market,0,False
http://www.macromill.art,0,False
http://www.macromill.team,0,False
http://www.macromill.ink,0,False
http://www.macromill.casa,0,False
http://www.macromill.tips,0,False
http://www.macromill.social,0,False
http://www.macromill.ag,0,False
http://www.macromill.agency,0,False
http://www.macromill.ind.in,0,False
http://www.macromill.farm,0,False
http://www.macromill.love,0,False
http://www.macromill.fit,0,False
http://www.macromill.click,0,False
https://www.sas.co.za/en/be/home.html,0,False
https://www.sas.ch/en/be/home.html,0,False
https://www.sas.org.nz/en/be/home.html,0,False
https://www.sas.sg/en/be/home.html,0,False
https://www.sas.ph/en/be/home.html,0,False
https://www.sas.tk/en/be/home.html,1,True
https://www.sas.com.ph/en/be/home.html,1,True
https://www.sas.com.pl/en/be/home.html,0,False
https://www.sas.org.ph/en/be/home.html,0,False
https://www.sas.host/en/be/home.html,1,True
https://www.sas.info.pl/en/be/home.html,0,False
https://www.sas.space/en/be/home.html,0,False
https://www.sas.online/en/be/home.html,0,False
https://www.sas.org.pe/en/be/home.html,0,False
https://www.sas.trade/en/be/home.html,0,False
https://www.sas.global/en/be/home.html,1,True
https://www.sas.ag/en/be/home.html,0,False
http://www.britannica.ws/biographies,0,False
http://www.britannica.co.nz/biographies,0,False
http://www.britannica.com.ve/biographies,0,False
http://www.britannica.net.pl/biographies,0,False
http://www.britannica.org.in/biographies,0,False
http://www.britannica.org.au/biographies,0,False
http://www.britannica.com.pe/biographies,0,False
http://www.britannica.cool/biographies,0,False
http://www.britannica.org.ph/biographies,0,False
http://www.britannica.gs/biographies,0,False
http://www.britannica.navy/biographies,0,False
http://www.britannica.tech/biographies,0,False
http://www.britannica.services/biographies,0,False
http://www.britannica.market/biographies,0,False
http://www.britannica.art/biographies,0,False
http://www.britannica.team/biographies,0,False
http://www.britannica.ink/biographies,0,False
http://www.britannica.casa/biographies,0,False
http://www.britannica.tips/biographies,0,False
http://www.britannica.social/biographies,0,False
http://www.britannica.group/biographies,0,False
http://www.britannica.world/biographies,0,False
http://www.britannica.zone/biographies,0,False
http://www.britannica.guide/biographies,0,False
http://www.britannica.info.ve/biographies,0,False
http://www.britannica.email/biographies,0,False
http://www.britannica.ltd/biographies,0,False
http://www.britannica.vip/biographies,0,False
http://www.britannica.legal/biographies,0,False
http://www.britannica.me.uk/biographies,0,False
http://www.britannica.house/biographies,0,False
http://www.britannica.studio/biographies,0,False
http://www.britannica.rocks/biographies,0,False
http://www.britannica.support/biographies,0,False
http://www.britannica.company/biographies,0,False
http://www.britannica.expert/biographies,0,False
http://www.geniusmonkey.co.nz/contact.php,1,True
http://www.geniusmonkey.com.ve/contact.php,1,True
http://www.geniusmonkey.net.pl/contact.php,1,True
http://www.geniusmonkey.org.in/contact.php,1,True
http://www.geniusmonkey.org.au/contact.php,1,True
http://www.geniusmonkey.com.pe/contact.php,1,True
http://www.geniusmonkey.cool/contact.php,1,True
http://www.geniusmonkey.org.ph/contact.php,1,True
http://www.geniusmonkey.gs/contact.php,1,True
http://www.geniusmonkey.co.in/contact.php,1,True
http://www.geniusmonkey.services/contact.php,1,True
http://www.geniusmonkey.market/contact.php,1,True
http://www.geniusmonkey.art/contact.php,1,True
http://www.geniusmonkey.team/contact.php,1,True
http://www.geniusmonkey.ink/contact.php,1,True
http://www.geniusmonkey.casa/contact.php,1,True
http://www.geniusmonkey.tips/contact.php,1,True
http://www.geniusmonkey.social/contact.php,1,True
http://www.geniusmonkey.group/contact.php,1,True
http://www.geniusmonkey.world/contact.php,1,True
http://www.geniusmonkey.zone/contact.php,1,True
http://www.geniusmonkey.guide/contact.php,1,True
http://www.geniusmonkey.info.ve/contact.php,1,True
http://www.geniusmonkey.email/contact.php,1,True
http://www.geniusmonkey.ltd/contact.php,1,True
http://www.geniusmonkey.vip/contact.php,1,True
http://www.geniusmonkey.legal/contact.php,1,True
http://www.geniusmonkey.me.uk/contact.php,1,True
http://www.geniusmonkey.house/contact.php,1,True
http://www.geniusmonkey.studio/contact.php,1,True
http://www.geniusmonkey.rocks/contact.php,1,True
http://www.geniusmonkey.support/contact.php,1,True
http://www.geniusmonkey.company/contact.php,1,True
http://www.geniusmonkey.fun/contact.php,1,True
http://www.geniusmonkey.work/contact.php,1,True
http://www.geniusmonkey.expert/contact.php,1,True
http://www.cica.com.pl#sitenavigation,0,False
http://www.cica.com.co#sitenavigation,0,False
http://www.cica.com.ve#sitenavigation,0,False
http://www.cica.net.pl#sitenavigation,0,False
http://www.cica.org.in#sitenavigation,0,False
http://www.cica.com.pe#sitenavigation,0,False
http://www.cica.info.ve#sitenavigation,0,False
http://www.cica.me.uk#sitenavigation,0,False
http://www.cica.org.pe#sitenavigation,0,False
http://www.themeforest.nl/search?categorywordpressdatethismonthlengthmaxlengthminpricemaxpriceminratingminsalessortsalestermutfecviewlist,0,False
http://www.themeforest.co.za/search?categorywordpressdatethismonthlengthmaxlengthminpricemaxpriceminratingminsalessortsalestermutfecviewlist,0,False
http://www.themeforest.ch/search?categorywordpressdatethismonthlengthmaxlengthminpricemaxpriceminratingminsalessortsalestermutfecviewlist,0,False
http://www.themeforest.org.uk/search?categorywordpressdatethismonthlengthmaxlengthminpricemaxpriceminratingminsalessortsalestermutfecviewlist,0,False
http://www.themeforest.org.nz/search?categorywordpressdatethismonthlengthmaxlengthminpricemaxpriceminratingminsalessortsalestermutfecviewlist,0,False
http://www.themeforest.sg/search?categorywordpressdatethismonthlengthmaxlengthminpricemaxpriceminratingminsalessortsalestermutfecviewlist,0,False
http://www.themeforest.ph/search?categorywordpressdatethismonthlengthmaxlengthminpricemaxpriceminratingminsalessortsalestermutfecviewlist,0,False
http://www.themeforest.tk/search?categorywordpressdatethismonthlengthmaxlengthminpricemaxpriceminratingminsalessortsalestermutfecviewlist,1,True
http://www.themeforest.net.cn/search?categorywordpressdatethismonthlengthmaxlengthminpricemaxpriceminratingminsalessortsalestermutfecviewlist,0,False
http://www.themeforest.es/search?categorywordpressdatethismonthlengthmaxlengthminpricemaxpriceminratingminsalessortsalestermutfecviewlist,0,False
http://www.themeforest.be/search?categorywordpressdatethismonthlengthmaxlengthminpricemaxpriceminratingminsalessortsalestermutfecviewlist,0,False
http://www.themeforest.co.in/search?categorywordpressdatethismonthlengthmaxlengthminpricemaxpriceminratingminsalessortsalestermutfecviewlist,1,True
http://www.themeforest.info.pl/search?categorywordpressdatethismonthlengthmaxlengthminpricemaxpriceminratingminsalessortsalestermutfecviewlist,0,False
http://www.themeforest.mobi/search?categorywordpressdatethismonthlengthmaxlengthminpricemaxpriceminratingminsalessortsalestermutfecviewlist,1,True
http://www.themeforest.net.in/search?categorywordpressdatethismonthlengthmaxlengthminpricemaxpriceminratingminsalessortsalestermutfecviewlist,1,True
http://www.themeforest.org.cn/search?categorywordpressdatethismonthlengthmaxlengthminpricemaxpriceminratingminsalessortsalestermutfecviewlist,0,False
http://www.themeforest.am/search?categorywordpressdatethismonthlengthmaxlengthminpricemaxpriceminratingminsalessortsalestermutfecviewlist,0,False
http://www.themeforest.live/search?categorywordpressdatethismonthlengthmaxlengthminpricemaxpriceminratingminsalessortsalestermutfecviewlist,0,False
http://www.themeforest.life/search?categorywordpressdatethismonthlengthmaxlengthminpricemaxpriceminratingminsalessortsalestermutfecviewlist,0,False
http://www.themeforest.work/search?categorywordpressdatethismonthlengthmaxlengthminpricemaxpriceminratingminsalessortsalestermutfecviewlist,0,False
http://www.themeforest.expert/search?categorywordpressdatethismonthlengthmaxlengthminpricemaxpriceminratingminsalessortsalestermutfecviewlist,0,False
http://www.themeforest.tw/search?categorywordpressdatethismonthlengthmaxlengthminpricemaxpriceminratingminsalessortsalestermutfecviewlist,0,False
http://www.themeforest.hosting/search?categorywordpressdatethismonthlengthmaxlengthminpricemaxpriceminratingminsalessortsalestermutfecviewlist,0,False
http://www.themeforest.org.pe/search?categorywordpressdatethismonthlengthmaxlengthminpricemaxpriceminratingminsalessortsalestermutfecviewlist,0,False
http://www.themeforest.cloud/search?categorywordpressdatethismonthlengthmaxlengthminpricemaxpriceminratingminsalessortsalestermutfecviewlist,0,False
http://www.themeforest.com.es/search?categorywordpressdatethismonthlengthmaxlengthminpricemaxpriceminratingminsalessortsalestermutfecviewlist,0,False
http://www.themeforest.clinic/search?categorywordpressdatethismonthlengthmaxlengthminpricemaxpriceminratingminsalessortsalestermutfecviewlist,0,False
http://www.themeforest.business/search?categorywordpressdatethismonthlengthmaxlengthminpricemaxpriceminratingminsalessortsalestermutfecviewlist,0,False
http://www.themeforest.cash/search?categorywordpressdatethismonthlengthmaxlengthminpricemaxpriceminratingminsalessortsalestermutfecviewlist,0,False
http://www.themeforest.army/search?categorywordpressdatethismonthlengthmaxlengthminpricemaxpriceminratingminsalessortsalestermutfecviewlist,0,False
http://www.themeforest.trade/search?categorywordpressdatethismonthlengthmaxlengthminpricemaxpriceminratingminsalessortsalestermutfecviewlist,0,False
http://www.themeforest.gold/search?categorywordpressdatethismonthlengthmaxlengthminpricemaxpriceminratingminsalessortsalestermutfecviewlist,0,False
http://www.themeforest.global/search?categorywordpressdatethismonthlengthmaxlengthminpricemaxpriceminratingminsalessortsalestermutfecviewlist,1,True
http://www.themeforest.ag/search?categorywordpressdatethismonthlengthmaxlengthminpricemaxpriceminratingminsalessortsalestermutfecviewlist,0,False
http://www.themeforest.agency/search?categorywordpressdatethismonthlengthmaxlengthminpricemaxpriceminratingminsalessortsalestermutfecviewlist,0,False
http://www.themeforest.ind.in/search?categorywordpressdatethismonthlengthmaxlengthminpricemaxpriceminratingminsalessortsalestermutfecviewlist,0,False
http://www.themeforest.farm/search?categorywordpressdatethismonthlengthmaxlengthminpricemaxpriceminratingminsalessortsalestermutfecviewlist,0,False
http://www.themeforest.love/search?categorywordpressdatethismonthlengthmaxlengthminpricemaxpriceminratingminsalessortsalestermutfecviewlist,0,False
http://www.bestblackhatforum.us/forum/backlinks/forum/date/cut/sort/by/views/order/desc,1,True
http://www.bestblackhatforum.net.cn/forum/backlinks/forum/date/cut/sort/by/views/order/desc,1,True
http://www.bestblackhatforum.es/forum/backlinks/forum/date/cut/sort/by/views/order/desc,1,True
http://www.bestblackhatforum.at/forum/backlinks/forum/date/cut/sort/by/views/order/desc,1,True
http://www.bestblackhatforum.help/forum/backlinks/forum/date/cut/sort/by/views/order/desc,1,True
http://www.bestblackhatforum.be/forum/backlinks/forum/date/cut/sort/by/views/order/desc,1,True
http://www.bestblackhatforum.com.ph/forum/backlinks/forum/date/cut/sort/by/views/order/desc,1,True
http://www.bestblackhatforum.com.pl/forum/backlinks/forum/date/cut/sort/by/views/order/desc,1,True
http://www.bestblackhatforum.club/forum/backlinks/forum/date/cut/sort/by/views/order/desc,1,True
http://www.bestblackhatforum.com.co/forum/backlinks/forum/date/cut/sort/by/views/order/desc,1,True
http://www.bestblackhatforum.university/forum/backlinks/forum/date/cut/sort/by/views/order/desc,1,True
http://www.bestblackhatforum.net.au/forum/backlinks/forum/date/cut/sort/by/views/order/desc,1,True
http://www.bestblackhatforum.ws/forum/backlinks/forum/date/cut/sort/by/views/order/desc,1,True
http://www.bestblackhatforum.co.nz/forum/backlinks/forum/date/cut/sort/by/views/order/desc,1,True
http://www.bestblackhatforum.pro/forum/backlinks/forum/date/cut/sort/by/views/order/desc,1,True
http://www.bestblackhatforum.la/forum/backlinks/forum/date/cut/sort/by/views/order/desc,1,True
http://www.bestblackhatforum.net.in/forum/backlinks/forum/date/cut/sort/by/views/order/desc,1,True
http://www.bestblackhatforum.org.cn/forum/backlinks/forum/date/cut/sort/by/views/order/desc,1,True
http://www.bestblackhatforum.online/forum/backlinks/forum/date/cut/sort/by/views/order/desc,1,True
http://www.bestblackhatforum.live/forum/backlinks/forum/date/cut/sort/by/views/order/desc,1,True
http://www.bestblackhatforum.life/forum/backlinks/forum/date/cut/sort/by/views/order/desc,1,True
http://www.bestblackhatforum.link/forum/backlinks/forum/date/cut/sort/by/views/order/desc,1,True
http://www.bestblackhatforum.center/forum/backlinks/forum/date/cut/sort/by/views/order/desc,1,True
http://www.bestblackhatforum.store/forum/backlinks/forum/date/cut/sort/by/views/order/desc,1,True
http://www.bestblackhatforum.gg/forum/backlinks/forum/date/cut/sort/by/views/order/desc,1,True
http://www.bestblackhatforum.bz/forum/backlinks/forum/date/cut/sort/by/views/order/desc,1,True
http://www.bestblackhatforum.ai/forum/backlinks/forum/date/cut/sort/by/views/order/desc,1,True
http://www.bestblackhatforum.today/forum/backlinks/forum/date/cut/sort/by/views/order/desc,1,True
http://www.bestblackhatforum.website/forum/backlinks/forum/date/cut/sort/by/views/order/desc,1,True
http://www.bestblackhatforum.site/forum/backlinks/forum/date/cut/sort/by/views/order/desc,1,True
http://www.bestblackhatforum.navy/forum/backlinks/forum/date/cut/sort/by/views/order/desc,1,True
http://www.bestblackhatforum.tech/forum/backlinks/forum/date/cut/sort/by/views/order/desc,1,True
http://www.bestblackhatforum.app/forum/backlinks/forum/date/cut/sort/by/views/order/desc,1,True
http://www.bestblackhatforum.services/forum/backlinks/forum/date/cut/sort/by/views/order/desc,1,True
http://www.bestblackhatforum.com.es/forum/backlinks/forum/date/cut/sort/by/views/order/desc,1,True
http://www.bestblackhatforum.clinic/forum/backlinks/forum/date/cut/sort/by/views/order/desc,1,True
http://www.bestblackhatforum.business/forum/backlinks/forum/date/cut/sort/by/views/order/desc,1,True
http://www.bestblackhatforum.cash/forum/backlinks/forum/date/cut/sort/by/views/order/desc,1,True
http://www.bestblackhatforum.army/forum/backlinks/forum/date/cut/sort/by/views/order/desc,1,True
http://www.bestblackhatforum.news/forum/backlinks/forum/date/cut/sort/by/views/order/desc,1,True
http://www.bestblackhatforum.network/forum/backlinks/forum/date/cut/sort/by/views/order/desc,1,True
http://www.bestblackhatforum.trade/forum/backlinks/forum/date/cut/sort/by/views/order/desc,1,True
http://www.bestblackhatforum.best/forum/backlinks/forum/date/cut/sort/by/views/order/desc,1,True
http://www.bestblackhatforum.gold/forum/backlinks/forum/date/cut/sort/by/views/order/desc,1,True
http://www.bestblackhatforum.global/forum/backlinks/forum/date/cut/sort/by/views/order/desc,1,True
http://www.bestblackhatforum.ag/forum/backlinks/forum/date/cut/sort/by/views/order/desc,1,True
http://www.bestblackhatforum.agency/forum/backlinks/forum/date/cut/sort/by/views/order/desc,1,True
http://www.bestblackhatforum.ind.in/forum/backlinks/forum/date/cut/sort/by/views/order/desc,1,True
http://www.bestblackhatforum.farm/forum/backlinks/forum/date/cut/sort/by/views/order/desc,1,True
http://www.bestblackhatforum.love/forum/backlinks/forum/date/cut/sort/by/views/order/desc,1,True
http://www.cosmicchemicals.ph,0,False
http://www.cosmicchemicals.com.cn,0,False
http://www.cosmicchemicals.biz,0,False
http://www.cosmicchemicals.tk,0,False
http://www.cosmicchemicals.us,0,False
http://www.cosmicchemicals.net.cn,0,False
http://www.cosmicchemicals.es,0,False
http://www.cosmicchemicals.at,0,False
http://www.cosmicchemicals.help,0,False
http://www.cosmicchemicals.com.ph,0,False
http://www.cosmicchemicals.com.pl,0,False
http://www.cosmicchemicals.club,0,False
http://www.cosmicchemicals.com.co,0,False
http://www.cosmicchemicals.university,0,False
http://www.cosmicchemicals.net.au,0,False
http://www.cosmicchemicals.ws,0,False
http://www.cosmicchemicals.co,0,False
http://www.cosmicchemicals.pro,0,False
http://www.cosmicchemicals.net.in,0,False
http://www.cosmicchemicals.org.cn,0,False
http://www.cosmicchemicals.online,0,False
http://www.cosmicchemicals.am,0,False
http://www.cosmicchemicals.live,0,False
http://www.cosmicchemicals.life,0,False
http://www.cosmicchemicals.link,0,False
http://www.cosmicchemicals.center,0,False
http://www.cosmicchemicals.store,0,False
http://www.cosmicchemicals.gg,0,False
http://www.cosmicchemicals.bz,0,False
http://www.cosmicchemicals.ai,0,False
http://www.cosmicchemicals.today,0,False
http://www.cosmicchemicals.website,0,False
http://www.cosmicchemicals.site,0,False
http://www.cosmicchemicals.news,0,False
http://www.cosmicchemicals.network,0,False
http://www.cosmicchemicals.trade,0,False
http://www.cosmicchemicals.best,0,False
http://www.cosmicchemicals.gold,0,False
http://www.cosmicchemicals.global,0,False
http://www.cosmicchemicals.ag,0,False
http://www.cosmicchemicals.agency,0,False
http://www.cosmicchemicals.ind.in,0,False
http://www.cosmicchemicals.farm,0,False
http://www.cosmicchemicals.love,0,False
http://www.cosmicchemicals.fit,0,False
http://www.cosmicchemicals.click,1,True
http://www.clickmeter.nl#customers,0,False
http://www.clickmeter.co.za#customers,0,False
http://www.clickmeter.com.au#customers,0,False
http://www.clickmeter.ch#customers,0,False
http://www.clickmeter.org.uk#customers,0,False
http://www.clickmeter.ca#customers,0,False
http://www.clickmeter.asia#customers,0,False
http://www.clickmeter.org.nz#customers,0,False
http://www.clickmeter.sg#customers,0,False
http://www.clickmeter.ph#customers,0,False
http://www.clickmeter.com.cn#customers,0,False
http://www.clickmeter.biz#customers,1,True
http://www.clickmeter.us#customers,0,False
http://www.clickmeter.net.cn#customers,0,False
http://www.clickmeter.es#customers,0,False
http://www.clickmeter.at#customers,0,False
http://www.clickmeter.help#customers,0,False
http://www.clickmeter.be#customers,0,False
http://www.clickmeter.com.ph#customers,0,False
http://www.clickmeter.gs#customers,0,False
http://www.clickmeter.co.in#customers,0,False
http://www.clickmeter.host#customers,0,False
http://www.clickmeter.info.pl#customers,0,False
http://www.clickmeter.mobi#customers,0,False
http://www.clickmeter.space#customers,0,False
http://www.clickmeter.pro#customers,0,False
http://www.clickmeter.la#customers,0,False
http://www.clickmeter.net.in#customers,0,False
http://www.clickmeter.org.cn#customers,0,False
http://www.clickmeter.online#customers,0,False
http://www.clickmeter.am#customers,0,False
http://www.clickmeter.live#customers,0,False
http://www.clickmeter.life#customers,0,False
http://www.clickmeter.tips#customers,1,True
http://www.clickmeter.social#customers,0,False
http://www.clickmeter.group#customers,0,False
http://www.clickmeter.world#customers,1,True
http://www.clickmeter.zone#customers,0,False
http://www.clickmeter.guide#customers,0,False
http://www.clickmeter.info.ve#customers,0,False
http://www.clickmeter.email#customers,1,True
http://www.clickmeter.ltd#customers,1,True
http://www.clickmeter.vip#customers,0,False
http://www.clickmeter.legal#customers,0,False
http://www.clickmeter.me.uk#customers,0,False
http://www.clickmeter.house#customers,0,False
http://www.clickmeter.studio#customers,0,False
http://www.clickmeter.rocks#customers,1,True
http://www.clickmeter.support#customers,1,True
http://www.clickmeter.company#customers,0,False
http://www.clickmeter.fun#customers,0,False
http://www.clickmeter.work#customers,1,True
http://www.clickmeter.expert#customers,0,False
http://www.clickmeter.tw#customers,0,False
http://www.clickmeter.hosting#customers,0,False
http://www.clickmeter.org.pe#customers,0,False
http://www.clickmeter.cloud#customers,1,True
http://www.zozo.com.ve/shop/beaver?priceproperpssypssmpssdpseypsempseddstk,1,True
http://www.zozo.net.pl/shop/beaver?priceproperpssypssmpssdpseypsempseddstk,1,True
http://www.zozo.org.in/shop/beaver?priceproperpssypssmpssdpseypsempseddstk,0,False
http://www.zozo.org.au/shop/beaver?priceproperpssypssmpssdpseypsempseddstk,0,False
http://www.zozo.com.pe/shop/beaver?priceproperpssypssmpssdpseypsempseddstk,0,False
http://www.zozo.cool/shop/beaver?priceproperpssypssmpssdpseypsempseddstk,1,True
http://www.zozo.org.ph/shop/beaver?priceproperpssypssmpssdpseypsempseddstk,0,False
http://www.zozo.gs/shop/beaver?priceproperpssypssmpssdpseypsempseddstk,1,True
http://www.zozo.host/shop/beaver?priceproperpssypssmpssdpseypsempseddstk,1,True
http://www.zozo.info.pl/shop/beaver?priceproperpssypssmpssdpseypsempseddstk,1,True
http://www.zozo.net.in/shop/beaver?priceproperpssypssmpssdpseypsempseddstk,0,False
http://www.zozo.company/shop/beaver?priceproperpssypssmpssdpseypsempseddstk,1,True
http://www.zozo.expert/shop/beaver?priceproperpssypssmpssdpseypsempseddstk,1,True
http://www.zozo.hosting/shop/beaver?priceproperpssypssmpssdpseypsempseddstk,1,True
http://www.zozo.org.pe/shop/beaver?priceproperpssypssmpssdpseypsempseddstk,0,False
http://www.zozo.com.es/shop/beaver?priceproperpssypssmpssdpseypsempseddstk,0,False
http://www.zozo.clinic/shop/beaver?priceproperpssypssmpssdpseypsempseddstk,0,False
http://www.zozo.business/shop/beaver?priceproperpssypssmpssdpseypsempseddstk,1,True
http://www.zozo.cash/shop/beaver?priceproperpssypssmpssdpseypsempseddstk,1,True
http://www.zozo.army/shop/beaver?priceproperpssypssmpssdpseypsempseddstk,1,True
http://www.zozo.trade/shop/beaver?priceproperpssypssmpssdpseypsempseddstk,1,True
http://www.zozo.gold/shop/beaver?priceproperpssypssmpssdpseypsempseddstk,1,True
http://www.zozo.global/shop/beaver?priceproperpssypssmpssdpseypsempseddstk,1,True
http://www.zozo.ag/shop/beaver?priceproperpssypssmpssdpseypsempseddstk,0,False
http://www.zozo.agency/shop/beaver?priceproperpssypssmpssdpseypsempseddstk,1,True
http://www.zozo.ind.in/shop/beaver?priceproperpssypssmpssdpseypsempseddstk,0,False
http://www.zozo.farm/shop/beaver?priceproperpssypssmpssdpseypsempseddstk,1,True
http://www.sharkyx.com.mx,0,False
http://www.sharkyx.nl,0,False
http://www.sharkyx.co.za,0,False
http://www.sharkyx.com.au,0,False
http://www.sharkyx.ch,0,False
http://www.sharkyx.xyz,0,False
http://www.sharkyx.org.uk,0,False
http://www.sharkyx.ca,0,False
http://www.sharkyx.asia,0,False
http://www.sharkyx.org.nz,0,False
http://www.sharkyx.sg,0,False
http://www.sharkyx.ph,0,False
http://www.sharkyx.com.cn,0,False
http://www.sharkyx.biz,0,False
http://www.sharkyx.us,0,False
http://www.sharkyx.net.cn,0,False
http://www.sharkyx.co,0,False
http://www.sharkyx.co.nz,0,False
http://www.sharkyx.com.ve,0,False
http://www.sharkyx.net.pl,0,False
http://www.sharkyx.org.in,0,False
http://www.sharkyx.org.au,0,False
http://www.sharkyx.com.pe,0,False
http://www.sharkyx.cool,0,False
http://www.sharkyx.org.ph,0,False
http://www.sharkyx.gs,0,False
http://www.sharkyx.co.in,0,False
http://www.sharkyx.host,0,False
http://www.sharkyx.info.pl,0,False
http://www.sharkyx.mobi,0,False
http://www.sharkyx.space,0,False
http://www.sharkyx.navy,0,False
http://www.sharkyx.tech,0,False
http://www.sharkyx.app,0,False
http://www.sharkyx.services,1,True
http://www.sharkyx.market,0,False
http://www.sharkyx.art,0,False
http://www.sharkyx.team,0,False
http://www.sharkyx.ink,0,False
http://www.sharkyx.casa,0,False
http://www.sharkyx.tips,0,False
http://www.sharkyx.social,0,False
http://www.sharkyx.group,0,False
http://www.sharkyx.world,0,False
http://www.sharkyx.zone,0,False
http://www.sharkyx.guide,0,False
http://www.sharkyx.info.ve,0,False
http://www.sharkyx.email,0,False
http://www.sharkyx.ltd,0,False
http://www.sharkyx.vip,0,False
http://www.sharkyx.legal,0,False
http://www.sharkyx.me.uk,0,False
http://www.sharkyx.house,0,False
http://www.sharkyx.studio,0,False
http://www.sharkyx.rocks,0,False
http://www.sharkyx.support,1,True
http://www.sharkyx.company,0,False
http://www.sharkyx.fun,0,False
http://www.sharkyx.work,0,False
http://www.sharkyx.expert,0,False
https://www.medium.org.nz/ted/fellows/beware/the/muslims/are/coming/and/omg/they/re/delightful/ef/e?sourcetrending,0,False
https://www.medium.sg/ted/fellows/beware/the/muslims/are/coming/and/omg/they/re/delightful/ef/e?sourcetrending,1,True
https://www.medium.ph/ted/fellows/beware/the/muslims/are/coming/and/omg/they/re/delightful/ef/e?sourcetrending,0,False
https://www.medium.tk/ted/fellows/beware/the/muslims/are/coming/and/omg/they/re/delightful/ef/e?sourcetrending,1,True
https://www.medium.net.cn/ted/fellows/beware/the/muslims/are/coming/and/omg/they/re/delightful/ef/e?sourcetrending,0,False
https://www.medium.be/ted/fellows/beware/the/muslims/are/coming/and/omg/they/re/delightful/ef/e?sourcetrending,0,False
https://www.medium.com.ph/ted/fellows/beware/the/muslims/are/coming/and/omg/they/re/delightful/ef/e?sourcetrending,1,True
https://www.medium.com.pl/ted/fellows/beware/the/muslims/are/coming/and/omg/they/re/delightful/ef/e?sourcetrending,0,False
https://www.medium.club/ted/fellows/beware/the/muslims/are/coming/and/omg/they/re/delightful/ef/e?sourcetrending,1,True
https://www.medium.university/ted/fellows/beware/the/muslims/are/coming/and/omg/they/re/delightful/ef/e?sourcetrending,1,True
https://www.medium.com.pe/ted/fellows/beware/the/muslims/are/coming/and/omg/they/re/delightful/ef/e?sourcetrending,0,False
https://www.medium.org.ph/ted/fellows/beware/the/muslims/are/coming/and/omg/they/re/delightful/ef/e?sourcetrending,1,True
https://www.medium.info.pl/ted/fellows/beware/the/muslims/are/coming/and/omg/they/re/delightful/ef/e?sourcetrending,1,True
https://www.medium.la/ted/fellows/beware/the/muslims/are/coming/and/omg/they/re/delightful/ef/e?sourcetrending,1,True
https://www.medium.net.in/ted/fellows/beware/the/muslims/are/coming/and/omg/they/re/delightful/ef/e?sourcetrending,0,False
https://www.medium.hosting/ted/fellows/beware/the/muslims/are/coming/and/omg/they/re/delightful/ef/e?sourcetrending,1,True
https://www.medium.org.pe/ted/fellows/beware/the/muslims/are/coming/and/omg/they/re/delightful/ef/e?sourcetrending,0,False
https://www.medium.clinic/ted/fellows/beware/the/muslims/are/coming/and/omg/they/re/delightful/ef/e?sourcetrending,0,False
https://www.medium.army/ted/fellows/beware/the/muslims/are/coming/and/omg/they/re/delightful/ef/e?sourcetrending,1,True
https://www.medium.trade/ted/fellows/beware/the/muslims/are/coming/and/omg/they/re/delightful/ef/e?sourcetrending,0,False
https://www.medium.gold/ted/fellows/beware/the/muslims/are/coming/and/omg/they/re/delightful/ef/e?sourcetrending,0,False
https://www.medium.global/ted/fellows/beware/the/muslims/are/coming/and/omg/they/re/delightful/ef/e?sourcetrending,1,True
https://www.medium.ind.in/ted/fellows/beware/the/muslims/are/coming/and/omg/they/re/delightful/ef/e?sourcetrending,0,False
https://www.medium.farm/ted/fellows/beware/the/muslims/are/coming/and/omg/they/re/delightful/ef/e?sourcetrending,1,True
https://www.medium.love/ted/fellows/beware/the/muslims/are/coming/and/omg/they/re/delightful/ef/e?sourcetrending,0,False
http://www.stackoverflow.co.nz/questions/removing/elements/in/listview/w/pop/up/menu,1,True
http://www.stackoverflow.com.ve/questions/removing/elements/in/listview/w/pop/up/menu,1,True
http://www.stackoverflow.net.pl/questions/removing/elements/in/listview/w/pop/up/menu,1,True
http://www.stackoverflow.org.in/questions/removing/elements/in/listview/w/pop/up/menu,1,True
http://www.stackoverflow.org.au/questions/removing/elements/in/listview/w/pop/up/menu,1,True
http://www.stackoverflow.com.pe/questions/removing/elements/in/listview/w/pop/up/menu,1,True
http://www.stackoverflow.cool/questions/removing/elements/in/listview/w/pop/up/menu,1,True
http://www.stackoverflow.org.ph/questions/removing/elements/in/listview/w/pop/up/menu,1,True
http://www.stackoverflow.info.pl/questions/removing/elements/in/listview/w/pop/up/menu,1,True
http://www.stackoverflow.info.ve/questions/removing/elements/in/listview/w/pop/up/menu,1,True
http://www.stackoverflow.ltd/questions/removing/elements/in/listview/w/pop/up/menu,1,True
http://www.stackoverflow.legal/questions/removing/elements/in/listview/w/pop/up/menu,1,True
http://www.stackoverflow.me.uk/questions/removing/elements/in/listview/w/pop/up/menu,1,True
http://www.stackoverflow.house/questions/removing/elements/in/listview/w/pop/up/menu,1,True
http://www.stackoverflow.rocks/questions/removing/elements/in/listview/w/pop/up/menu,1,True
http://www.stackoverflow.company/questions/removing/elements/in/listview/w/pop/up/menu,1,True
http://www.stackoverflow.expert/questions/removing/elements/in/listview/w/pop/up/menu,1,True
http://www.stackoverflow.tw/questions/removing/elements/in/listview/w/pop/up/menu,1,True
http://www.stackoverflow.hosting/questions/removing/elements/in/listview/w/pop/up/menu,1,True
http://www.stackoverflow.org.pe/questions/removing/elements/in/listview/w/pop/up/menu,1,True
http://www.stackoverflow.com.es/questions/removing/elements/in/listview/w/pop/up/menu,1,True
http://www.stackoverflow.clinic/questions/removing/elements/in/listview/w/pop/up/menu,1,True
http://www.stackoverflow.cash/questions/removing/elements/in/listview/w/pop/up/menu,1,True
http://noticias.uol.com.mx/ultimas/noticias/agencia/estado/pf/usa/ate/cam/in/hao/para/levar/document/os/de/licit/a/coe/s/fraud/ad/as.htm,1,True
http://noticias.uol.nl/ultimas/noticias/agencia/estado/pf/usa/ate/cam/in/hao/para/levar/document/os/de/licit/a/coe/s/fraud/ad/as.htm,1,True
http://noticias.uol.co.za/ultimas/noticias/agencia/estado/pf/usa/ate/cam/in/hao/para/levar/document/os/de/licit/a/coe/s/fraud/ad/as.htm,1,True
http://noticias.uol.ch/ultimas/noticias/agencia/estado/pf/usa/ate/cam/in/hao/para/levar/document/os/de/licit/a/coe/s/fraud/ad/as.htm,1,True
http://noticias.uol.xyz/ultimas/noticias/agencia/estado/pf/usa/ate/cam/in/hao/para/levar/document/os/de/licit/a/coe/s/fraud/ad/as.htm,1,True
http://noticias.uol.org.uk/ultimas/noticias/agencia/estado/pf/usa/ate/cam/in/hao/para/levar/document/os/de/licit/a/coe/s/fraud/ad/as.htm,1,True
http://noticias.uol.asia/ultimas/noticias/agencia/estado/pf/usa/ate/cam/in/hao/para/levar/document/os/de/licit/a/coe/s/fraud/ad/as.htm,1,True
http://noticias.uol.org.nz/ultimas/noticias/agencia/estado/pf/usa/ate/cam/in/hao/para/levar/document/os/de/licit/a/coe/s/fraud/ad/as.htm,1,True
http://noticias.uol.sg/ultimas/noticias/agencia/estado/pf/usa/ate/cam/in/hao/para/levar/document/os/de/licit/a/coe/s/fraud/ad/as.htm,1,True
http://noticias.uol.ph/ultimas/noticias/agencia/estado/pf/usa/ate/cam/in/hao/para/levar/document/os/de/licit/a/coe/s/fraud/ad/as.htm,1,True
http://noticias.uol.tk/ultimas/noticias/agencia/estado/pf/usa/ate/cam/in/hao/para/levar/document/os/de/licit/a/coe/s/fraud/ad/as.htm,1,True
http://noticias.uol.co.nz/ultimas/noticias/agencia/estado/pf/usa/ate/cam/in/hao/para/levar/document/os/de/licit/a/coe/s/fraud/ad/as.htm,1,True
http://noticias.uol.com.ve/ultimas/noticias/agencia/estado/pf/usa/ate/cam/in/hao/para/levar/document/os/de/licit/a/coe/s/fraud/ad/as.htm,1,True
http://noticias.uol.net.pl/ultimas/noticias/agencia/estado/pf/usa/ate/cam/in/hao/para/levar/document/os/de/licit/a/coe/s/fraud/ad/as.htm,1,True
http://noticias.uol.org.in/ultimas/noticias/agencia/estado/pf/usa/ate/cam/in/hao/para/levar/document/os/de/licit/a/coe/s/fraud/ad/as.htm,1,True
http://noticias.uol.org.au/ultimas/noticias/agencia/estado/pf/usa/ate/cam/in/hao/para/levar/document/os/de/licit/a/coe/s/fraud/ad/as.htm,1,True
http://noticias.uol.com.pe/ultimas/noticias/agencia/estado/pf/usa/ate/cam/in/hao/para/levar/document/os/de/licit/a/coe/s/fraud/ad/as.htm,1,True
http://noticias.uol.cool/ultimas/noticias/agencia/estado/pf/usa/ate/cam/in/hao/para/levar/document/os/de/licit/a/coe/s/fraud/ad/as.htm,1,True
http://noticias.uol.org.ph/ultimas/noticias/agencia/estado/pf/usa/ate/cam/in/hao/para/levar/document/os/de/licit/a/coe/s/fraud/ad/as.htm,1,True
http://noticias.uol.team/ultimas/noticias/agencia/estado/pf/usa/ate/cam/in/hao/para/levar/document/os/de/licit/a/coe/s/fraud/ad/as.htm,1,True
http://noticias.uol.ink/ultimas/noticias/agencia/estado/pf/usa/ate/cam/in/hao/para/levar/document/os/de/licit/a/coe/s/fraud/ad/as.htm,1,True
http://noticias.uol.casa/ultimas/noticias/agencia/estado/pf/usa/ate/cam/in/hao/para/levar/document/os/de/licit/a/coe/s/fraud/ad/as.htm,1,True
http://noticias.uol.tips/ultimas/noticias/agencia/estado/pf/usa/ate/cam/in/hao/para/levar/document/os/de/licit/a/coe/s/fraud/ad/as.htm,1,True
http://noticias.uol.ms/ultimas/noticias/agencia/estado/pf/usa/ate/cam/in/hao/para/levar/document/os/de/licit/a/coe/s/fraud/ad/as.htm,1,True
http://noticias.uol.social/ultimas/noticias/agencia/estado/pf/usa/ate/cam/in/hao/para/levar/document/os/de/licit/a/coe/s/fraud/ad/as.htm,1,True
http://noticias.uol.group/ultimas/noticias/agencia/estado/pf/usa/ate/cam/in/hao/para/levar/document/os/de/licit/a/coe/s/fraud/ad/as.htm,1,True
http://noticias.uol.world/ultimas/noticias/agencia/estado/pf/usa/ate/cam/in/hao/para/levar/document/os/de/licit/a/coe/s/fraud/ad/as.htm,1,True
http://noticias.uol.zone/ultimas/noticias/agencia/estado/pf/usa/ate/cam/in/hao/para/levar/document/os/de/licit/a/coe/s/fraud/ad/as.htm,1,True
http://noticias.uol.guide/ultimas/noticias/agencia/estado/pf/usa/ate/cam/in/hao/para/levar/document/os/de/licit/a/coe/s/fraud/ad/as.htm,1,True
http://noticias.uol.info.ve/ultimas/noticias/agencia/estado/pf/usa/ate/cam/in/hao/para/levar/document/os/de/licit/a/coe/s/fraud/ad/as.htm,1,True
http://noticias.uol.ltd/ultimas/noticias/agencia/estado/pf/usa/ate/cam/in/hao/para/levar/document/os/de/licit/a/coe/s/fraud/ad/as.htm,1,True
http://noticias.uol.legal/ultimas/noticias/agencia/estado/pf/usa/ate/cam/in/hao/para/levar/document/os/de/licit/a/coe/s/fraud/ad/as.htm,1,True
http://noticias.uol.me.uk/ultimas/noticias/agencia/estado/pf/usa/ate/cam/in/hao/para/levar/document/os/de/licit/a/coe/s/fraud/ad/as.htm,1,True
http://noticias.uol.house/ultimas/noticias/agencia/estado/pf/usa/ate/cam/in/hao/para/levar/document/os/de/licit/a/coe/s/fraud/ad/as.htm,1,True
http://noticias.uol.studio/ultimas/noticias/agencia/estado/pf/usa/ate/cam/in/hao/para/levar/document/os/de/licit/a/coe/s/fraud/ad/as.htm,1,True
http://noticias.uol.rocks/ultimas/noticias/agencia/estado/pf/usa/ate/cam/in/hao/para/levar/document/os/de/licit/a/coe/s/fraud/ad/as.htm,1,True
http://noticias.uol.support/ultimas/noticias/agencia/estado/pf/usa/ate/cam/in/hao/para/levar/document/os/de/licit/a/coe/s/fraud/ad/as.htm,1,True
http://noticias.uol.company/ultimas/noticias/agencia/estado/pf/usa/ate/cam/in/hao/para/levar/document/os/de/licit/a/coe/s/fraud/ad/as.htm,1,True
http://noticias.uol.work/ultimas/noticias/agencia/estado/pf/usa/ate/cam/in/hao/para/levar/document/os/de/licit/a/coe/s/fraud/ad/as.htm,1,True
http://noticias.uol.expert/ultimas/noticias/agencia/estado/pf/usa/ate/cam/in/hao/para/levar/document/os/de/licit/a/coe/s/fraud/ad/as.htm,1,True
http://noticias.uol.tw/ultimas/noticias/agencia/estado/pf/usa/ate/cam/in/hao/para/levar/document/os/de/licit/a/coe/s/fraud/ad/as.htm,1,True
http://noticias.uol.hosting/ultimas/noticias/agencia/estado/pf/usa/ate/cam/in/hao/para/levar/document/os/de/licit/a/coe/s/fraud/ad/as.htm,1,True
http://www.torcache.org.uk/torrent/f/a/c/c/ef/efb/cfa/e/b/ad/fb.torrent?titlekickasstoinsurgentofdigitalmeganempirecbrnem,1,True
http://www.torcache.ca/torrent/f/a/c/c/ef/efb/cfa/e/b/ad/fb.torrent?titlekickasstoinsurgentofdigitalmeganempirecbrnem,1,True
http://www.torcache.asia/torrent/f/a/c/c/ef/efb/cfa/e/b/ad/fb.torrent?titlekickasstoinsurgentofdigitalmeganempirecbrnem,1,True
http://www.torcache.org.nz/torrent/f/a/c/c/ef/efb/cfa/e/b/ad/fb.torrent?titlekickasstoinsurgentofdigitalmeganempirecbrnem,1,True
http://www.torcache.sg/torrent/f/a/c/c/ef/efb/cfa/e/b/ad/fb.torrent?titlekickasstoinsurgentofdigitalmeganempirecbrnem,1,True
http://www.torcache.ph/torrent/f/a/c/c/ef/efb/cfa/e/b/ad/fb.torrent?titlekickasstoinsurgentofdigitalmeganempirecbrnem,1,True
http://www.torcache.com.cn/torrent/f/a/c/c/ef/efb/cfa/e/b/ad/fb.torrent?titlekickasstoinsurgentofdigitalmeganempirecbrnem,1,True
http://www.torcache.biz/torrent/f/a/c/c/ef/efb/cfa/e/b/ad/fb.torrent?titlekickasstoinsurgentofdigitalmeganempirecbrnem,1,True
http://www.torcache.tk/torrent/f/a/c/c/ef/efb/cfa/e/b/ad/fb.torrent?titlekickasstoinsurgentofdigitalmeganempirecbrnem,1,True
http://www.torcache.us/torrent/f/a/c/c/ef/efb/cfa/e/b/ad/fb.torrent?titlekickasstoinsurgentofdigitalmeganempirecbrnem,1,True
http://www.torcache.net.cn/torrent/f/a/c/c/ef/efb/cfa/e/b/ad/fb.torrent?titlekickasstoinsurgentofdigitalmeganempirecbrnem,1,True
http://www.torcache.es/torrent/f/a/c/c/ef/efb/cfa/e/b/ad/fb.torrent?titlekickasstoinsurgentofdigitalmeganempirecbrnem,1,True
http://www.torcache.at/torrent/f/a/c/c/ef/efb/cfa/e/b/ad/fb.torrent?titlekickasstoinsurgentofdigitalmeganempirecbrnem,1,True
http://www.torcache.help/torrent/f/a/c/c/ef/efb/cfa/e/b/ad/fb.torrent?titlekickasstoinsurgentofdigitalmeganempirecbrnem,1,True
http://www.torcache.be/torrent/f/a/c/c/ef/efb/cfa/e/b/ad/fb.torrent?titlekickasstoinsurgentofdigitalmeganempirecbrnem,1,True
http://www.torcache.com.ph/torrent/f/a/c/c/ef/efb/cfa/e/b/ad/fb.torrent?titlekickasstoinsurgentofdigitalmeganempirecbrnem,1,True
http://www.torcache.com.pl/torrent/f/a/c/c/ef/efb/cfa/e/b/ad/fb.torrent?titlekickasstoinsurgentofdigitalmeganempirecbrnem,1,True
http://www.torcache.club/torrent/f/a/c/c/ef/efb/cfa/e/b/ad/fb.torrent?titlekickasstoinsurgentofdigitalmeganempirecbrnem,1,True
http://www.torcache.com.co/torrent/f/a/c/c/ef/efb/cfa/e/b/ad/fb.torrent?titlekickasstoinsurgentofdigitalmeganempirecbrnem,1,True
http://www.torcache.university/torrent/f/a/c/c/ef/efb/cfa/e/b/ad/fb.torrent?titlekickasstoinsurgentofdigitalmeganempirecbrnem,1,True
http://www.torcache.net.au/torrent/f/a/c/c/ef/efb/cfa/e/b/ad/fb.torrent?titlekickasstoinsurgentofdigitalmeganempirecbrnem,1,True
http://www.torcache.ws/torrent/f/a/c/c/ef/efb/cfa/e/b/ad/fb.torrent?titlekickasstoinsurgentofdigitalmeganempirecbrnem,1,True
http://www.torcache.co/torrent/f/a/c/c/ef/efb/cfa/e/b/ad/fb.torrent?titlekickasstoinsurgentofdigitalmeganempirecbrnem,1,True
http://www.torcache.co.nz/torrent/f/a/c/c/ef/efb/cfa/e/b/ad/fb.torrent?titlekickasstoinsurgentofdigitalmeganempirecbrnem,1,True
http://www.torcache.com.ve/torrent/f/a/c/c/ef/efb/cfa/e/b/ad/fb.torrent?titlekickasstoinsurgentofdigitalmeganempirecbrnem,1,True
http://www.torcache.net.pl/torrent/f/a/c/c/ef/efb/cfa/e/b/ad/fb.torrent?titlekickasstoinsurgentofdigitalmeganempirecbrnem,1,True
http://www.torcache.org.in/torrent/f/a/c/c/ef/efb/cfa/e/b/ad/fb.torrent?titlekickasstoinsurgentofdigitalmeganempirecbrnem,1,True
http://www.torcache.org.au/torrent/f/a/c/c/ef/efb/cfa/e/b/ad/fb.torrent?titlekickasstoinsurgentofdigitalmeganempirecbrnem,1,True
http://www.torcache.com.pe/torrent/f/a/c/c/ef/efb/cfa/e/b/ad/fb.torrent?titlekickasstoinsurgentofdigitalmeganempirecbrnem,1,True
http://www.torcache.cool/torrent/f/a/c/c/ef/efb/cfa/e/b/ad/fb.torrent?titlekickasstoinsurgentofdigitalmeganempirecbrnem,1,True
http://www.torcache.org.ph/torrent/f/a/c/c/ef/efb/cfa/e/b/ad/fb.torrent?titlekickasstoinsurgentofdigitalmeganempirecbrnem,1,True
http://www.torcache.gs/torrent/f/a/c/c/ef/efb/cfa/e/b/ad/fb.torrent?titlekickasstoinsurgentofdigitalmeganempirecbrnem,1,True
http://www.torcache.co.in/torrent/f/a/c/c/ef/efb/cfa/e/b/ad/fb.torrent?titlekickasstoinsurgentofdigitalmeganempirecbrnem,1,True
http://www.torcache.host/torrent/f/a/c/c/ef/efb/cfa/e/b/ad/fb.torrent?titlekickasstoinsurgentofdigitalmeganempirecbrnem,1,True
http://www.torcache.info.pl/torrent/f/a/c/c/ef/efb/cfa/e/b/ad/fb.torrent?titlekickasstoinsurgentofdigitalmeganempirecbrnem,1,True
http://www.torcache.mobi/torrent/f/a/c/c/ef/efb/cfa/e/b/ad/fb.torrent?titlekickasstoinsurgentofdigitalmeganempirecbrnem,1,True
http://www.torcache.space/torrent/f/a/c/c/ef/efb/cfa/e/b/ad/fb.torrent?titlekickasstoinsurgentofdigitalmeganempirecbrnem,1,True
http://www.torcache.la/torrent/f/a/c/c/ef/efb/cfa/e/b/ad/fb.torrent?titlekickasstoinsurgentofdigitalmeganempirecbrnem,1,True
http://www.torcache.net.in/torrent/f/a/c/c/ef/efb/cfa/e/b/ad/fb.torrent?titlekickasstoinsurgentofdigitalmeganempirecbrnem,1,True
http://www.torcache.org.cn/torrent/f/a/c/c/ef/efb/cfa/e/b/ad/fb.torrent?titlekickasstoinsurgentofdigitalmeganempirecbrnem,1,True
http://www.torcache.online/torrent/f/a/c/c/ef/efb/cfa/e/b/ad/fb.torrent?titlekickasstoinsurgentofdigitalmeganempirecbrnem,1,True
http://www.torcache.ai/torrent/f/a/c/c/ef/efb/cfa/e/b/ad/fb.torrent?titlekickasstoinsurgentofdigitalmeganempirecbrnem,1,True
http://www.torcache.today/torrent/f/a/c/c/ef/efb/cfa/e/b/ad/fb.torrent?titlekickasstoinsurgentofdigitalmeganempirecbrnem,1,True
http://www.torcache.website/torrent/f/a/c/c/ef/efb/cfa/e/b/ad/fb.torrent?titlekickasstoinsurgentofdigitalmeganempirecbrnem,1,True
http://www.torcache.navy/torrent/f/a/c/c/ef/efb/cfa/e/b/ad/fb.torrent?titlekickasstoinsurgentofdigitalmeganempirecbrnem,1,True
http://www.torcache.tech/torrent/f/a/c/c/ef/efb/cfa/e/b/ad/fb.torrent?titlekickasstoinsurgentofdigitalmeganempirecbrnem,1,True
http://www.torcache.app/torrent/f/a/c/c/ef/efb/cfa/e/b/ad/fb.torrent?titlekickasstoinsurgentofdigitalmeganempirecbrnem,1,True
http://www.torcache.services/torrent/f/a/c/c/ef/efb/cfa/e/b/ad/fb.torrent?titlekickasstoinsurgentofdigitalmeganempirecbrnem,1,True
http://www.torcache.market/torrent/f/a/c/c/ef/efb/cfa/e/b/ad/fb.torrent?titlekickasstoinsurgentofdigitalmeganempirecbrnem,1,True
http://www.torcache.art/torrent/f/a/c/c/ef/efb/cfa/e/b/ad/fb.torrent?titlekickasstoinsurgentofdigitalmeganempirecbrnem,1,True
http://www.torcache.team/torrent/f/a/c/c/ef/efb/cfa/e/b/ad/fb.torrent?titlekickasstoinsurgentofdigitalmeganempirecbrnem,1,True
http://www.torcache.ink/torrent/f/a/c/c/ef/efb/cfa/e/b/ad/fb.torrent?titlekickasstoinsurgentofdigitalmeganempirecbrnem,1,True
http://www.torcache.casa/torrent/f/a/c/c/ef/efb/cfa/e/b/ad/fb.torrent?titlekickasstoinsurgentofdigitalmeganempirecbrnem,1,True
http://www.torcache.tips/torrent/f/a/c/c/ef/efb/cfa/e/b/ad/fb.torrent?titlekickasstoinsurgentofdigitalmeganempirecbrnem,1,True
http://www.torcache.ms/torrent/f/a/c/c/ef/efb/cfa/e/b/ad/fb.torrent?titlekickasstoinsurgentofdigitalmeganempirecbrnem,1,True
http://www.torcache.social/torrent/f/a/c/c/ef/efb/cfa/e/b/ad/fb.torrent?titlekickasstoinsurgentofdigitalmeganempirecbrnem,1,True
http://www.torcache.group/torrent/f/a/c/c/ef/efb/cfa/e/b/ad/fb.torrent?titlekickasstoinsurgentofdigitalmeganempirecbrnem,1,True
http://www.torcache.world/torrent/f/a/c/c/ef/efb/cfa/e/b/ad/fb.torrent?titlekickasstoinsurgentofdigitalmeganempirecbrnem,1,True
http://www.torcache.zone/torrent/f/a/c/c/ef/efb/cfa/e/b/ad/fb.torrent?titlekickasstoinsurgentofdigitalmeganempirecbrnem,1,True
http://www.torcache.guide/torrent/f/a/c/c/ef/efb/cfa/e/b/ad/fb.torrent?titlekickasstoinsurgentofdigitalmeganempirecbrnem,1,True
http://www.torcache.info.ve/torrent/f/a/c/c/ef/efb/cfa/e/b/ad/fb.torrent?titlekickasstoinsurgentofdigitalmeganempirecbrnem,1,True
http://www.torcache.email/torrent/f/a/c/c/ef/efb/cfa/e/b/ad/fb.torrent?titlekickasstoinsurgentofdigitalmeganempirecbrnem,1,True
http://www.torcache.ltd/torrent/f/a/c/c/ef/efb/cfa/e/b/ad/fb.torrent?titlekickasstoinsurgentofdigitalmeganempirecbrnem,1,True
http://www.torcache.vip/torrent/f/a/c/c/ef/efb/cfa/e/b/ad/fb.torrent?titlekickasstoinsurgentofdigitalmeganempirecbrnem,1,True
http://www.torcache.legal/torrent/f/a/c/c/ef/efb/cfa/e/b/ad/fb.torrent?titlekickasstoinsurgentofdigitalmeganempirecbrnem,1,True
http://www.torcache.me.uk/torrent/f/a/c/c/ef/efb/cfa/e/b/ad/fb.torrent?titlekickasstoinsurgentofdigitalmeganempirecbrnem,1,True
http://www.torcache.house/torrent/f/a/c/c/ef/efb/cfa/e/b/ad/fb.torrent?titlekickasstoinsurgentofdigitalmeganempirecbrnem,1,True
http://www.torcache.studio/torrent/f/a/c/c/ef/efb/cfa/e/b/ad/fb.torrent?titlekickasstoinsurgentofdigitalmeganempirecbrnem,1,True
http://www.torcache.rocks/torrent/f/a/c/c/ef/efb/cfa/e/b/ad/fb.torrent?titlekickasstoinsurgentofdigitalmeganempirecbrnem,1,True
http://www.torcache.support/torrent/f/a/c/c/ef/efb/cfa/e/b/ad/fb.torrent?titlekickasstoinsurgentofdigitalmeganempirecbrnem,1,True
http://www.torcache.company/torrent/f/a/c/c/ef/efb/cfa/e/b/ad/fb.torrent?titlekickasstoinsurgentofdigitalmeganempirecbrnem,1,True
http://www.torcache.fun/torrent/f/a/c/c/ef/efb/cfa/e/b/ad/fb.torrent?titlekickasstoinsurgentofdigitalmeganempirecbrnem,1,True
http://www.torcache.work/torrent/f/a/c/c/ef/efb/cfa/e/b/ad/fb.torrent?titlekickasstoinsurgentofdigitalmeganempirecbrnem,1,True
http://www.torcache.expert/torrent/f/a/c/c/ef/efb/cfa/e/b/ad/fb.torrent?titlekickasstoinsurgentofdigitalmeganempirecbrnem,1,True
http://www.torcache.tw/torrent/f/a/c/c/ef/efb/cfa/e/b/ad/fb.torrent?titlekickasstoinsurgentofdigitalmeganempirecbrnem,1,True
http://www.torcache.hosting/torrent/f/a/c/c/ef/efb/cfa/e/b/ad/fb.torrent?titlekickasstoinsurgentofdigitalmeganempirecbrnem,1,True
http://www.torcache.org.pe/torrent/f/a/c/c/ef/efb/cfa/e/b/ad/fb.torrent?titlekickasstoinsurgentofdigitalmeganempirecbrnem,1,True
http://www.torcache.cloud/torrent/f/a/c/c/ef/efb/cfa/e/b/ad/fb.torrent?titlekickasstoinsurgentofdigitalmeganempirecbrnem,1,True
http://www.torcache.com.es/torrent/f/a/c/c/ef/efb/cfa/e/b/ad/fb.torrent?titlekickasstoinsurgentofdigitalmeganempirecbrnem,1,True
http://www.torcache.clinic/torrent/f/a/c/c/ef/efb/cfa/e/b/ad/fb.torrent?titlekickasstoinsurgentofdigitalmeganempirecbrnem,1,True
http://www.torcache.business/torrent/f/a/c/c/ef/efb/cfa/e/b/ad/fb.torrent?titlekickasstoinsurgentofdigitalmeganempirecbrnem,1,True
http://www.torcache.cash/torrent/f/a/c/c/ef/efb/cfa/e/b/ad/fb.torrent?titlekickasstoinsurgentofdigitalmeganempirecbrnem,1,True
http://www.torcache.army/torrent/f/a/c/c/ef/efb/cfa/e/b/ad/fb.torrent?titlekickasstoinsurgentofdigitalmeganempirecbrnem,1,True
http://www.torcache.news/torrent/f/a/c/c/ef/efb/cfa/e/b/ad/fb.torrent?titlekickasstoinsurgentofdigitalmeganempirecbrnem,1,True
http://www.torcache.network/torrent/f/a/c/c/ef/efb/cfa/e/b/ad/fb.torrent?titlekickasstoinsurgentofdigitalmeganempirecbrnem,1,True
http://www.torcache.trade/torrent/f/a/c/c/ef/efb/cfa/e/b/ad/fb.torrent?titlekickasstoinsurgentofdigitalmeganempirecbrnem,1,True
http://www.torcache.best/torrent/f/a/c/c/ef/efb/cfa/e/b/ad/fb.torrent?titlekickasstoinsurgentofdigitalmeganempirecbrnem,1,True
http://www.torcache.gold/torrent/f/a/c/c/ef/efb/cfa/e/b/ad/fb.torrent?titlekickasstoinsurgentofdigitalmeganempirecbrnem,1,True
http://www.torcache.global/torrent/f/a/c/c/ef/efb/cfa/e/b/ad/fb.torrent?titlekickasstoinsurgentofdigitalmeganempirecbrnem,1,True
http://www.torcache.ag/torrent/f/a/c/c/ef/efb/cfa/e/b/ad/fb.torrent?titlekickasstoinsurgentofdigitalmeganempirecbrnem,1,True
http://www.torcache.agency/torrent/f/a/c/c/ef/efb/cfa/e/b/ad/fb.torrent?titlekickasstoinsurgentofdigitalmeganempirecbrnem,1,True
http://www.torcache.ind.in/torrent/f/a/c/c/ef/efb/cfa/e/b/ad/fb.torrent?titlekickasstoinsurgentofdigitalmeganempirecbrnem,1,True
http://www.torcache.farm/torrent/f/a/c/c/ef/efb/cfa/e/b/ad/fb.torrent?titlekickasstoinsurgentofdigitalmeganempirecbrnem,1,True
http://www.torcache.love/torrent/f/a/c/c/ef/efb/cfa/e/b/ad/fb.torrent?titlekickasstoinsurgentofdigitalmeganempirecbrnem,1,True
http://www.torcache.fit/torrent/f/a/c/c/ef/efb/cfa/e/b/ad/fb.torrent?titlekickasstoinsurgentofdigitalmeganempirecbrnem,1,True
http://www.torcache.click/torrent/f/a/c/c/ef/efb/cfa/e/b/ad/fb.torrent?titlekickasstoinsurgentofdigitalmeganempirecbrnem,1,True
http://www.fnbnamibia.nl,0,False
http://www.fnbnamibia.co.za,0,False
http://www.fnbnamibia.com.au,0,False
http://www.fnbnamibia.ch,0,False
http://www.fnbnamibia.xyz,0,False
http://www.fnbnamibia.org.uk,0,False
http://www.fnbnamibia.ca,0,False
http://www.fnbnamibia.asia,0,False
http://www.fnbnamibia.sg,0,False
http://www.fnbnamibia.ph,0,False
http://www.fnbnamibia.com.cn,0,False
http://www.fnbnamibia.us,0,False
http://www.fnbnamibia.net.cn,0,False
http://www.fnbnamibia.at,0,False
http://www.fnbnamibia.help,0,False
http://www.fnbnamibia.be,0,False
http://www.fnbnamibia.host,0,False
http://www.fnbnamibia.info.pl,0,False
http://www.fnbnamibia.space,0,False
http://www.fnbnamibia.pro,0,False
http://www.fnbnamibia.la,0,False
http://www.fnbnamibia.net.in,0,False
http://www.fnbnamibia.org.cn,0,False
http://www.fnbnamibia.online,0,False
http://www.fnbnamibia.am,0,False
http://www.fnbnamibia.live,0,False
http://www.fnbnamibia.life,0,False
http://www.fnbnamibia.link,0,False
http://www.fnbnamibia.center,0,False
http://www.fnbnamibia.store,0,False
http://www.fnbnamibia.gg,0,False
http://www.fnbnamibia.bz,0,False
http://www.fnbnamibia.ai,0,False
http://www.fnbnamibia.today,0,False
http://www.fnbnamibia.website,1,True
http://www.fnbnamibia.clinic,0,False
http://www.fnbnamibia.business,0,False
http://www.fnbnamibia.cash,0,False
http://www.fnbnamibia.army,0,False
http://www.fnbnamibia.news,0,False
http://www.fnbnamibia.network,0,False
http://www.fnbnamibia.trade,0,False
http://www.fnbnamibia.best,0,False
http://www.fnbnamibia.gold,0,False
http://www.fnbnamibia.global,0,False
http://www.fnbnamibia.ag,0,False
http://www.fnbnamibia.agency,0,False
http://www.fnbnamibia.ind.in,0,False
http://www.fnbnamibia.farm,0,False
http://www.fnbnamibia.love,0,False
http://www.fnbnamibia.fit,0,False
http://www.searchengineland.ph/semantic/markup/tips/for/a/local/seo/checklist,1,True
http://www.searchengineland.com.cn/semantic/markup/tips/for/a/local/seo/checklist,1,True
http://www.searchengineland.biz/semantic/markup/tips/for/a/local/seo/checklist,1,True
http://www.searchengineland.us/semantic/markup/tips/for/a/local/seo/checklist,1,True
http://www.searchengineland.net.cn/semantic/markup/tips/for/a/local/seo/checklist,1,True
http://www.searchengineland.es/semantic/markup/tips/for/a/local/seo/checklist,1,True
http://www.searchengineland.at/semantic/markup/tips/for/a/local/seo/checklist,1,True
http://www.searchengineland.help/semantic/markup/tips/for/a/local/seo/checklist,1,True
http://www.searchengineland.be/semantic/markup/tips/for/a/local/seo/checklist,1,True
http://www.searchengineland.com.ph/semantic/markup/tips/for/a/local/seo/checklist,1,True
http://www.searchengineland.com.pl/semantic/markup/tips/for/a/local/seo/checklist,1,True
http://www.searchengineland.com.co/semantic/markup/tips/for/a/local/seo/checklist,1,True
http://www.searchengineland.university/semantic/markup/tips/for/a/local/seo/checklist,1,True
http://www.searchengineland.net.au/semantic/markup/tips/for/a/local/seo/checklist,1,True
http://www.searchengineland.ws/semantic/markup/tips/for/a/local/seo/checklist,1,True
http://www.searchengineland.online/semantic/markup/tips/for/a/local/seo/checklist,1,True
http://www.searchengineland.am/semantic/markup/tips/for/a/local/seo/checklist,1,True
http://www.searchengineland.live/semantic/markup/tips/for/a/local/seo/checklist,1,True
http://www.searchengineland.life/semantic/markup/tips/for/a/local/seo/checklist,1,True
http://www.searchengineland.link/semantic/markup/tips/for/a/local/seo/checklist,1,True
http://www.searchengineland.center/semantic/markup/tips/for/a/local/seo/checklist,1,True
http://www.searchengineland.store/semantic/markup/tips/for/a/local/seo/checklist,1,True
http://www.searchengineland.gg/semantic/markup/tips/for/a/local/seo/checklist,1,True
http://www.searchengineland.bz/semantic/markup/tips/for/a/local/seo/checklist,1,True
http://www.searchengineland.ai/semantic/markup/tips/for/a/local/seo/checklist,1,True
http://www.searchengineland.today/semantic/markup/tips/for/a/local/seo/checklist,1,True
http://www.searchengineland.website/semantic/markup/tips/for/a/local/seo/checklist,1,True
http://www.searchengineland.navy/semantic/markup/tips/for/a/local/seo/checklist,1,True
http://www.searchengineland.tech/semantic/markup/tips/for/a/local/seo/checklist,1,True
http://www.searchengineland.app/semantic/markup/tips/for/a/local/seo/checklist,1,True
http://www.searchengineland.services/semantic/markup/tips/for/a/local/seo/checklist,1,True
http://www.searchengineland.market/semantic/markup/tips/for/a/local/seo/checklist,1,True
http://www.searchengineland.art/semantic/markup/tips/for/a/local/seo/checklist,1,True
http://www.searchengineland.team/semantic/markup/tips/for/a/local/seo/checklist,1,True
http://www.searchengineland.ink/semantic/markup/tips/for/a/local/seo/checklist,1,True
http://www.searchengineland.casa/semantic/markup/tips/for/a/local/seo/checklist,1,True
http://www.searchengineland.tips/semantic/markup/tips/for/a/local/seo/checklist,1,True
http://www.searchengineland.social/semantic/markup/tips/for/a/local/seo/checklist,1,True
http://www.searchengineland.group/semantic/markup/tips/for/a/local/seo/checklist,1,True
http://www.searchengineland.world/semantic/markup/tips/for/a/local/seo/checklist,1,True
http://www.searchengineland.love/semantic/markup/tips/for/a/local/seo/checklist,1,True
http://www.searchengineland.fit/semantic/markup/tips/for/a/local/seo/checklist,1,True
http://www.searchengineland.click/semantic/markup/tips/for/a/local/seo/checklist,1,True
http://www.urbanstyle.com.mx,0,False
http://www.urbanstyle.co.za,0,False
http://www.urbanstyle.ch,0,False
http://www.urbanstyle.xyz,0,False
http://www.urbanstyle.org.uk,0,False
http://www.urbanstyle.org.nz,0,False
http://www.urbanstyle.sg,0,False
http://www.urbanstyle.ph,0,False
http://www.urbanstyle.space,0,False
http://www.urbanstyle.pro,0,False
http://www.urbanstyle.net.in,0,False
http://www.urbanstyle.org.cn,0,False
http://www.urbanstyle.live,0,False
http://www.urbanstyle.link,0,False
http://www.urbanstyle.center,0,False
http://www.urbanstyle.gg,0,False
http://www.urbanstyle.bz,0,False
http://www.urbanstyle.ai,0,False
http://www.urbanstyle.today,0,False
http://www.urbanstyle.website,0,False
http://www.urbanstyle.fit,0,False
http://www.urbanstyle.click,1,True
http://www.google.nl,0,False
http://www.google.co.za,0,False
http://www.google.ch,0,False
http://www.google.sg,0,False
http://www.google.ph,0,False
http://www.google.tk,0,False
http://www.google.org.au,0,False
http://www.google.com.pe,0,False
http://www.google.org.ph,0,False
http://www.google.gs,0,False
http://www.google.info.pl,0,False
http://www.google.la,0,False
http://www.google.org.pe,0,False
https://www.scribd.university/books,1,True
https://www.scribd.net.au/books,1,True
https://www.scribd.ws/books,1,True
https://www.scribd.co.nz/books,1,True
https://www.scribd.com.ve/books,1,True
https://www.scribd.net.pl/books,1,True
https://www.scribd.org.au/books,0,False
https://www.scribd.com.pe/books,1,True
https://www.scribd.cool/books,1,True
https://www.scribd.org.ph/books,1,True
https://www.scribd.me.uk/books,1,True
https://www.scribd.house/books,1,True
https://www.scribd.studio/books,1,True
https://www.scribd.rocks/books,1,True
https://www.scribd.support/books,1,True
https://www.scribd.company/books,1,True
https://www.scribd.fun/books,1,True
https://www.scribd.work/books,1,True
https://www.scribd.expert/books,1,True
https://www.scribd.tw/books,1,True
https://www.scribd.hosting/books,1,True
https://www.scribd.org.pe/books,1,True
https://www.scribd.cloud/books,1,True
https://www.scribd.com.es/books,1,True
https://www.scribd.clinic/books,1,True
https://www.scribd.business/books,1,True
https://www.scribd.cash/books,1,True
https://www.scribd.army/books,1,True
https://www.scribd.news/books,1,True
https://www.scribd.network/books,1,True
https://www.scribd.trade/books,1,True
https://www.scribd.gold/books,1,True
http://www.tripadvisor.co.nz/travelers/choice,0,False
http://www.tripadvisor.com.ve/travelers/choice,1,True
http://www.tripadvisor.net.pl/travelers/choice,1,True
http://www.tripadvisor.org.au/travelers/choice,0,False
http://www.tripadvisor.com.pe/travelers/choice,1,True
http://www.tripadvisor.org.ph/travelers/choice,1,True
http://www.tripadvisor.hosting/travelers/choice,1,True
http://www.tripadvisor.org.pe/travelers/choice,1,True
http://www.tripadvisor.com.es/travelers/choice,1,True
http://www.tripadvisor.trade/travelers/choice,1,True
http://www.tripadvisor.ag/travelers/choice,0,False
http://www.tripadvisor.ind.in/travelers/choice,0,False
http://www.extratorrent.org.uk/torrent/download/sexy/shraddha/kapoor/hot/wallpapers/set.torrent,0,False
http://www.extratorrent.asia/torrent/download/sexy/shraddha/kapoor/hot/wallpapers/set.torrent,0,False
http://www.extratorrent.org.nz/torrent/download/sexy/shraddha/kapoor/hot/wallpapers/set.torrent,0,False
http://www.extratorrent.sg/torrent/download/sexy/shraddha/kapoor/hot/wallpapers/set.torrent,0,False
http://www.extratorrent.ph/torrent/download/sexy/shraddha/kapoor/hot/wallpapers/set.torrent,0,False
http://www.extratorrent.com.cn/torrent/download/sexy/shraddha/kapoor/hot/wallpapers/set.torrent,0,False
http://www.extratorrent.biz/torrent/download/sexy/shraddha/kapoor/hot/wallpapers/set.torrent,0,False
http://www.extratorrent.tk/torrent/download/sexy/shraddha/kapoor/hot/wallpapers/set.torrent,1,True
http://www.extratorrent.net.cn/torrent/download/sexy/shraddha/kapoor/hot/wallpapers/set.torrent,0,False
http://www.extratorrent.es/torrent/download/sexy/shraddha/kapoor/hot/wallpapers/set.torrent,0,False
http://www.extratorrent.at/torrent/download/sexy/shraddha/kapoor/hot/wallpapers/set.torrent,0,False
http://www.extratorrent.help/torrent/download/sexy/shraddha/kapoor/hot/wallpapers/set.torrent,0,False
http://www.extratorrent.be/torrent/download/sexy/shraddha/kapoor/hot/wallpapers/set.torrent,0,False
http://www.extratorrent.com.ph/torrent/download/sexy/shraddha/kapoor/hot/wallpapers/set.torrent,0,False
http://www.extratorrent.com.pl/torrent/download/sexy/shraddha/kapoor/hot/wallpapers/set.torrent,0,False
http://www.extratorrent.com.co/torrent/download/sexy/shraddha/kapoor/hot/wallpapers/set.torrent,0,False
http://www.extratorrent.university/torrent/download/sexy/shraddha/kapoor/hot/wallpapers/set.torrent,1,True
http://www.extratorrent.net.au/torrent/download/sexy/shraddha/kapoor/hot/wallpapers/set.torrent,0,False
http://www.extratorrent.info.pl/torrent/download/sexy/shraddha/kapoor/hot/wallpapers/set.torrent,1,True
http://www.extratorrent.mobi/torrent/download/sexy/shraddha/kapoor/hot/wallpapers/set.torrent,1,True
http://www.extratorrent.space/torrent/download/sexy/shraddha/kapoor/hot/wallpapers/set.torrent,0,False
http://www.extratorrent.la/torrent/download/sexy/shraddha/kapoor/hot/wallpapers/set.torrent,0,False
http://www.extratorrent.net.in/torrent/download/sexy/shraddha/kapoor/hot/wallpapers/set.torrent,0,False
http://www.extratorrent.org.cn/torrent/download/sexy/shraddha/kapoor/hot/wallpapers/set.torrent,0,False
http://www.extratorrent.online/torrent/download/sexy/shraddha/kapoor/hot/wallpapers/set.torrent,1,True
http://www.extratorrent.am/torrent/download/sexy/shraddha/kapoor/hot/wallpapers/set.torrent,0,False
http://www.extratorrent.live/torrent/download/sexy/shraddha/kapoor/hot/wallpapers/set.torrent,0,False
http://www.extratorrent.center/torrent/download/sexy/shraddha/kapoor/hot/wallpapers/set.torrent,0,False
http://www.extratorrent.gg/torrent/download/sexy/shraddha/kapoor/hot/wallpapers/set.torrent,0,False
http://www.extratorrent.army/torrent/download/sexy/shraddha/kapoor/hot/wallpapers/set.torrent,0,False
http://www.extratorrent.news/torrent/download/sexy/shraddha/kapoor/hot/wallpapers/set.torrent,0,False
http://www.extratorrent.trade/torrent/download/sexy/shraddha/kapoor/hot/wallpapers/set.torrent,0,False
http://www.extratorrent.best/torrent/download/sexy/shraddha/kapoor/hot/wallpapers/set.torrent,0,False
http://www.extratorrent.gold/torrent/download/sexy/shraddha/kapoor/hot/wallpapers/set.torrent,0,False
http://www.extratorrent.global/torrent/download/sexy/shraddha/kapoor/hot/wallpapers/set.torrent,0,False
http://www.extratorrent.agency/torrent/download/sexy/shraddha/kapoor/hot/wallpapers/set.torrent,0,False
http://www.extratorrent.farm/torrent/download/sexy/shraddha/kapoor/hot/wallpapers/set.torrent,0,False
http://www.extratorrent.love/torrent/download/sexy/shraddha/kapoor/hot/wallpapers/set.torrent,0,False
http://www.extratorrent.fit/torrent/download/sexy/shraddha/kapoor/hot/wallpapers/set.torrent,0,False
http://www.extratorrent.click/torrent/download/sexy/shraddha/kapoor/hot/wallpapers/set.torrent,1,True
https://support.mantisadnetwork.nl,1,True
https://support.mantisadnetwork.co.za,1,True
https://support.mantisadnetwork.com.au,1,True
https://support.mantisadnetwork.ch,1,True
https://support.mantisadnetwork.xyz,1,True
https://support.mantisadnetwork.org.uk,1,True
https://support.mantisadnetwork.ca,1,True
https://support.mantisadnetwork.asia,1,True
https://support.mantisadnetwork.org.nz,1,True
https://support.mantisadnetwork.sg,1,True
https://support.mantisadnetwork.ph,1,True
https://support.mantisadnetwork.com.cn,1,True
https://support.mantisadnetwork.biz,1,True
https://support.mantisadnetwork.tk,1,True
https://support.mantisadnetwork.us,1,True
https://support.mantisadnetwork.net.cn,1,True
https://support.mantisadnetwork.es,1,True
https://support.mantisadnetwork.at,1,True
https://support.mantisadnetwork.help,1,True
https://support.mantisadnetwork.be,1,True
https://support.mantisadnetwork.com.ph,1,True
https://support.mantisadnetwork.co.in,1,True
https://support.mantisadnetwork.host,1,True
https://support.mantisadnetwork.info.pl,1,True
https://support.mantisadnetwork.mobi,1,True
https://support.mantisadnetwork.space,1,True
https://support.mantisadnetwork.pro,1,True
https://support.mantisadnetwork.la,1,True
https://support.mantisadnetwork.net.in,1,True
https://support.mantisadnetwork.org.cn,1,True
https://support.mantisadnetwork.online,1,True
https://support.mantisadnetwork.am,1,True
https://support.mantisadnetwork.live,1,True
https://support.mantisadnetwork.life,1,True
https://support.mantisadnetwork.link,1,True
https://support.mantisadnetwork.center,1,True
https://support.mantisadnetwork.store,1,True
https://support.mantisadnetwork.gg,1,True
https://support.mantisadnetwork.bz,1,True
https://support.mantisadnetwork.network,1,True
https://support.mantisadnetwork.trade,1,True
https://support.mantisadnetwork.best,1,True
https://support.mantisadnetwork.gold,1,True
https://support.mantisadnetwork.global,1,True
https://support.mantisadnetwork.ag,1,True
https://support.mantisadnetwork.agency,1,True
https://support.mantisadnetwork.ind.in,1,True
https://support.mantisadnetwork.farm,1,True
https://support.mantisadnetwork.love,1,True
https://support.mantisadnetwork.fit,1,True
https://support.mantisadnetwork.click,1,True
https://my.minecraft.nl/profile,1,True
https://my.minecraft.co.za/profile,1,True
https://my.minecraft.ch/profile,1,True
https://my.minecraft.org.nz/profile,1,True
https://my.minecraft.sg/profile,1,True
https://my.minecraft.ph/profile,1,True
https://my.minecraft.tk/profile,1,True
https://my.minecraft.es/profile,1,True
https://my.minecraft.be/profile,1,True
https://my.minecraft.com.ph/profile,1,True
https://my.minecraft.com.pl/profile,1,True
https://my.minecraft.am/profile,1,True
https://my.minecraft.gg/profile,1,True
https://my.minecraft.ai/profile,1,True
https://my.minecraft.ms/profile,1,True
http://www.netflix.sg/au,0,False
http://www.netflix.ph/au,0,False
http://www.netflix.tk/au,1,True
http://www.netflix.com.ph/au,0,False
http://www.netflix.com.pl/au,0,False
http://www.netflix.la/au,0,False
http://www.netflix.love/au,0,False
http://www.netflix.sg/login,1,True
http://www.netflix.ph/login,1,True
http://www.netflix.tk/login,1,True
http://www.netflix.com.ph/login,1,True
http://www.netflix.com.pl/login,1,True
http://www.netflix.org.ph/login,1,True
http://www.netflix.la/login,1,True
http://www.netflix.info.ve/login,1,True
http://www.netflix.com.es/login,1,True
http://www.netflix.love/login,1,True
https://help.netflix.sg,1,True
https://help.netflix.ph,1,True
https://help.netflix.tk,1,True
https://help.netflix.com.ph,1,True
https://help.netflix.com.pl,1,True
https://help.netflix.org.ph,1,True
https://help.netflix.la,1,True
https://help.netflix.com.es,1,True
https://help.netflix.love,1,True
http://www.netflix.sg/your/account,1,True
http://www.netflix.ph/your/account,1,True
http://www.netflix.tk/your/account,1,True
http://www.netflix.com.ph/your/account,1,True
http://www.netflix.com.pl/your/account,1,True
http://www.netflix.org.ph/your/account,1,True
http://www.netflix.la/your/account,1,True
http://www.netflix.com.es/your/account,1,True
https://media.netflix.sg,1,True
https://media.netflix.ph,1,True
https://media.netflix.tk,1,True
https://media.netflix.com.ph,1,True
https://media.netflix.com.pl,1,True
https://media.netflix.org.ph,1,True
https://media.netflix.la,1,True
https://media.netflix.com.es,1,True
http://ir.netflix.sg,0,False
http://ir.netflix.ph,1,True
http://ir.netflix.tk,1,True
http://ir.netflix.com.ph,1,True
http://ir.netflix.com.pl,0,False
http://ir.netflix.org.ph,0,False
http://ir.netflix.la,0,False
http://ir.netflix.com.es,1,True
http://www.netflix.org.nz,0,False
http://www.netflix.sg,0,False
http://www.netflix.ph,0,False
http://www.netflix.tk,1,True
http://www.netflix.com.ph,0,False
http://www.netflix.com.pl,0,False
http://www.netflix.org.au,0,False
http://www.netflix.org.ph,0,False
http://www.netflix.la,0,False
http://www.netflix.ink,0,False
http://www.netflix.info.ve,0,False
http://www.netflix.hosting,0,False
http://www.netflix.org.pe,0,False
http://www.netflix.com.es,0,False
http://www.netflix.love,0,False
https://www.netflix.org.nz,1,True
https://www.netflix.sg,1,True
https://www.netflix.ph,1,True
https://www.netflix.tk,1,True
https://www.netflix.com.ph,1,True
https://www.netflix.com.pl,1,True
https://www.netflix.org.au,1,True
https://www.netflix.org.ph,1,True
https://www.netflix.la,1,True
https://www.netflix.ink,1,True
https://www.netflix.info.ve,1,True
https://www.netflix.hosting,1,True
https://www.netflix.org.pe,1,True
https://www.netflix.com.es,1,True
https://www.netflix.love,1,True
http://www.youtube.info.ve?glautabw,0,False
http://news.google.org.au/nws/hp?hlentabwn,1,True
http://news.google.org.ph/nws/hp?hlentabwn,1,True
https://mail.google.org.au/mail?tabwm,1,True
https://mail.google.org.ph/mail?tabwm,1,True
https://drive.google.org.au?tabwo,1,True
https://drive.google.org.ph?tabwo,1,True
http://www.google.org.au/history/opt/out?hlen,0,False
http://www.google.org.ph/history/opt/out?hlen,0,False
http://www.google.org.au/preferences?hlen,0,False
http://www.google.org.ph/preferences?hlen,0,False
https://accounts.google.org.au/service/login?hlenpassivetruecontinuehttpwwwgooglecom,1,True
https://accounts.google.org.ph/service/login?hlenpassivetruecontinuehttpwwwgooglecom,1,True
http://www.google.org.au/search?ieutfqbillrobinsonscientistoiddlecthlenkgmidmhwsaxvedahukewiilmbzvzkahwufiskhcmciqpqgd,1,True
http://www.google.org.ph/search?ieutfqbillrobinsonscientistoiddlecthlenkgmidmhwsaxvedahukewiilmbzvzkahwufiskhcmciqpqgd,1,True
http://www.google.org.au/advanced/search?hlenauauthuser,1,True
http://www.google.org.ph/advanced/search?hlenauauthuser,1,True
http://www.google.sg/services,0,False
http://www.google.org.au/services,1,True
http://www.google.org.ph/services,1,True
https://www.criteo.com.ve/solutions/brands,1,True
https://www.criteo.net.pl/solutions/brands,1,True
https://www.criteo.org.in/solutions/brands,1,True
https://www.criteo.org.au/solutions/brands,1,True
https://www.criteo.com.pe/solutions/brands,1,True
https://www.criteo.org.ph/solutions/brands,1,True
https://www.criteo.gs/solutions/brands,1,True
https://www.criteo.me.uk/solutions/brands,1,True
https://www.criteo.fun/solutions/brands,1,True
https://www.criteo.org.pe/solutions/brands,1,True
https://www.criteo.cloud/solutions/brands,1,True
https://www.criteo.trade/solutions/brands,1,True
https://www.criteo.com.ph/products/criteo/dynamic/retargeting/dynamic/ads/for/facebook/and/instagram,1,True
https://www.criteo.club/products/criteo/dynamic/retargeting/dynamic/ads/for/facebook/and/instagram,1,True
https://www.criteo.net.au/products/criteo/dynamic/retargeting/dynamic/ads/for/facebook/and/instagram,1,True
https://www.criteo.com.ve/products/criteo/dynamic/retargeting/dynamic/ads/for/facebook/and/instagram,1,True
https://www.criteo.net.pl/products/criteo/dynamic/retargeting/dynamic/ads/for/facebook/and/instagram,1,True
https://www.criteo.org.in/products/criteo/dynamic/retargeting/dynamic/ads/for/facebook/and/instagram,1,True
https://www.criteo.org.au/products/criteo/dynamic/retargeting/dynamic/ads/for/facebook/and/instagram,1,True
https://www.criteo.com.pe/products/criteo/dynamic/retargeting/dynamic/ads/for/facebook/and/instagram,1,True
https://www.criteo.org.ph/products/criteo/dynamic/retargeting/dynamic/ads/for/facebook/and/instagram,1,True
https://www.criteo.gs/products/criteo/dynamic/retargeting/dynamic/ads/for/facebook/and/instagram,1,True
https://www.criteo.me.uk/products/criteo/dynamic/retargeting/dynamic/ads/for/facebook/and/instagram,1,True
https://www.criteo.fun/products/criteo/dynamic/retargeting/dynamic/ads/for/facebook/and/instagram,1,True
https://www.criteo.org.pe/products/criteo/dynamic/retargeting/dynamic/ads/for/facebook/and/instagram,1,True
https://www.criteo.cloud/products/criteo/dynamic/retargeting/dynamic/ads/for/facebook/and/instagram,1,True
https://www.criteo.trade/products/criteo/dynamic/retargeting/dynamic/ads/for/facebook/and/instagram,1,True
https://www.criteo.best/products/criteo/dynamic/retargeting/dynamic/ads/for/facebook/and/instagram,1,True
https://www.criteo.com.ph/products/criteo/direct/bidder,1,True
https://www.criteo.club/products/criteo/direct/bidder,1,True
https://www.criteo.net.au/products/criteo/direct/bidder,0,False
https://www.criteo.com.ve/products/criteo/direct/bidder,1,True
https://www.criteo.net.pl/products/criteo/direct/bidder,1,True
https://www.criteo.org.in/products/criteo/direct/bidder,0,False
https://www.criteo.org.au/products/criteo/direct/bidder,0,False
https://www.criteo.com.pe/products/criteo/direct/bidder,1,True
https://www.criteo.org.ph/products/criteo/direct/bidder,1,True
https://www.criteo.gs/products/criteo/direct/bidder,1,True
https://www.criteo.host/products/criteo/direct/bidder,1,True
https://www.criteo.info.pl/products/criteo/direct/bidder,1,True
https://www.criteo.space/products/criteo/direct/bidder,1,True
https://www.criteo.la/products/criteo/direct/bidder,1,True
https://www.criteo.net.in/products/criteo/direct/bidder,0,False
https://www.criteo.org.cn/products/criteo/direct/bidder,1,True
https://www.criteo.online/products/criteo/direct/bidder,1,True
https://www.criteo.am/products/criteo/direct/bidder,1,True
https://www.criteo.link/products/criteo/direct/bidder,1,True
https://www.criteo.me.uk/products/criteo/direct/bidder,0,False
https://www.criteo.fun/products/criteo/direct/bidder,1,True
https://www.criteo.org.pe/products/criteo/direct/bidder,1,True
https://www.criteo.cloud/products/criteo/direct/bidder,1,True
https://www.criteo.trade/products/criteo/direct/bidder,1,True
https://www.criteo.best/products/criteo/direct/bidder,1,True
https://www.criteo.ag/products/criteo/direct/bidder,1,True
https://www.criteo.ind.in/products/criteo/direct/bidder,0,False
https://www.criteo.love/products/criteo/direct/bidder,1,True
https://www.criteo.fit/products/criteo/direct/bidder,1,True
https://www.criteo.click/products/criteo/direct/bidder,1,True
https://www.criteo.org.uk/technology/ai/engine/predictive/bidding,0,False
https://www.criteo.org.nz/technology/ai/engine/predictive/bidding,0,False
https://www.criteo.net.cn/technology/ai/engine/predictive/bidding,1,True
https://www.criteo.help/technology/ai/engine/predictive/bidding,1,True
https://www.criteo.com.ph/technology/ai/engine/predictive/bidding,1,True
https://www.criteo.club/technology/ai/engine/predictive/bidding,1,True
https://www.criteo.net.au/technology/ai/engine/predictive/bidding,1,True
https://www.criteo.com.ve/technology/ai/engine/predictive/bidding,1,True
https://www.criteo.net.pl/technology/ai/engine/predictive/bidding,1,True
https://www.criteo.org.in/technology/ai/engine/predictive/bidding,1,True
https://www.criteo.org.au/technology/ai/engine/predictive/bidding,1,True
https://www.criteo.com.pe/technology/ai/engine/predictive/bidding,1,True
https://www.criteo.org.ph/technology/ai/engine/predictive/bidding,1,True
https://www.criteo.gs/technology/ai/engine/predictive/bidding,1,True
https://www.criteo.host/technology/ai/engine/predictive/bidding,1,True
https://www.criteo.info.pl/technology/ai/engine/predictive/bidding,1,True
https://www.criteo.space/technology/ai/engine/predictive/bidding,1,True
https://www.criteo.la/technology/ai/engine/predictive/bidding,1,True
https://www.criteo.net.in/technology/ai/engine/predictive/bidding,1,True
https://www.criteo.org.cn/technology/ai/engine/predictive/bidding,1,True
https://www.criteo.online/technology/ai/engine/predictive/bidding,1,True
https://www.criteo.am/technology/ai/engine/predictive/bidding,1,True
https://www.criteo.link/technology/ai/engine/predictive/bidding,1,True
https://www.criteo.gg/technology/ai/engine/predictive/bidding,1,True
https://www.criteo.bz/technology/ai/engine/predictive/bidding,1,True
https://www.criteo.site/technology/ai/engine/predictive/bidding,1,True
https://www.criteo.art/technology/ai/engine/predictive/bidding,1,True
https://www.criteo.ink/technology/ai/engine/predictive/bidding,1,True
https://www.criteo.casa/technology/ai/engine/predictive/bidding,1,True
https://www.criteo.ms/technology/ai/engine/predictive/bidding,1,True
https://www.criteo.me.uk/technology/ai/engine/predictive/bidding,0,False
https://www.criteo.fun/technology/ai/engine/predictive/bidding,1,True
https://www.criteo.org.pe/technology/ai/engine/predictive/bidding,1,True
https://www.criteo.cloud/technology/ai/engine/predictive/bidding,1,True
https://www.criteo.trade/technology/ai/engine/predictive/bidding,1,True
https://www.criteo.best/technology/ai/engine/predictive/bidding,1,True
https://www.criteo.ag/technology/ai/engine/predictive/bidding,1,True
https://www.criteo.ind.in/technology/ai/engine/predictive/bidding,1,True
https://www.criteo.love/technology/ai/engine/predictive/bidding,1,True
https://www.criteo.fit/technology/ai/engine/predictive/bidding,1,True
https://www.criteo.click/technology/ai/engine/predictive/bidding,1,True
http://www.bluekai.com.mx#back,0,False
http://www.bluekai.nl#back,0,False
http://www.bluekai.co.za#back,0,False
http://www.bluekai.com.au#back,0,False
http://www.bluekai.cool#back,0,False
http://www.bluekai.org.ph#back,0,False
http://www.bluekai.co.in#back,0,False
http://www.bluekai.host#back,0,False
http://www.bluekai.info.pl#back,0,False
http://www.bluekai.space#back,0,False
http://www.bluekai.pro#back,0,False
http://www.bluekai.la#back,0,False
http://www.bluekai.net.in#back,0,False
http://www.bluekai.org.cn#back,0,False
http://www.bluekai.online#back,0,False
http://www.bluekai.am#back,0,False
http://www.bluekai.clinic#back,0,False
http://www.bluekai.business#back,0,False
http://www.bluekai.cash#back,0,False
http://www.bluekai.army#back,0,False
http://www.bluekai.news#back,0,False
http://www.bluekai.network#back,0,False
http://www.bluekai.trade#back,0,False
http://www.bluekai.best#back,0,False
http://www.bluekai.gold#back,0,False
http://www.bluekai.global#back,0,False
http://www.bluekai.ag#back,0,False
http://www.bluekai.agency#back,0,False
http://www.bluekai.ind.in#back,0,False
http://www.bluekai.farm#back,0,False
http://www.bluekai.love#back,0,False
http://www.bluekai.fit#back,0,False
https://partner.bluekai.com.mx/login,1,True
https://partner.bluekai.nl/login,1,True
https://partner.bluekai.co.za/login,1,True
https://partner.bluekai.com.au/login,1,True
https://partner.bluekai.org.uk/login,1,True
https://partner.bluekai.ca/login,1,True
https://partner.bluekai.asia/login,1,True
https://partner.bluekai.org.nz/login,1,True
https://partner.bluekai.sg/login,1,True
https://partner.bluekai.ph/login,1,True
https://partner.bluekai.tk/login,1,True
https://partner.bluekai.us/login,1,True
https://partner.bluekai.net.cn/login,1,True
https://partner.bluekai.cool/login,1,True
https://partner.bluekai.org.ph/login,1,True
https://partner.bluekai.co.in/login,1,True
https://partner.bluekai.host/login,1,True
https://partner.bluekai.info.pl/login,1,True
https://partner.bluekai.space/login,1,True
https://partner.bluekai.pro/login,1,True
https://partner.bluekai.la/login,1,True
https://partner.bluekai.net.in/login,1,True
https://partner.bluekai.org.cn/login,1,True
https://partner.bluekai.online/login,1,True
https://partner.bluekai.am/login,1,True
https://partner.bluekai.live/login,1,True
https://partner.bluekai.life/login,1,True
https://partner.bluekai.link/login,1,True
https://partner.bluekai.center/login,1,True
https://partner.bluekai.store/login,1,True
https://partner.bluekai.gg/login,1,True
https://partner.bluekai.ai/login,1,True
https://partner.bluekai.today/login,1,True
https://partner.bluekai.website/login,1,True
https://partner.bluekai.site/login,1,True
https://partner.bluekai.navy/login,1,True
https://partner.bluekai.tech/login,1,True
https://partner.bluekai.app/login,1,True
https://partner.bluekai.services/login,1,True
https://partner.bluekai.market/login,1,True
https://partner.bluekai.art/login,1,True
https://partner.bluekai.team/login,1,True
https://partner.bluekai.ink/login,1,True
https://partner.bluekai.casa/login,1,True
https://partner.bluekai.tips/login,1,True
https://partner.bluekai.clinic/login,1,True
https://partner.bluekai.business/login,1,True
https://partner.bluekai.cash/login,1,True
https://partner.bluekai.army/login,1,True
https://partner.bluekai.news/login,1,True
https://partner.bluekai.network/login,1,True
https://partner.bluekai.trade/login,1,True
https://partner.bluekai.best/login,1,True
https://partner.bluekai.gold/login,1,True
https://partner.bluekai.global/login,1,True
https://partner.bluekai.ag/login,1,True
https://partner.bluekai.agency/login,1,True
https://partner.bluekai.ind.in/login,1,True
https://partner.bluekai.farm/login,1,True
https://partner.bluekai.love/login,1,True
https://partner.bluekai.fit/login,1,True
https://partner.bluekai.click/login,1,True
http://www.google.org.au/support/accounts?hlengb,1,True
http://www.google.org.ph/support/accounts?hlengb,1,True
https://accounts.google.org.au/service/login?continuehttpsaffmailgooglecomfmailfservicemailltmpldefaultdsh,1,True
https://accounts.google.org.ph/service/login?continuehttpsaffmailgooglecomfmailfservicemailltmpldefaultdsh,1,True
https://support.google.org.au/accounts?hlengb,1,True
https://support.google.org.ph/accounts?hlengb,1,True
https://www.neustarlocaleze.com.mx/manage/login,1,True
https://www.neustarlocaleze.nl/manage/login,1,True
https://www.neustarlocaleze.co.za/manage/login,1,True
https://www.neustarlocaleze.com.au/manage/login,1,True
https://www.neustarlocaleze.ch/manage/login,1,True
https://www.neustarlocaleze.xyz/manage/login,1,True
https://www.neustarlocaleze.org.uk/manage/login,1,True
https://www.neustarlocaleze.ca/manage/login,1,True
https://www.neustarlocaleze.asia/manage/login,1,True
https://www.neustarlocaleze.org.nz/manage/login,1,True
https://www.neustarlocaleze.sg/manage/login,1,True
https://www.neustarlocaleze.ph/manage/login,1,True
https://www.neustarlocaleze.com.cn/manage/login,1,True
https://www.neustarlocaleze.tk/manage/login,1,True
https://www.neustarlocaleze.net.cn/manage/login,1,True
https://www.neustarlocaleze.pro/manage/login,1,True
https://www.neustarlocaleze.la/manage/login,1,True
https://www.neustarlocaleze.net.in/manage/login,1,True
https://www.neustarlocaleze.org.cn/manage/login,1,True
https://www.neustarlocaleze.online/manage/login,1,True
https://www.neustarlocaleze.am/manage/login,1,True
https://www.neustarlocaleze.live/manage/login,1,True
https://www.neustarlocaleze.life/manage/login,1,True
https://www.neustarlocaleze.link/manage/login,1,True
https://www.neustarlocaleze.center/manage/login,1,True
https://www.neustarlocaleze.store/manage/login,1,True
https://www.neustarlocaleze.gg/manage/login,1,True
https://www.neustarlocaleze.bz/manage/login,1,True
https://www.neustarlocaleze.ai/manage/login,1,True
https://www.neustarlocaleze.today/manage/login,1,True
https://www.neustarlocaleze.website/manage/login,1,True
https://www.neustarlocaleze.site/manage/login,1,True
https://www.neustarlocaleze.gold/manage/login,1,True
https://www.neustarlocaleze.global/manage/login,1,True
https://www.neustarlocaleze.ag/manage/login,1,True
https://www.neustarlocaleze.agency/manage/login,1,True
https://www.neustarlocaleze.ind.in/manage/login,1,True
https://www.neustarlocaleze.farm/manage/login,1,True
https://www.neustarlocaleze.love/manage/login,1,True
https://www.neustarlocaleze.fit/manage/login,1,True
https://www.neustarlocaleze.click/manage/login,1,True
https://numbering.neustar.es/login,1,True
https://numbering.neustar.at/login,1,True
https://numbering.neustar.help/login,1,True
https://numbering.neustar.be/login,1,True
https://numbering.neustar.com.ph/login,1,True
https://numbering.neustar.com.pl/login,1,True
https://numbering.neustar.university/login,1,True
https://numbering.neustar.net.au/login,1,True
https://numbering.neustar.ws/login,1,True
https://numbering.neustar.co.nz/login,1,True
https://numbering.neustar.com.ve/login,1,True
https://numbering.neustar.net.pl/login,1,True
https://numbering.neustar.site/login,1,True
https://numbering.neustar.navy/login,1,True
https://numbering.neustar.tech/login,1,True
https://numbering.neustar.app/login,1,True
https://numbering.neustar.services/login,1,True
https://numbering.neustar.market/login,1,True
https://numbering.neustar.art/login,1,True
https://numbering.neustar.team/login,1,True
https://numbering.neustar.ink/login,1,True
https://numbering.neustar.casa/login,1,True
https://numbering.neustar.tips/login,1,True
https://numbering.neustar.ms/login,1,True
https://numbering.neustar.social/login,1,True
https://numbering.neustar.group/login,1,True
https://numbering.neustar.world/login,1,True
https://numbering.neustar.zone/login,1,True
https://numbering.neustar.guide/login,1,True
https://numbering.neustar.info.ve/login,1,True
https://numbering.neustar.email/login,1,True
https://numbering.neustar.ltd/login,1,True
https://numbering.neustar.legal/login,1,True
https://numbering.neustar.me.uk/login,1,True
https://numbering.neustar.house/login,1,True
https://numbering.neustar.studio/login,1,True
https://numbering.neustar.rocks/login,1,True
https://numbering.neustar.support/login,1,True
https://numbering.neustar.company/login,1,True
https://numbering.neustar.fun/login,1,True
https://numbering.neustar.work/login,1,True
https://numbering.neustar.fit/login,1,True
https://numbering.neustar.click/login,1,True
https://www.neustar.com.mx/ad/advisor,1,True
https://www.neustar.ch/ad/advisor,1,True
https://www.neustar.xyz/ad/advisor,1,True
https://www.neustar.org.uk/ad/advisor,1,True
https://www.neustar.asia/ad/advisor,1,True
https://www.neustar.org.nz/ad/advisor,1,True
https://www.neustar.sg/ad/advisor,1,True
https://www.neustar.ph/ad/advisor,1,True
https://www.neustar.es/ad/advisor,1,True
https://www.neustar.at/ad/advisor,1,True
https://www.neustar.help/ad/advisor,1,True
https://www.neustar.be/ad/advisor,1,True
https://www.neustar.com.ph/ad/advisor,1,True
https://www.neustar.com.pl/ad/advisor,1,True
https://www.neustar.university/ad/advisor,1,True
https://www.neustar.net.au/ad/advisor,1,True
https://www.neustar.ws/ad/advisor,1,True
https://www.neustar.co.nz/ad/advisor,1,True
https://www.neustar.com.ve/ad/advisor,1,True
https://www.neustar.net.pl/ad/advisor,1,True
https://www.neustar.pro/ad/advisor,1,True
https://www.neustar.la/ad/advisor,1,True
https://www.neustar.net.in/ad/advisor,1,True
https://www.neustar.org.cn/ad/advisor,1,True
https://www.neustar.online/ad/advisor,1,True
https://www.neustar.am/ad/advisor,1,True
https://www.neustar.live/ad/advisor,1,True
https://www.neustar.life/ad/advisor,1,True
https://www.neustar.center/ad/advisor,1,True
https://www.neustar.store/ad/advisor,1,True
https://www.neustar.gg/ad/advisor,1,True
https://www.neustar.bz/ad/advisor,1,True
https://www.neustar.today/ad/advisor,1,True
https://www.neustar.website/ad/advisor,1,True
https://www.neustar.site/ad/advisor,1,True
https://www.neustar.navy/ad/advisor,1,True
https://www.neustar.tech/ad/advisor,1,True
https://www.neustar.app/ad/advisor,1,True
https://www.neustar.services/ad/advisor,1,True
https://www.neustar.market/ad/advisor,1,True
https://www.neustar.art/ad/advisor,1,True
https://www.neustar.team/ad/advisor,1,True
https://www.neustar.ink/ad/advisor,1,True
https://www.neustar.casa/ad/advisor,1,True
https://www.neustar.tips/ad/advisor,1,True
https://www.neustar.ms/ad/advisor,1,True
https://www.neustar.social/ad/advisor,1,True
https://www.neustar.group/ad/advisor,1,True
https://www.neustar.world/ad/advisor,1,True
https://www.neustar.zone/ad/advisor,1,True
https://www.neustar.guide/ad/advisor,1,True
https://www.neustar.info.ve/ad/advisor,1,True
https://www.neustar.email/ad/advisor,1,True
https://www.neustar.ltd/ad/advisor,1,True
https://www.neustar.legal/ad/advisor,1,True
https://www.neustar.me.uk/ad/advisor,1,True
https://www.neustar.house/ad/advisor,1,True
https://www.neustar.studio/ad/advisor,1,True
https://www.neustar.rocks/ad/advisor,1,True
https://www.neustar.support/ad/advisor,1,True
https://www.neustar.company/ad/advisor,1,True
https://www.neustar.fun/ad/advisor,1,True
https://www.neustar.work/ad/advisor,1,True
https://www.neustar.fit/ad/advisor,1,True
https://www.neustar.click/ad/advisor,1,True
http://www.google.org.au/search?ieutfqbillrobinsonscientistoiddlecthlenkgmidmhwsaxvedahukewjdvvzkahvbccskhygbmqpqgd,1,True
http://www.google.org.ph/search?ieutfqbillrobinsonscientistoiddlecthlenkgmidmhwsaxvedahukewjdvvzkahvbccskhygbmqpqgd,1,True
https://www.microsoft.love/en/au/windows/get/windows,1,True
http://www.adcb.com.pl/en/islamic/personal,0,False
http://www.adcb.club/en/islamic/personal,0,False
http://www.adcb.com.co/en/islamic/personal,0,False
http://www.adcb.university/en/islamic/personal,0,False
http://www.adcb.net.au/en/islamic/personal,0,False
http://www.adcb.ws/en/islamic/personal,0,False
http://www.adcb.co/en/islamic/personal,0,False
http://www.adcb.co.nz/en/islamic/personal,0,False
http://www.adcb.com.ve/en/islamic/personal,0,False
http://www.adcb.net.pl/en/islamic/personal,0,False
http://www.adcb.org.in/en/islamic/personal,0,False
http://www.adcb.org.au/en/islamic/personal,0,False
http://www.adcb.com.pe/en/islamic/personal,0,False
http://www.adcb.cool/en/islamic/personal,0,False
http://www.adcb.team/en/islamic/personal,0,False
http://www.adcb.ink/en/islamic/personal,0,False
http://www.adcb.casa/en/islamic/personal,0,False
http://www.adcb.tips/en/islamic/personal,0,False
http://www.adcb.ms/en/islamic/personal,0,False
http://www.adcb.social/en/islamic/personal,0,False
http://www.adcb.group/en/islamic/personal,0,False
http://www.adcb.world/en/islamic/personal,0,False
http://www.adcb.zone/en/islamic/personal,0,False
http://www.adcb.guide/en/islamic/personal,0,False
http://www.adcb.info.ve/en/islamic/personal,0,False
http://www.adcb.email/en/islamic/personal,0,False
http://www.adcb.ltd/en/islamic/personal,0,False
http://www.adcb.vip/en/islamic/personal,0,False
http://www.adcb.legal/en/islamic/personal,0,False
http://www.adcb.me.uk/en/islamic/personal,0,False
http://www.adcb.house/en/islamic/personal,0,False
http://www.adcb.studio/en/islamic/personal,0,False
http://www.adcb.rocks/en/islamic/personal,0,False
http://www.adcb.support/en/islamic/personal,0,False
http://www.adcb.company/en/islamic/personal,0,False
http://www.adcb.fun/en/islamic/personal,0,False
http://www.adcb.work/en/islamic/personal,0,False
http://www.adcb.expert/en/islamic/personal,0,False
http://www.adcb.hosting/en/islamic/personal,0,False
http://www.adcb.org.pe/en/islamic/personal,0,False
http://www.adcb.ca/en/personal,0,False
http://www.adcb.org.nz/en/personal,0,False
http://www.adcb.sg/en/personal,0,False
http://www.adcb.ph/en/personal,0,False
http://www.adcb.net.cn/en/personal,0,False
http://www.adcb.es/en/personal,0,False
http://www.adcb.at/en/personal,0,False
http://www.adcb.help/en/personal,0,False
http://www.adcb.be/en/personal,0,False
http://www.adcb.com.ph/en/personal,0,False
http://www.adcb.com.pl/en/personal,0,False
http://www.adcb.club/en/personal,0,False
http://www.adcb.com.co/en/personal,0,False
http://www.adcb.university/en/personal,0,False
http://www.adcb.net.au/en/personal,0,False
http://www.adcb.ws/en/personal,0,False
http://www.adcb.co/en/personal,0,False
http://www.adcb.co.nz/en/personal,0,False
http://www.adcb.com.ve/en/personal,0,False
http://www.adcb.net.pl/en/personal,0,False
http://www.adcb.org.in/en/personal,0,False
http://www.adcb.org.au/en/personal,0,False
http://www.adcb.com.pe/en/personal,0,False
http://www.adcb.cool/en/personal,0,False
http://www.adcb.website/en/personal,0,False
http://www.adcb.navy/en/personal,0,False
http://www.adcb.tech/en/personal,0,False
http://www.adcb.services/en/personal,0,False
http://www.adcb.market/en/personal,0,False
http://www.adcb.art/en/personal,0,False
http://www.adcb.team/en/personal,0,False
http://www.adcb.ink/en/personal,0,False
http://www.adcb.casa/en/personal,0,False
http://www.adcb.tips/en/personal,0,False
http://www.adcb.ms/en/personal,0,False
http://www.adcb.social/en/personal,0,False
http://www.adcb.group/en/personal,0,False
http://www.adcb.world/en/personal,0,False
http://www.adcb.zone/en/personal,0,False
http://www.adcb.guide/en/personal,0,False
http://www.adcb.info.ve/en/personal,0,False
http://www.adcb.email/en/personal,0,False
http://www.adcb.ltd/en/personal,0,False
http://www.adcb.vip/en/personal,0,False
http://www.adcb.legal/en/personal,0,False
http://www.adcb.me.uk/en/personal,0,False
http://www.adcb.house/en/personal,0,False
http://www.adcb.studio/en/personal,0,False
http://www.adcb.rocks/en/personal,0,False
http://www.adcb.support/en/personal,0,False
http://www.adcb.company/en/personal,0,False
http://www.adcb.fun/en/personal,0,False
http://www.adcb.work/en/personal,0,False
http://www.adcb.expert/en/personal,0,False
http://www.adcb.hosting/en/personal,0,False
http://www.adcb.org.pe/en/personal,0,False
http://www.adcb.cloud/en/personal,0,False
http://www.adcb.com.es/en/personal,0,False
http://www.adcb.ca/en/personal/a/dcb/for/you/segments/privilege/club.aspx,0,False
http://www.adcb.org.nz/en/personal/a/dcb/for/you/segments/privilege/club.aspx,0,False
http://www.adcb.sg/en/personal/a/dcb/for/you/segments/privilege/club.aspx,0,False
http://www.adcb.ph/en/personal/a/dcb/for/you/segments/privilege/club.aspx,0,False
http://www.adcb.net.cn/en/personal/a/dcb/for/you/segments/privilege/club.aspx,0,False
http://www.adcb.es/en/personal/a/dcb/for/you/segments/privilege/club.aspx,0,False
http://www.adcb.at/en/personal/a/dcb/for/you/segments/privilege/club.aspx,0,False
http://www.adcb.help/en/personal/a/dcb/for/you/segments/privilege/club.aspx,0,False
http://www.adcb.be/en/personal/a/dcb/for/you/segments/privilege/club.aspx,0,False
http://www.adcb.com.ph/en/personal/a/dcb/for/you/segments/privilege/club.aspx,0,False
http://www.adcb.com.pl/en/personal/a/dcb/for/you/segments/privilege/club.aspx,0,False
http://www.adcb.club/en/personal/a/dcb/for/you/segments/privilege/club.aspx,1,True
http://www.adcb.com.co/en/personal/a/dcb/for/you/segments/privilege/club.aspx,0,False
http://www.adcb.university/en/personal/a/dcb/for/you/segments/privilege/club.aspx,1,True
http://www.adcb.net.au/en/personal/a/dcb/for/you/segments/privilege/club.aspx,0,False
http://www.adcb.ws/en/personal/a/dcb/for/you/segments/privilege/club.aspx,0,False
http://www.adcb.co/en/personal/a/dcb/for/you/segments/privilege/club.aspx,0,False
http://www.adcb.co.nz/en/personal/a/dcb/for/you/segments/privilege/club.aspx,0,False
http://www.adcb.com.ve/en/personal/a/dcb/for/you/segments/privilege/club.aspx,0,False
http://www.adcb.net.pl/en/personal/a/dcb/for/you/segments/privilege/club.aspx,0,False
http://www.adcb.org.in/en/personal/a/dcb/for/you/segments/privilege/club.aspx,0,False
http://www.adcb.org.au/en/personal/a/dcb/for/you/segments/privilege/club.aspx,0,False
http://www.adcb.com.pe/en/personal/a/dcb/for/you/segments/privilege/club.aspx,0,False
http://www.adcb.cool/en/personal/a/dcb/for/you/segments/privilege/club.aspx,0,False
http://www.adcb.org.ph/en/personal/a/dcb/for/you/segments/privilege/club.aspx,0,False
http://www.adcb.gs/en/personal/a/dcb/for/you/segments/privilege/club.aspx,0,False
http://www.adcb.website/en/personal/a/dcb/for/you/segments/privilege/club.aspx,1,True
http://www.adcb.navy/en/personal/a/dcb/for/you/segments/privilege/club.aspx,0,False
http://www.adcb.tech/en/personal/a/dcb/for/you/segments/privilege/club.aspx,0,False
http://www.adcb.services/en/personal/a/dcb/for/you/segments/privilege/club.aspx,0,False
http://www.adcb.market/en/personal/a/dcb/for/you/segments/privilege/club.aspx,1,True
http://www.adcb.art/en/personal/a/dcb/for/you/segments/privilege/club.aspx,0,False
http://www.adcb.team/en/personal/a/dcb/for/you/segments/privilege/club.aspx,0,False
http://www.adcb.ink/en/personal/a/dcb/for/you/segments/privilege/club.aspx,0,False
http://www.adcb.casa/en/personal/a/dcb/for/you/segments/privilege/club.aspx,0,False
http://www.adcb.tips/en/personal/a/dcb/for/you/segments/privilege/club.aspx,0,False
http://www.adcb.ms/en/personal/a/dcb/for/you/segments/privilege/club.aspx,0,False
http://www.adcb.social/en/personal/a/dcb/for/you/segments/privilege/club.aspx,1,True
http://www.adcb.group/en/personal/a/dcb/for/you/segments/privilege/club.aspx,0,False
http://www.adcb.world/en/personal/a/dcb/for/you/segments/privilege/club.aspx,0,False
http://www.adcb.zone/en/personal/a/dcb/for/you/segments/privilege/club.aspx,0,False
http://www.adcb.guide/en/personal/a/dcb/for/you/segments/privilege/club.aspx,0,False
http://www.adcb.info.ve/en/personal/a/dcb/for/you/segments/privilege/club.aspx,0,False
http://www.adcb.email/en/personal/a/dcb/for/you/segments/privilege/club.aspx,1,True
http://www.adcb.ltd/en/personal/a/dcb/for/you/segments/privilege/club.aspx,0,False
http://www.adcb.vip/en/personal/a/dcb/for/you/segments/privilege/club.aspx,0,False
http://www.adcb.legal/en/personal/a/dcb/for/you/segments/privilege/club.aspx,1,True
http://www.adcb.me.uk/en/personal/a/dcb/for/you/segments/privilege/club.aspx,0,False
http://www.adcb.house/en/personal/a/dcb/for/you/segments/privilege/club.aspx,0,False
http://www.adcb.studio/en/personal/a/dcb/for/you/segments/privilege/club.aspx,1,True
http://www.adcb.rocks/en/personal/a/dcb/for/you/segments/privilege/club.aspx,0,False
http://www.adcb.support/en/personal/a/dcb/for/you/segments/privilege/club.aspx,1,True
http://www.adcb.company/en/personal/a/dcb/for/you/segments/privilege/club.aspx,1,True
http://www.adcb.fun/en/personal/a/dcb/for/you/segments/privilege/club.aspx,0,False
http://www.adcb.work/en/personal/a/dcb/for/you/segments/privilege/club.aspx,1,True
http://www.adcb.expert/en/personal/a/dcb/for/you/segments/privilege/club.aspx,1,True
http://www.adcb.hosting/en/personal/a/dcb/for/you/segments/privilege/club.aspx,1,True
http://www.adcb.org.pe/en/personal/a/dcb/for/you/segments/privilege/club.aspx,0,False
http://www.adcb.cloud/en/personal/a/dcb/for/you/segments/privilege/club.aspx,1,True
http://www.adcb.com.es/en/personal/a/dcb/for/you/segments/privilege/club.aspx,0,False
http://www.adcb.clinic/en/personal/a/dcb/for/you/segments/privilege/club.aspx,0,False
http://www.adcb.business/en/personal/a/dcb/for/you/segments/privilege/club.aspx,1,True
http://www.adcb.cash/en/personal/a/dcb/for/you/segments/privilege/club.aspx,0,False
http://www.adcb.army/en/personal/a/dcb/for/you/segments/privilege/club.aspx,0,False
http://www.adcb.news/en/personal/a/dcb/for/you/segments/privilege/club.aspx,0,False
http://www.adcb.network/en/personal/a/dcb/for/you/segments/privilege/club.aspx,1,True
http://www.adcb.trade/en/personal/a/dcb/for/you/segments/privilege/club.aspx,1,True
http://www.adcb.best/en/personal/a/dcb/for/you/segments/privilege/club.aspx,1,True
http://www.adcb.gold/en/personal/a/dcb/for/you/segments/privilege/club.aspx,0,False
http://www.adcb.global/en/personal/a/dcb/for/you/segments/privilege/club.aspx,1,True
http://www.adcb.ag/en/personal/a/dcb/for/you/segments/privilege/club.aspx,0,False
http://www.adcb.agency/en/personal/a/dcb/for/you/segments/privilege/club.aspx,1,True
http://www.adcb.ind.in/en/personal/a/dcb/for/you/segments/privilege/club.aspx,0,False
http://www.adcb.farm/en/personal/a/dcb/for/you/segments/privilege/club.aspx,0,False
http://www.adcb.love/en/personal/a/dcb/for/you/segments/privilege/club.aspx,0,False
http://www.adcb.fit/en/personal/a/dcb/for/you/segments/privilege/club.aspx,0,False
http://www.adcb.click/en/personal/a/dcb/for/you/segments/privilege/club.aspx,1,True
http://www.adcb.com.mx/en/personal/accounts/current/savings/account/current/savings/accounts.aspx,0,False
http://www.adcb.co.za/en/personal/accounts/current/savings/account/current/savings/accounts.aspx,0,False
http://www.adcb.ca/en/personal/accounts/current/savings/account/current/savings/accounts.aspx,0,False
http://www.adcb.org.nz/en/personal/accounts/current/savings/account/current/savings/accounts.aspx,0,False
http://www.adcb.sg/en/personal/accounts/current/savings/account/current/savings/accounts.aspx,0,False
http://www.adcb.ph/en/personal/accounts/current/savings/account/current/savings/accounts.aspx,0,False
http://www.adcb.net.cn/en/personal/accounts/current/savings/account/current/savings/accounts.aspx,0,False
http://www.adcb.es/en/personal/accounts/current/savings/account/current/savings/accounts.aspx,0,False
http://www.adcb.at/en/personal/accounts/current/savings/account/current/savings/accounts.aspx,0,False
http://www.adcb.help/en/personal/accounts/current/savings/account/current/savings/accounts.aspx,0,False
http://www.adcb.be/en/personal/accounts/current/savings/account/current/savings/accounts.aspx,0,False
http://www.adcb.com.ph/en/personal/accounts/current/savings/account/current/savings/accounts.aspx,0,False
http://www.adcb.com.pl/en/personal/accounts/current/savings/account/current/savings/accounts.aspx,0,False
http://www.adcb.club/en/personal/accounts/current/savings/account/current/savings/accounts.aspx,0,False
http://www.adcb.com.co/en/personal/accounts/current/savings/account/current/savings/accounts.aspx,0,False
http://www.adcb.university/en/personal/accounts/current/savings/account/current/savings/accounts.aspx,0,False
http://www.adcb.net.au/en/personal/accounts/current/savings/account/current/savings/accounts.aspx,0,False
http://www.adcb.ws/en/personal/accounts/current/savings/account/current/savings/accounts.aspx,0,False
http://www.adcb.co/en/personal/accounts/current/savings/account/current/savings/accounts.aspx,0,False
http://www.adcb.co.nz/en/personal/accounts/current/savings/account/current/savings/accounts.aspx,0,False
http://www.adcb.com.ve/en/personal/accounts/current/savings/account/current/savings/accounts.aspx,0,False
http://www.adcb.net.pl/en/personal/accounts/current/savings/account/current/savings/accounts.aspx,0,False
http://www.adcb.org.in/en/personal/accounts/current/savings/account/current/savings/accounts.aspx,0,False
http://www.adcb.org.au/en/personal/accounts/current/savings/account/current/savings/accounts.aspx,0,False
http://www.adcb.com.pe/en/personal/accounts/current/savings/account/current/savings/accounts.aspx,0,False
http://www.adcb.cool/en/personal/accounts/current/savings/account/current/savings/accounts.aspx,0,False
http://www.adcb.org.ph/en/personal/accounts/current/savings/account/current/savings/accounts.aspx,0,False
http://www.adcb.gs/en/personal/accounts/current/savings/account/current/savings/accounts.aspx,0,False
http://www.adcb.host/en/personal/accounts/current/savings/account/current/savings/accounts.aspx,0,False
http://www.adcb.info.pl/en/personal/accounts/current/savings/account/current/savings/accounts.aspx,0,False
http://www.adcb.space/en/personal/accounts/current/savings/account/current/savings/accounts.aspx,0,False
http://www.adcb.la/en/personal/accounts/current/savings/account/current/savings/accounts.aspx,0,False
http://www.adcb.net.in/en/personal/accounts/current/savings/account/current/savings/accounts.aspx,0,False
http://www.adcb.org.cn/en/personal/accounts/current/savings/account/current/savings/accounts.aspx,0,False
http://www.adcb.am/en/personal/accounts/current/savings/account/current/savings/accounts.aspx,0,False
http://www.adcb.life/en/personal/accounts/current/savings/account/current/savings/accounts.aspx,0,False
http://www.adcb.link/en/personal/accounts/current/savings/account/current/savings/accounts.aspx,0,False
http://www.adcb.center/en/personal/accounts/current/savings/account/current/savings/accounts.aspx,0,False
http://www.adcb.store/en/personal/accounts/current/savings/account/current/savings/accounts.aspx,0,False
http://www.adcb.gg/en/personal/accounts/current/savings/account/current/savings/accounts.aspx,0,False
http://www.adcb.today/en/personal/accounts/current/savings/account/current/savings/accounts.aspx,0,False
http://www.adcb.website/en/personal/accounts/current/savings/account/current/savings/accounts.aspx,0,False
http://www.adcb.navy/en/personal/accounts/current/savings/account/current/savings/accounts.aspx,0,False
http://www.adcb.tech/en/personal/accounts/current/savings/account/current/savings/accounts.aspx,0,False
http://www.adcb.services/en/personal/accounts/current/savings/account/current/savings/accounts.aspx,0,False
http://www.adcb.market/en/personal/accounts/current/savings/account/current/savings/accounts.aspx,0,False
http://www.adcb.art/en/personal/accounts/current/savings/account/current/savings/accounts.aspx,0,False
http://www.adcb.team/en/personal/accounts/current/savings/account/current/savings/accounts.aspx,0,False
http://www.adcb.ink/en/personal/accounts/current/savings/account/current/savings/accounts.aspx,0,False
http://www.adcb.casa/en/personal/accounts/current/savings/account/current/savings/accounts.aspx,0,False
http://www.adcb.tips/en/personal/accounts/current/savings/account/current/savings/accounts.aspx,0,False
http://www.adcb.ms/en/personal/accounts/current/savings/account/current/savings/accounts.aspx,0,False
http://www.adcb.social/en/personal/accounts/current/savings/account/current/savings/accounts.aspx,0,False
http://www.adcb.group/en/personal/accounts/current/savings/account/current/savings/accounts.aspx,0,False
http://www.adcb.world/en/personal/accounts/current/savings/account/current/savings/accounts.aspx,0,False
http://www.adcb.zone/en/personal/accounts/current/savings/account/current/savings/accounts.aspx,0,False
http://www.adcb.guide/en/personal/accounts/current/savings/account/current/savings/accounts.aspx,0,False
http://www.adcb.info.ve/en/personal/accounts/current/savings/account/current/savings/accounts.aspx,0,False
http://www.adcb.email/en/personal/accounts/current/savings/account/current/savings/accounts.aspx,0,False
http://www.adcb.ltd/en/personal/accounts/current/savings/account/current/savings/accounts.aspx,0,False
http://www.adcb.vip/en/personal/accounts/current/savings/account/current/savings/accounts.aspx,0,False
http://www.adcb.legal/en/personal/accounts/current/savings/account/current/savings/accounts.aspx,0,False
http://www.adcb.me.uk/en/personal/accounts/current/savings/account/current/savings/accounts.aspx,0,False
http://www.adcb.house/en/personal/accounts/current/savings/account/current/savings/accounts.aspx,0,False
http://www.adcb.studio/en/personal/accounts/current/savings/account/current/savings/accounts.aspx,0,False
http://www.adcb.rocks/en/personal/accounts/current/savings/account/current/savings/accounts.aspx,0,False
http://www.adcb.support/en/personal/accounts/current/savings/account/current/savings/accounts.aspx,0,False
http://www.adcb.company/en/personal/accounts/current/savings/account/current/savings/accounts.aspx,0,False
http://www.adcb.fun/en/personal/accounts/current/savings/account/current/savings/accounts.aspx,0,False
http://www.adcb.work/en/personal/accounts/current/savings/account/current/savings/accounts.aspx,0,False
http://www.adcb.expert/en/personal/accounts/current/savings/account/current/savings/accounts.aspx,0,False
http://www.adcb.hosting/en/personal/accounts/current/savings/account/current/savings/accounts.aspx,0,False
http://www.adcb.org.pe/en/personal/accounts/current/savings/account/current/savings/accounts.aspx,0,False
http://www.adcb.cloud/en/personal/accounts/current/savings/account/current/savings/accounts.aspx,0,False
http://www.adcb.com.es/en/personal/accounts/current/savings/account/current/savings/accounts.aspx,0,False
http://www.adcb.clinic/en/personal/accounts/current/savings/account/current/savings/accounts.aspx,0,False
http://www.adcb.business/en/personal/accounts/current/savings/account/current/savings/accounts.aspx,0,False
http://www.adcb.cash/en/personal/accounts/current/savings/account/current/savings/accounts.aspx,0,False
http://www.adcb.army/en/personal/accounts/current/savings/account/current/savings/accounts.aspx,0,False
http://www.adcb.news/en/personal/accounts/current/savings/account/current/savings/accounts.aspx,0,False
http://www.adcb.network/en/personal/accounts/current/savings/account/current/savings/accounts.aspx,0,False
http://www.adcb.trade/en/personal/accounts/current/savings/account/current/savings/accounts.aspx,0,False
http://www.adcb.best/en/personal/accounts/current/savings/account/current/savings/accounts.aspx,0,False
http://www.adcb.gold/en/personal/accounts/current/savings/account/current/savings/accounts.aspx,0,False
http://www.adcb.global/en/personal/accounts/current/savings/account/current/savings/accounts.aspx,0,False
http://www.adcb.ag/en/personal/accounts/current/savings/account/current/savings/accounts.aspx,0,False
http://www.adcb.agency/en/personal/accounts/current/savings/account/current/savings/accounts.aspx,0,False
http://www.adcb.ind.in/en/personal/accounts/current/savings/account/current/savings/accounts.aspx,0,False
http://www.adcb.farm/en/personal/accounts/current/savings/account/current/savings/accounts.aspx,0,False
http://www.adcb.love/en/personal/accounts/current/savings/account/current/savings/accounts.aspx,0,False
http://www.adcb.fit/en/personal/accounts/current/savings/account/current/savings/accounts.aspx,0,False
http://www.adcb.click/en/personal/accounts/current/savings/account/current/savings/accounts.aspx,0,False
http://www.adcb.com.mx/en/personal/accounts/safe/deposit/locker.aspx,0,False
http://www.adcb.co.za/en/personal/accounts/safe/deposit/locker.aspx,0,False
http://www.adcb.ca/en/personal/accounts/safe/deposit/locker.aspx,0,False
http://www.adcb.org.nz/en/personal/accounts/safe/deposit/locker.aspx,0,False
http://www.adcb.sg/en/personal/accounts/safe/deposit/locker.aspx,0,False
http://www.adcb.ph/en/personal/accounts/safe/deposit/locker.aspx,0,False
http://www.adcb.net.cn/en/personal/accounts/safe/deposit/locker.aspx,0,False
http://www.adcb.es/en/personal/accounts/safe/deposit/locker.aspx,0,False
http://www.adcb.at/en/personal/accounts/safe/deposit/locker.aspx,0,False
http://www.adcb.help/en/personal/accounts/safe/deposit/locker.aspx,0,False
http://www.adcb.be/en/personal/accounts/safe/deposit/locker.aspx,0,False
http://www.adcb.com.ph/en/personal/accounts/safe/deposit/locker.aspx,0,False
http://www.adcb.com.pl/en/personal/accounts/safe/deposit/locker.aspx,0,False
http://www.adcb.club/en/personal/accounts/safe/deposit/locker.aspx,0,False
http://www.adcb.com.co/en/personal/accounts/safe/deposit/locker.aspx,0,False
http://www.adcb.university/en/personal/accounts/safe/deposit/locker.aspx,0,False
http://www.adcb.net.au/en/personal/accounts/safe/deposit/locker.aspx,0,False
http://www.adcb.ws/en/personal/accounts/safe/deposit/locker.aspx,0,False
http://www.adcb.co/en/personal/accounts/safe/deposit/locker.aspx,0,False
http://www.adcb.co.nz/en/personal/accounts/safe/deposit/locker.aspx,0,False
http://www.adcb.com.ve/en/personal/accounts/safe/deposit/locker.aspx,0,False
http://www.adcb.net.pl/en/personal/accounts/safe/deposit/locker.aspx,0,False
http://www.adcb.org.in/en/personal/accounts/safe/deposit/locker.aspx,0,False
http://www.adcb.org.au/en/personal/accounts/safe/deposit/locker.aspx,0,False
http://www.adcb.com.pe/en/personal/accounts/safe/deposit/locker.aspx,0,False
http://www.adcb.cool/en/personal/accounts/safe/deposit/locker.aspx,0,False
http://www.adcb.org.ph/en/personal/accounts/safe/deposit/locker.aspx,0,False
http://www.adcb.gs/en/personal/accounts/safe/deposit/locker.aspx,0,False
http://www.adcb.host/en/personal/accounts/safe/deposit/locker.aspx,0,False
http://www.adcb.info.pl/en/personal/accounts/safe/deposit/locker.aspx,0,False
http://www.adcb.space/en/personal/accounts/safe/deposit/locker.aspx,0,False
http://www.adcb.la/en/personal/accounts/safe/deposit/locker.aspx,0,False
http://www.adcb.net.in/en/personal/accounts/safe/deposit/locker.aspx,0,False
http://www.adcb.org.cn/en/personal/accounts/safe/deposit/locker.aspx,0,False
http://www.adcb.am/en/personal/accounts/safe/deposit/locker.aspx,0,False
http://www.adcb.life/en/personal/accounts/safe/deposit/locker.aspx,0,False
http://www.adcb.link/en/personal/accounts/safe/deposit/locker.aspx,0,False
http://www.adcb.center/en/personal/accounts/safe/deposit/locker.aspx,0,False
http://www.adcb.store/en/personal/accounts/safe/deposit/locker.aspx,0,False
http://www.adcb.gg/en/personal/accounts/safe/deposit/locker.aspx,0,False
http://www.adcb.today/en/personal/accounts/safe/deposit/locker.aspx,0,False
http://www.adcb.website/en/personal/accounts/safe/deposit/locker.aspx,0,False
http://www.adcb.navy/en/personal/accounts/safe/deposit/locker.aspx,0,False
http://www.adcb.tech/en/personal/accounts/safe/deposit/locker.aspx,0,False
http://www.adcb.services/en/personal/accounts/safe/deposit/locker.aspx,0,False
http://www.adcb.market/en/personal/accounts/safe/deposit/locker.aspx,0,False
http://www.adcb.art/en/personal/accounts/safe/deposit/locker.aspx,0,False
http://www.adcb.team/en/personal/accounts/safe/deposit/locker.aspx,0,False
http://www.adcb.ink/en/personal/accounts/safe/deposit/locker.aspx,0,False
http://www.adcb.casa/en/personal/accounts/safe/deposit/locker.aspx,0,False
http://www.adcb.tips/en/personal/accounts/safe/deposit/locker.aspx,0,False
http://www.adcb.ms/en/personal/accounts/safe/deposit/locker.aspx,0,False
http://www.adcb.social/en/personal/accounts/safe/deposit/locker.aspx,0,False
http://www.adcb.group/en/personal/accounts/safe/deposit/locker.aspx,0,False
http://www.adcb.world/en/personal/accounts/safe/deposit/locker.aspx,0,False
http://www.adcb.zone/en/personal/accounts/safe/deposit/locker.aspx,0,False
http://www.adcb.guide/en/personal/accounts/safe/deposit/locker.aspx,0,False
http://www.adcb.info.ve/en/personal/accounts/safe/deposit/locker.aspx,0,False
http://www.adcb.email/en/personal/accounts/safe/deposit/locker.aspx,0,False
http://www.adcb.ltd/en/personal/accounts/safe/deposit/locker.aspx,0,False
http://www.adcb.vip/en/personal/accounts/safe/deposit/locker.aspx,0,False
http://www.adcb.legal/en/personal/accounts/safe/deposit/locker.aspx,0,False
http://www.adcb.me.uk/en/personal/accounts/safe/deposit/locker.aspx,0,False
http://www.adcb.house/en/personal/accounts/safe/deposit/locker.aspx,0,False
http://www.adcb.studio/en/personal/accounts/safe/deposit/locker.aspx,0,False
http://www.adcb.rocks/en/personal/accounts/safe/deposit/locker.aspx,0,False
http://www.adcb.support/en/personal/accounts/safe/deposit/locker.aspx,0,False
http://www.adcb.company/en/personal/accounts/safe/deposit/locker.aspx,0,False
http://www.adcb.fun/en/personal/accounts/safe/deposit/locker.aspx,0,False
http://www.adcb.work/en/personal/accounts/safe/deposit/locker.aspx,0,False
http://www.adcb.expert/en/personal/accounts/safe/deposit/locker.aspx,0,False
http://www.adcb.hosting/en/personal/accounts/safe/deposit/locker.aspx,0,False
http://www.adcb.org.pe/en/personal/accounts/safe/deposit/locker.aspx,0,False
http://www.adcb.cloud/en/personal/accounts/safe/deposit/locker.aspx,0,False
http://www.adcb.com.es/en/personal/accounts/safe/deposit/locker.aspx,0,False
http://www.adcb.clinic/en/personal/accounts/safe/deposit/locker.aspx,0,False
http://www.adcb.business/en/personal/accounts/safe/deposit/locker.aspx,0,False
http://www.adcb.cash/en/personal/accounts/safe/deposit/locker.aspx,0,False
http://www.adcb.army/en/personal/accounts/safe/deposit/locker.aspx,0,False
http://www.adcb.news/en/personal/accounts/safe/deposit/locker.aspx,0,False
http://www.adcb.network/en/personal/accounts/safe/deposit/locker.aspx,0,False
http://www.adcb.trade/en/personal/accounts/safe/deposit/locker.aspx,0,False
http://www.adcb.best/en/personal/accounts/safe/deposit/locker.aspx,0,False
http://www.adcb.gold/en/personal/accounts/safe/deposit/locker.aspx,0,False
http://www.adcb.global/en/personal/accounts/safe/deposit/locker.aspx,0,False
http://www.adcb.ag/en/personal/accounts/safe/deposit/locker.aspx,0,False
http://www.adcb.agency/en/personal/accounts/safe/deposit/locker.aspx,0,False
http://www.adcb.ind.in/en/personal/accounts/safe/deposit/locker.aspx,0,False
http://www.adcb.farm/en/personal/accounts/safe/deposit/locker.aspx,0,False
http://www.adcb.love/en/personal/accounts/safe/deposit/locker.aspx,0,False
http://www.adcb.fit/en/personal/accounts/safe/deposit/locker.aspx,0,False
http://www.adcb.click/en/personal/accounts/safe/deposit/locker.aspx,1,True
https://www.amcobank.ph/banks/history,0,False
https://www.amcobank.com.cn/banks/history,0,False
https://www.amcobank.biz/banks/history,0,False
https://www.amcobank.tk/banks/history,1,True
https://www.amcobank.us/banks/history,0,False
https://www.amcobank.net.cn/banks/history,0,False
https://www.amcobank.es/banks/history,0,False
https://www.amcobank.at/banks/history,0,False
https://www.amcobank.help/banks/history,0,False
https://www.amcobank.be/banks/history,0,False
https://www.amcobank.com.ph/banks/history,0,False
https://www.amcobank.com.pl/banks/history,0,False
https://www.amcobank.club/banks/history,0,False
https://www.amcobank.com.co/banks/history,0,False
https://www.amcobank.university/banks/history,0,False
https://www.amcobank.net.au/banks/history,0,False
https://www.amcobank.ws/banks/history,0,False
https://www.amcobank.co/banks/history,0,False
https://www.amcobank.gg/banks/history,0,False
https://www.amcobank.bz/banks/history,0,False
https://www.amcobank.ai/banks/history,0,False
https://www.amcobank.today/banks/history,0,False
https://www.amcobank.website/banks/history,0,False
https://www.amcobank.site/banks/history,0,False
https://www.amcobank.navy/banks/history,0,False
https://www.amcobank.tech/banks/history,0,False
https://www.amcobank.app/banks/history,0,False
https://www.amcobank.services/banks/history,0,False
https://www.amcobank.market/banks/history,0,False
https://www.amcobank.art/banks/history,0,False
https://www.amcobank.team/banks/history,0,False
https://www.amcobank.ink/banks/history,0,False
https://www.amcobank.casa/banks/history,0,False
https://www.amcobank.tips/banks/history,0,False
https://www.amcobank.ms/banks/history,0,False
https://www.amcobank.social/banks/history,0,False
https://www.amcobank.group/banks/history,0,False
https://www.amcobank.world/banks/history,0,False
https://www.amcobank.zone/banks/history,0,False
https://www.amcobank.guide/banks/history,0,False
https://www.amcobank.info.ve/banks/history,0,False
https://www.amcobank.email/banks/history,0,False
https://www.amcobank.ltd/banks/history,0,False
https://www.amcobank.vip/banks/history,0,False
https://www.amcobank.legal/banks/history,0,False
https://www.amcobank.me.uk/banks/history,0,False
https://www.amcobank.house/banks/history,0,False
https://www.amcobank.fit/banks/history,0,False
https://www.amcobank.click/banks/history,1,True
https://www.amcobank.com.mx/board/of/directors,1,True
https://www.amcobank.nl/board/of/directors,1,True
https://www.amcobank.co.za/board/of/directors,1,True
https://www.amcobank.ph/board/of/directors,1,True
https://www.amcobank.com.cn/board/of/directors,1,True
https://www.amcobank.biz/board/of/directors,1,True
https://www.amcobank.tk/board/of/directors,1,True
https://www.amcobank.us/board/of/directors,1,True
https://www.amcobank.net.cn/board/of/directors,1,True
https://www.amcobank.es/board/of/directors,1,True
https://www.amcobank.at/board/of/directors,1,True
https://www.amcobank.help/board/of/directors,1,True
https://www.amcobank.be/board/of/directors,1,True
https://www.amcobank.com.ph/board/of/directors,1,True
https://www.amcobank.com.pl/board/of/directors,1,True
https://www.amcobank.club/board/of/directors,1,True
https://www.amcobank.com.co/board/of/directors,1,True
https://www.amcobank.university/board/of/directors,1,True
https://www.amcobank.net.au/board/of/directors,1,True
https://www.amcobank.ws/board/of/directors,1,True
https://www.amcobank.co/board/of/directors,1,True
https://www.amcobank.co.in/board/of/directors,0,False
https://www.amcobank.host/board/of/directors,1,True
https://www.amcobank.info.pl/board/of/directors,1,True
https://www.amcobank.mobi/board/of/directors,1,True
https://www.amcobank.space/board/of/directors,1,True
https://www.amcobank.pro/board/of/directors,1,True
https://www.amcobank.la/board/of/directors,1,True
https://www.amcobank.net.in/board/of/directors,1,True
https://www.amcobank.org.cn/board/of/directors,1,True
https://www.amcobank.online/board/of/directors,1,True
https://www.amcobank.am/board/of/directors,1,True
https://www.amcobank.live/board/of/directors,1,True
https://www.amcobank.life/board/of/directors,1,True
https://www.amcobank.link/board/of/directors,1,True
https://www.amcobank.center/board/of/directors,1,True
https://www.amcobank.store/board/of/directors,1,True
https://www.amcobank.gg/board/of/directors,1,True
https://www.amcobank.bz/board/of/directors,1,True
https://www.amcobank.ai/board/of/directors,1,True
https://www.amcobank.today/board/of/directors,1,True
https://www.amcobank.website/board/of/directors,1,True
https://www.amcobank.site/board/of/directors,1,True
https://www.amcobank.navy/board/of/directors,1,True
https://www.amcobank.tech/board/of/directors,1,True
https://www.amcobank.app/board/of/directors,1,True
https://www.amcobank.services/board/of/directors,1,True
https://www.amcobank.market/board/of/directors,1,True
https://www.amcobank.art/board/of/directors,1,True
https://www.amcobank.team/board/of/directors,1,True
https://www.amcobank.ink/board/of/directors,1,True
https://www.amcobank.casa/board/of/directors,1,True
https://www.amcobank.tips/board/of/directors,1,True
https://www.amcobank.ms/board/of/directors,1,True
https://www.amcobank.social/board/of/directors,1,True
https://www.amcobank.group/board/of/directors,1,True
https://www.amcobank.world/board/of/directors,1,True
https://www.amcobank.zone/board/of/directors,1,True
https://www.amcobank.guide/board/of/directors,1,True
https://www.amcobank.info.ve/board/of/directors,1,True
https://www.amcobank.email/board/of/directors,1,True
https://www.amcobank.ltd/board/of/directors,1,True
https://www.amcobank.vip/board/of/directors,1,True
https://www.amcobank.legal/board/of/directors,1,True
https://www.amcobank.me.uk/board/of/directors,1,True
https://www.amcobank.house/board/of/directors,1,True
https://www.amcobank.fit/board/of/directors,1,True
https://www.amcobank.click/board/of/directors,1,True
https://www.amcobank.com.mx/recurring/deposit,0,False
https://www.amcobank.nl/recurring/deposit,1,True
https://www.amcobank.co.za/recurring/deposit,0,False
https://www.amcobank.asia/recurring/deposit,0,False
https://www.amcobank.org.nz/recurring/deposit,0,False
https://www.amcobank.sg/recurring/deposit,0,False
https://www.amcobank.ph/recurring/deposit,0,False
https://www.amcobank.com.cn/recurring/deposit,0,False
https://www.amcobank.biz/recurring/deposit,0,False
https://www.amcobank.tk/recurring/deposit,1,True
https://www.amcobank.us/recurring/deposit,0,False
https://www.amcobank.net.cn/recurring/deposit,0,False
https://www.amcobank.es/recurring/deposit,0,False
https://www.amcobank.at/recurring/deposit,0,False
https://www.amcobank.help/recurring/deposit,0,False
https://www.amcobank.be/recurring/deposit,0,False
https://www.amcobank.com.ph/recurring/deposit,0,False
https://www.amcobank.com.pl/recurring/deposit,0,False
https://www.amcobank.club/recurring/deposit,0,False
https://www.amcobank.com.co/recurring/deposit,0,False
https://www.amcobank.university/recurring/deposit,0,False
https://www.amcobank.net.au/recurring/deposit,0,False
https://www.amcobank.ws/recurring/deposit,0,False
https://www.amcobank.co/recurring/deposit,0,False
https://www.amcobank.co.nz/recurring/deposit,0,False
https://www.amcobank.com.ve/recurring/deposit,0,False
https://www.amcobank.net.pl/recurring/deposit,1,True
https://www.amcobank.co.in/recurring/deposit,0,False
https://www.amcobank.host/recurring/deposit,0,False
https://www.amcobank.info.pl/recurring/deposit,1,True
https://www.amcobank.mobi/recurring/deposit,1,True
https://www.amcobank.space/recurring/deposit,0,False
https://www.amcobank.pro/recurring/deposit,1,True
https://www.amcobank.la/recurring/deposit,0,False
https://www.amcobank.net.in/recurring/deposit,0,False
https://www.amcobank.org.cn/recurring/deposit,0,False
https://www.amcobank.online/recurring/deposit,0,False
https://www.amcobank.am/recurring/deposit,0,False
https://www.amcobank.live/recurring/deposit,0,False
https://www.amcobank.life/recurring/deposit,0,False
https://www.amcobank.link/recurring/deposit,0,False
https://www.amcobank.center/recurring/deposit,0,False
https://www.amcobank.store/recurring/deposit,0,False
https://www.amcobank.gg/recurring/deposit,1,True
https://www.amcobank.bz/recurring/deposit,0,False
https://www.amcobank.ai/recurring/deposit,0,False
https://www.amcobank.today/recurring/deposit,0,False
https://www.amcobank.website/recurring/deposit,0,False
https://www.amcobank.site/recurring/deposit,0,False
https://www.amcobank.navy/recurring/deposit,0,False
https://www.amcobank.tech/recurring/deposit,0,False
https://www.amcobank.app/recurring/deposit,0,False
https://www.amcobank.services/recurring/deposit,0,False
https://www.amcobank.market/recurring/deposit,0,False
https://www.amcobank.art/recurring/deposit,0,False
https://www.amcobank.team/recurring/deposit,0,False
https://www.amcobank.ink/recurring/deposit,0,False
https://www.amcobank.casa/recurring/deposit,0,False
https://www.amcobank.tips/recurring/deposit,0,False
https://www.amcobank.ms/recurring/deposit,1,True
https://www.amcobank.social/recurring/deposit,0,False
https://www.amcobank.group/recurring/deposit,0,False
https://www.amcobank.world/recurring/deposit,0,False
https://www.amcobank.zone/recurring/deposit,0,False
https://www.amcobank.guide/recurring/deposit,0,False
https://www.amcobank.info.ve/recurring/deposit,1,True
https://www.amcobank.email/recurring/deposit,0,False
https://www.amcobank.ltd/recurring/deposit,0,False
https://www.amcobank.vip/recurring/deposit,0,False
https://www.amcobank.legal/recurring/deposit,0,False
https://www.amcobank.me.uk/recurring/deposit,0,False
https://www.amcobank.house/recurring/deposit,0,False
https://www.amcobank.studio/recurring/deposit,1,True
https://www.amcobank.rocks/recurring/deposit,0,False
https://www.amcobank.support/recurring/deposit,0,False
https://www.amcobank.company/recurring/deposit,0,False
https://www.amcobank.fun/recurring/deposit,0,False
https://www.amcobank.work/recurring/deposit,0,False
https://www.amcobank.expert/recurring/deposit,0,False
https://www.amcobank.tw/recurring/deposit,1,True
https://www.amcobank.hosting/recurring/deposit,0,False
https://www.amcobank.org.pe/recurring/deposit,0,False
https://www.amcobank.cloud/recurring/deposit,1,True
https://www.amcobank.com.es/recurring/deposit,0,False
https://www.amcobank.clinic/recurring/deposit,0,False
https://www.amcobank.business/recurring/deposit,0,False
https://www.amcobank.cash/recurring/deposit,0,False
https://www.amcobank.army/recurring/deposit,0,False
https://www.amcobank.news/recurring/deposit,0,False
https://www.amcobank.network/recurring/deposit,0,False
https://www.amcobank.trade/recurring/deposit,0,False
https://www.amcobank.best/recurring/deposit,0,False
https://www.amcobank.gold/recurring/deposit,0,False
https://www.amcobank.fit/recurring/deposit,0,False
https://www.amcobank.click/recurring/deposit,1,True
https://www.amcobank.com.mx/car/loan,1,True
https://www.amcobank.nl/car/loan,1,True
https://www.amcobank.co.za/car/loan,0,False
https://www.amcobank.com.au/car/loan,0,False
https://www.amcobank.ch/car/loan,0,False
https://www.amcobank.xyz/car/loan,1,True
https://www.amcobank.org.uk/car/loan,0,False
https://www.amcobank.ca/car/loan,0,False
https://www.amcobank.asia/car/loan,1,True
https://www.amcobank.org.nz/car/loan,1,True
https://www.amcobank.sg/car/loan,1,True
https://www.amcobank.ph/car/loan,1,True
https://www.amcobank.com.cn/car/loan,1,True
https://www.amcobank.biz/car/loan,1,True
https://www.amcobank.tk/car/loan,1,True
https://www.amcobank.us/car/loan,0,False
https://www.amcobank.net.cn/car/loan,1,True
https://www.amcobank.es/car/loan,1,True
https://www.amcobank.at/car/loan,1,True
https://www.amcobank.help/car/loan,1,True
https://www.amcobank.be/car/loan,1,True
https://www.amcobank.com.ph/car/loan,1,True
https://www.amcobank.com.pl/car/loan,1,True
https://www.amcobank.club/car/loan,0,False
https://www.amcobank.com.co/car/loan,1,True
https://www.amcobank.university/car/loan,1,True
https://www.amcobank.net.au/car/loan,1,True
https://www.amcobank.ws/car/loan,1,True
https://www.amcobank.co/car/loan,1,True
https://www.amcobank.co.nz/car/loan,0,False
https://www.amcobank.com.ve/car/loan,1,True
https://www.amcobank.net.pl/car/loan,1,True
https://www.amcobank.co.in/car/loan,0,False
https://www.amcobank.host/car/loan,1,True
https://www.amcobank.info.pl/car/loan,1,True
https://www.amcobank.mobi/car/loan,1,True
https://www.amcobank.space/car/loan,0,False
https://www.amcobank.pro/car/loan,1,True
https://www.amcobank.la/car/loan,1,True
https://www.amcobank.net.in/car/loan,1,True
https://www.amcobank.org.cn/car/loan,1,True
https://www.amcobank.online/car/loan,1,True
https://www.amcobank.am/car/loan,1,True
https://www.amcobank.live/car/loan,1,True
https://www.amcobank.life/car/loan,1,True
https://www.amcobank.link/car/loan,1,True
https://www.amcobank.center/car/loan,1,True
https://www.amcobank.store/car/loan,1,True
https://www.amcobank.gg/car/loan,1,True
https://www.amcobank.bz/car/loan,1,True
https://www.amcobank.ai/car/loan,1,True
https://www.amcobank.today/car/loan,1,True
https://www.amcobank.website/car/loan,1,True
https://www.amcobank.site/car/loan,1,True
https://www.amcobank.navy/car/loan,1,True
https://www.amcobank.tech/car/loan,1,True
https://www.amcobank.app/car/loan,1,True
https://www.amcobank.services/car/loan,0,False
https://www.amcobank.market/car/loan,1,True
https://www.amcobank.art/car/loan,1,True
https://www.amcobank.team/car/loan,1,True
https://www.amcobank.ink/car/loan,1,True
https://www.amcobank.casa/car/loan,0,False
https://www.amcobank.tips/car/loan,1,True
https://www.amcobank.ms/car/loan,1,True
https://www.amcobank.social/car/loan,1,True
https://www.amcobank.group/car/loan,1,True
https://www.amcobank.world/car/loan,1,True
https://www.amcobank.zone/car/loan,1,True
https://www.amcobank.guide/car/loan,0,False
https://www.amcobank.info.ve/car/loan,1,True
https://www.amcobank.email/car/loan,1,True
https://www.amcobank.ltd/car/loan,1,True
https://www.amcobank.vip/car/loan,1,True
https://www.amcobank.legal/car/loan,1,True
https://www.amcobank.me.uk/car/loan,1,True
https://www.amcobank.house/car/loan,1,True
https://www.amcobank.studio/car/loan,1,True
https://www.amcobank.rocks/car/loan,0,False
https://www.amcobank.support/car/loan,1,True
https://www.amcobank.company/car/loan,0,False
https://www.amcobank.fun/car/loan,1,True
https://www.amcobank.work/car/loan,1,True
https://www.amcobank.expert/car/loan,1,True
https://www.amcobank.tw/car/loan,1,True
https://www.amcobank.hosting/car/loan,1,True
https://www.amcobank.org.pe/car/loan,1,True
https://www.amcobank.cloud/car/loan,1,True
https://www.amcobank.com.es/car/loan,1,True
https://www.amcobank.clinic/car/loan,0,False
https://www.amcobank.business/car/loan,0,False
https://www.amcobank.cash/car/loan,1,True
https://www.amcobank.army/car/loan,1,True
https://www.amcobank.news/car/loan,1,True
https://www.amcobank.network/car/loan,1,True
https://www.amcobank.trade/car/loan,1,True
https://www.amcobank.best/car/loan,1,True
https://www.amcobank.gold/car/loan,1,True
https://www.amcobank.fit/car/loan,1,True
https://www.amcobank.click/car/loan,1,True
https://www.amcobank.com.mx/business/loan,0,False
https://www.amcobank.nl/business/loan,0,False
https://www.amcobank.co.za/business/loan,0,False
https://www.amcobank.com.au/business/loan,0,False
https://www.amcobank.ch/business/loan,0,False
https://www.amcobank.xyz/business/loan,1,True
https://www.amcobank.org.uk/business/loan,0,False
https://www.amcobank.ca/business/loan,0,False
https://www.amcobank.asia/business/loan,0,False
https://www.amcobank.org.nz/business/loan,0,False
https://www.amcobank.sg/business/loan,0,False
https://www.amcobank.ph/business/loan,0,False
https://www.amcobank.com.cn/business/loan,0,False
https://www.amcobank.biz/business/loan,0,False
https://www.amcobank.tk/business/loan,1,True
https://www.amcobank.us/business/loan,0,False
https://www.amcobank.net.cn/business/loan,0,False
https://www.amcobank.es/business/loan,0,False
https://www.amcobank.at/business/loan,0,False
https://www.amcobank.help/business/loan,0,False
https://www.amcobank.be/business/loan,0,False
https://www.amcobank.com.ph/business/loan,0,False
https://www.amcobank.com.pl/business/loan,0,False
https://www.amcobank.club/business/loan,0,False
https://www.amcobank.com.co/business/loan,0,False
https://www.amcobank.university/business/loan,0,False
https://www.amcobank.net.au/business/loan,0,False
https://www.amcobank.ws/business/loan,0,False
https://www.amcobank.co/business/loan,0,False
https://www.amcobank.co.nz/business/loan,0,False
https://www.amcobank.com.ve/business/loan,0,False
https://www.amcobank.net.pl/business/loan,1,True
https://www.amcobank.co.in/business/loan,0,False
https://www.amcobank.host/business/loan,0,False
https://www.amcobank.info.pl/business/loan,1,True
https://www.amcobank.mobi/business/loan,1,True
https://www.amcobank.space/business/loan,0,False
https://www.amcobank.pro/business/loan,1,True
https://www.amcobank.la/business/loan,0,False
https://www.amcobank.net.in/business/loan,0,False
https://www.amcobank.org.cn/business/loan,0,False
https://www.amcobank.online/business/loan,0,False
https://www.amcobank.am/business/loan,0,False
https://www.amcobank.live/business/loan,0,False
https://www.amcobank.life/business/loan,0,False
https://www.amcobank.link/business/loan,0,False
https://www.amcobank.center/business/loan,0,False
https://www.amcobank.store/business/loan,1,True
https://www.amcobank.gg/business/loan,1,True
https://www.amcobank.bz/business/loan,0,False
https://www.amcobank.ai/business/loan,0,False
https://www.amcobank.today/business/loan,0,False
https://www.amcobank.website/business/loan,0,False
https://www.amcobank.site/business/loan,0,False
https://www.amcobank.navy/business/loan,0,False
https://www.amcobank.tech/business/loan,0,False
https://www.amcobank.app/business/loan,0,False
https://www.amcobank.services/business/loan,0,False
https://www.amcobank.market/business/loan,0,False
https://www.amcobank.art/business/loan,0,False
https://www.amcobank.team/business/loan,0,False
https://www.amcobank.ink/business/loan,0,False
https://www.amcobank.casa/business/loan,0,False
https://www.amcobank.tips/business/loan,0,False
https://www.amcobank.ms/business/loan,1,True
https://www.amcobank.social/business/loan,0,False
https://www.amcobank.group/business/loan,0,False
https://www.amcobank.world/business/loan,0,False
https://www.amcobank.zone/business/loan,0,False
https://www.amcobank.guide/business/loan,0,False
https://www.amcobank.info.ve/business/loan,0,False
https://www.amcobank.email/business/loan,0,False
https://www.amcobank.ltd/business/loan,0,False
https://www.amcobank.vip/business/loan,0,False
https://www.amcobank.legal/business/loan,0,False
https://www.amcobank.me.uk/business/loan,0,False
https://www.amcobank.house/business/loan,0,False
https://www.amcobank.studio/business/loan,1,True
https://www.amcobank.rocks/business/loan,0,False
https://www.amcobank.support/business/loan,0,False
https://www.amcobank.company/business/loan,0,False
https://www.amcobank.fun/business/loan,0,False
https://www.amcobank.work/business/loan,0,False
https://www.amcobank.expert/business/loan,1,True
https://www.amcobank.tw/business/loan,0,False
https://www.amcobank.hosting/business/loan,0,False
https://www.amcobank.org.pe/business/loan,0,False
https://www.amcobank.cloud/business/loan,1,True
https://www.amcobank.com.es/business/loan,0,False
https://www.amcobank.clinic/business/loan,0,False
https://www.amcobank.business/business/loan,0,False
https://www.amcobank.cash/business/loan,0,False
https://www.amcobank.army/business/loan,0,False
https://www.amcobank.news/business/loan,0,False
https://www.amcobank.network/business/loan,0,False
https://www.amcobank.trade/business/loan,0,False
https://www.amcobank.best/business/loan,0,False
https://www.amcobank.gold/business/loan,0,False
https://www.amcobank.global/business/loan,0,False
https://www.amcobank.ag/business/loan,0,False
https://www.amcobank.agency/business/loan,0,False
https://www.amcobank.ind.in/business/loan,0,False
https://www.amcobank.farm/business/loan,0,False
https://www.amcobank.love/business/loan,0,False
https://www.amcobank.fit/business/loan,0,False
https://www.amcobank.click/business/loan,1,True
http://www.akoladcc.ph/bank/enquiry,1,True
http://www.akoladcc.com.cn/bank/enquiry,1,True
http://www.akoladcc.biz/bank/enquiry,1,True
http://www.akoladcc.tk/bank/enquiry,1,True
http://www.akoladcc.us/bank/enquiry,1,True
http://www.akoladcc.net.cn/bank/enquiry,1,True
http://www.akoladcc.es/bank/enquiry,1,True
http://www.akoladcc.at/bank/enquiry,1,True
http://www.akoladcc.help/bank/enquiry,1,True
http://www.akoladcc.be/bank/enquiry,1,True
http://www.akoladcc.com.ph/bank/enquiry,1,True
http://www.akoladcc.com.pl/bank/enquiry,1,True
http://www.akoladcc.club/bank/enquiry,1,True
http://www.akoladcc.com.co/bank/enquiry,1,True
http://www.akoladcc.university/bank/enquiry,1,True
http://www.akoladcc.net.au/bank/enquiry,1,True
http://www.akoladcc.ws/bank/enquiry,1,True
http://www.akoladcc.co/bank/enquiry,1,True
http://www.akoladcc.gg/bank/enquiry,1,True
http://www.akoladcc.bz/bank/enquiry,1,True
http://www.akoladcc.ai/bank/enquiry,1,True
http://www.akoladcc.today/bank/enquiry,1,True
http://www.akoladcc.website/bank/enquiry,1,True
http://www.akoladcc.site/bank/enquiry,1,True
http://www.akoladcc.navy/bank/enquiry,1,True
http://www.akoladcc.tech/bank/enquiry,1,True
http://www.akoladcc.app/bank/enquiry,1,True
http://www.akoladcc.services/bank/enquiry,1,True
http://www.akoladcc.market/bank/enquiry,1,True
http://www.akoladcc.art/bank/enquiry,1,True
http://www.akoladcc.team/bank/enquiry,1,True
http://www.akoladcc.ink/bank/enquiry,1,True
http://www.akoladcc.casa/bank/enquiry,1,True
http://www.akoladcc.tips/bank/enquiry,1,True
http://www.akoladcc.ms/bank/enquiry,1,True
http://www.akoladcc.social/bank/enquiry,1,True
http://www.akoladcc.group/bank/enquiry,1,True
http://www.akoladcc.world/bank/enquiry,1,True
http://www.akoladcc.zone/bank/enquiry,1,True
http://www.akoladcc.guide/bank/enquiry,0,False
http://www.akoladcc.info.ve/bank/enquiry,1,True
http://www.akoladcc.email/bank/enquiry,1,True
http://www.akoladcc.ltd/bank/enquiry,1,True
http://www.akoladcc.vip/bank/enquiry,1,True
http://www.akoladcc.legal/bank/enquiry,1,True
http://www.akoladcc.fit/bank/enquiry,1,True
http://www.akoladcc.click/bank/enquiry,1,True
http://www.almoraurbanbank.com.au,0,False
http://www.almoraurbanbank.ch,0,False
http://www.almoraurbanbank.xyz,0,False
http://www.almoraurbanbank.org.uk,0,False
http://www.almoraurbanbank.ca,0,False
http://www.almoraurbanbank.asia,0,False
http://www.almoraurbanbank.org.nz,0,False
http://www.almoraurbanbank.sg,0,False
http://www.almoraurbanbank.ph,0,False
http://www.almoraurbanbank.com.cn,0,False
http://www.almoraurbanbank.biz,0,False
http://www.almoraurbanbank.tk,0,False
http://www.almoraurbanbank.us,0,False
http://www.almoraurbanbank.net.cn,0,False
http://www.almoraurbanbank.es,0,False
http://www.almoraurbanbank.at,0,False
http://www.almoraurbanbank.help,0,False
http://www.almoraurbanbank.be,0,False
http://www.almoraurbanbank.com.ph,0,False
http://www.almoraurbanbank.com.pl,0,False
http://www.almoraurbanbank.club,0,False
http://www.almoraurbanbank.com.co,0,False
http://www.almoraurbanbank.university,0,False
http://www.almoraurbanbank.online,0,False
http://www.almoraurbanbank.am,0,False
http://www.almoraurbanbank.live,0,False
http://www.almoraurbanbank.life,0,False
http://www.almoraurbanbank.link,0,False
http://www.almoraurbanbank.center,0,False
http://www.almoraurbanbank.store,0,False
http://www.almoraurbanbank.gg,0,False
http://www.almoraurbanbank.bz,0,False
http://www.almoraurbanbank.ai,0,False
http://www.almoraurbanbank.today,0,False
http://www.almoraurbanbank.website,0,False
http://www.almoraurbanbank.site,0,False
http://www.almoraurbanbank.navy,0,False
http://www.almoraurbanbank.tech,0,False
http://www.almoraurbanbank.app,0,False
http://www.almoraurbanbank.services,0,False
http://www.almoraurbanbank.market,0,False
http://www.almoraurbanbank.art,0,False
http://www.almoraurbanbank.team,0,False
http://www.almoraurbanbank.ink,0,False
http://www.almoraurbanbank.casa,0,False
http://www.almoraurbanbank.tips,0,False
http://www.almoraurbanbank.ms,0,False
http://www.almoraurbanbank.social,0,False
http://www.almoraurbanbank.group,0,False
http://www.almoraurbanbank.fit,0,False
http://www.almoraurbanbank.click,0,False
http://www.almoraurbanbank.com.au/inner/banking.aspx?id,0,False
http://www.almoraurbanbank.ch/inner/banking.aspx?id,0,False
http://www.almoraurbanbank.xyz/inner/banking.aspx?id,1,True
http://www.almoraurbanbank.org.uk/inner/banking.aspx?id,0,False
http://www.almoraurbanbank.ca/inner/banking.aspx?id,0,False
http://www.almoraurbanbank.asia/inner/banking.aspx?id,0,False
http://www.almoraurbanbank.org.nz/inner/banking.aspx?id,0,False
http://www.almoraurbanbank.sg/inner/banking.aspx?id,0,False
http://www.almoraurbanbank.ph/inner/banking.aspx?id,0,False
http://www.almoraurbanbank.com.cn/inner/banking.aspx?id,0,False
http://www.almoraurbanbank.biz/inner/banking.aspx?id,0,False
http://www.almoraurbanbank.tk/inner/banking.aspx?id,1,True
http://www.almoraurbanbank.us/inner/banking.aspx?id,0,False
http://www.almoraurbanbank.net.cn/inner/banking.aspx?id,1,True
http://www.almoraurbanbank.es/inner/banking.aspx?id,0,False
http://www.almoraurbanbank.at/inner/banking.aspx?id,0,False
http://www.almoraurbanbank.help/inner/banking.aspx?id,0,False
http://www.almoraurbanbank.be/inner/banking.aspx?id,0,False
http://www.almoraurbanbank.com.ph/inner/banking.aspx?id,0,False
http://www.almoraurbanbank.com.pl/inner/banking.aspx?id,0,False
http://www.almoraurbanbank.club/inner/banking.aspx?id,0,False
http://www.almoraurbanbank.com.co/inner/banking.aspx?id,0,False
http://www.almoraurbanbank.university/inner/banking.aspx?id,0,False
http://www.almoraurbanbank.net.au/inner/banking.aspx?id,0,False
http://www.almoraurbanbank.ws/inner/banking.aspx?id,0,False
http://www.almoraurbanbank.co/inner/banking.aspx?id,0,False
http://www.almoraurbanbank.co.nz/inner/banking.aspx?id,0,False
http://www.almoraurbanbank.online/inner/banking.aspx?id,0,False
http://www.almoraurbanbank.am/inner/banking.aspx?id,1,True
http://www.almoraurbanbank.live/inner/banking.aspx?id,0,False
http://www.almoraurbanbank.life/inner/banking.aspx?id,0,False
http://www.almoraurbanbank.link/inner/banking.aspx?id,0,False
http://www.almoraurbanbank.center/inner/banking.aspx?id,0,False
http://www.almoraurbanbank.store/inner/banking.aspx?id,0,False
http://www.almoraurbanbank.gg/inner/banking.aspx?id,1,True
http://www.almoraurbanbank.bz/inner/banking.aspx?id,0,False
http://www.almoraurbanbank.ai/inner/banking.aspx?id,0,False
http://www.almoraurbanbank.today/inner/banking.aspx?id,0,False
http://www.almoraurbanbank.website/inner/banking.aspx?id,0,False
http://www.almoraurbanbank.site/inner/banking.aspx?id,0,False
http://www.almoraurbanbank.navy/inner/banking.aspx?id,0,False
http://www.almoraurbanbank.tech/inner/banking.aspx?id,0,False
http://www.almoraurbanbank.app/inner/banking.aspx?id,0,False
http://www.almoraurbanbank.services/inner/banking.aspx?id,0,False
http://www.almoraurbanbank.market/inner/banking.aspx?id,0,False
http://www.almoraurbanbank.art/inner/banking.aspx?id,0,False
http://www.almoraurbanbank.team/inner/banking.aspx?id,0,False
http://www.almoraurbanbank.ink/inner/banking.aspx?id,0,False
http://www.almoraurbanbank.casa/inner/banking.aspx?id,0,False
http://www.almoraurbanbank.tips/inner/banking.aspx?id,0,False
http://www.almoraurbanbank.ms/inner/banking.aspx?id,0,False
http://www.almoraurbanbank.social/inner/banking.aspx?id,0,False
http://www.almoraurbanbank.group/inner/banking.aspx?id,0,False
http://www.almoraurbanbank.guide/inner/banking.aspx?id,0,False
http://www.almoraurbanbank.info.ve/inner/banking.aspx?id,0,False
http://www.almoraurbanbank.email/inner/banking.aspx?id,1,True
http://www.almoraurbanbank.ltd/inner/banking.aspx?id,0,False
http://www.almoraurbanbank.vip/inner/banking.aspx?id,0,False
http://www.almoraurbanbank.legal/inner/banking.aspx?id,0,False
http://www.almoraurbanbank.me.uk/inner/banking.aspx?id,0,False
http://www.almoraurbanbank.house/inner/banking.aspx?id,0,False
http://www.almoraurbanbank.studio/inner/banking.aspx?id,0,False
http://www.almoraurbanbank.rocks/inner/banking.aspx?id,0,False
http://www.almoraurbanbank.support/inner/banking.aspx?id,0,False
http://www.almoraurbanbank.company/inner/banking.aspx?id,0,False
http://www.almoraurbanbank.fun/inner/banking.aspx?id,0,False
http://www.almoraurbanbank.work/inner/banking.aspx?id,0,False
http://www.almoraurbanbank.expert/inner/banking.aspx?id,0,False
http://www.almoraurbanbank.tw/inner/banking.aspx?id,0,False
http://www.almoraurbanbank.hosting/inner/banking.aspx?id,1,True
http://www.almoraurbanbank.org.pe/inner/banking.aspx?id,0,False
http://www.almoraurbanbank.cloud/inner/banking.aspx?id,1,True
http://www.almoraurbanbank.com.es/inner/banking.aspx?id,0,False
http://www.almoraurbanbank.clinic/inner/banking.aspx?id,0,False
http://www.almoraurbanbank.business/inner/banking.aspx?id,0,False
http://www.almoraurbanbank.fit/inner/banking.aspx?id,0,False
http://www.almoraurbanbank.click/inner/banking.aspx?id,1,True
http://www.almoraurbanbank.com.mx/inner/loans.aspx?id,0,False
http://www.almoraurbanbank.nl/inner/loans.aspx?id,1,True
http://www.almoraurbanbank.co.za/inner/loans.aspx?id,0,False
http://www.almoraurbanbank.com.au/inner/loans.aspx?id,0,False
http://www.almoraurbanbank.ch/inner/loans.aspx?id,0,False
http://www.almoraurbanbank.xyz/inner/loans.aspx?id,1,True
http://www.almoraurbanbank.org.uk/inner/loans.aspx?id,0,False
http://www.almoraurbanbank.ca/inner/loans.aspx?id,0,False
http://www.almoraurbanbank.asia/inner/loans.aspx?id,0,False
http://www.almoraurbanbank.org.nz/inner/loans.aspx?id,0,False
http://www.almoraurbanbank.sg/inner/loans.aspx?id,0,False
http://www.almoraurbanbank.ph/inner/loans.aspx?id,0,False
http://www.almoraurbanbank.com.cn/inner/loans.aspx?id,0,False
http://www.almoraurbanbank.biz/inner/loans.aspx?id,0,False
http://www.almoraurbanbank.tk/inner/loans.aspx?id,1,True
http://www.almoraurbanbank.us/inner/loans.aspx?id,0,False
http://www.almoraurbanbank.net.cn/inner/loans.aspx?id,1,True
http://www.almoraurbanbank.es/inner/loans.aspx?id,0,False
http://www.almoraurbanbank.at/inner/loans.aspx?id,0,False
http://www.almoraurbanbank.help/inner/loans.aspx?id,0,False
http://www.almoraurbanbank.be/inner/loans.aspx?id,0,False
http://www.almoraurbanbank.com.ph/inner/loans.aspx?id,0,False
http://www.almoraurbanbank.com.pl/inner/loans.aspx?id,0,False
http://www.almoraurbanbank.club/inner/loans.aspx?id,0,False
http://www.almoraurbanbank.com.co/inner/loans.aspx?id,0,False
http://www.almoraurbanbank.university/inner/loans.aspx?id,0,False
http://www.almoraurbanbank.net.au/inner/loans.aspx?id,0,False
http://www.almoraurbanbank.ws/inner/loans.aspx?id,0,False
http://www.almoraurbanbank.co/inner/loans.aspx?id,0,False
http://www.almoraurbanbank.co.nz/inner/loans.aspx?id,0,False
http://www.almoraurbanbank.online/inner/loans.aspx?id,1,True
http://www.almoraurbanbank.am/inner/loans.aspx?id,0,False
http://www.almoraurbanbank.live/inner/loans.aspx?id,0,False
http://www.almoraurbanbank.life/inner/loans.aspx?id,0,False
http://www.almoraurbanbank.link/inner/loans.aspx?id,0,False
http://www.almoraurbanbank.center/inner/loans.aspx?id,0,False
http://www.almoraurbanbank.store/inner/loans.aspx?id,0,False
http://www.almoraurbanbank.gg/inner/loans.aspx?id,1,True
http://www.almoraurbanbank.bz/inner/loans.aspx?id,0,False
http://www.almoraurbanbank.ai/inner/loans.aspx?id,0,False
http://www.almoraurbanbank.today/inner/loans.aspx?id,0,False
http://www.almoraurbanbank.website/inner/loans.aspx?id,0,False
http://www.almoraurbanbank.site/inner/loans.aspx?id,0,False
http://www.almoraurbanbank.navy/inner/loans.aspx?id,0,False
http://www.almoraurbanbank.tech/inner/loans.aspx?id,0,False
http://www.almoraurbanbank.app/inner/loans.aspx?id,0,False
http://www.almoraurbanbank.services/inner/loans.aspx?id,0,False
http://www.almoraurbanbank.market/inner/loans.aspx?id,0,False
http://www.almoraurbanbank.art/inner/loans.aspx?id,0,False
http://www.almoraurbanbank.team/inner/loans.aspx?id,0,False
http://www.almoraurbanbank.ink/inner/loans.aspx?id,0,False
http://www.almoraurbanbank.casa/inner/loans.aspx?id,0,False
http://www.almoraurbanbank.tips/inner/loans.aspx?id,0,False
http://www.almoraurbanbank.ms/inner/loans.aspx?id,0,False
http://www.almoraurbanbank.social/inner/loans.aspx?id,0,False
http://www.almoraurbanbank.group/inner/loans.aspx?id,0,False
http://www.almoraurbanbank.world/inner/loans.aspx?id,0,False
http://www.almoraurbanbank.zone/inner/loans.aspx?id,0,False
http://www.almoraurbanbank.guide/inner/loans.aspx?id,0,False
http://www.almoraurbanbank.info.ve/inner/loans.aspx?id,0,False
http://www.almoraurbanbank.email/inner/loans.aspx?id,1,True
http://www.almoraurbanbank.ltd/inner/loans.aspx?id,0,False
http://www.almoraurbanbank.vip/inner/loans.aspx?id,0,False
http://www.almoraurbanbank.legal/inner/loans.aspx?id,0,False
http://www.almoraurbanbank.me.uk/inner/loans.aspx?id,0,False
http://www.almoraurbanbank.house/inner/loans.aspx?id,0,False
http://www.almoraurbanbank.studio/inner/loans.aspx?id,0,False
http://www.almoraurbanbank.rocks/inner/loans.aspx?id,0,False
http://www.almoraurbanbank.support/inner/loans.aspx?id,0,False
http://www.almoraurbanbank.company/inner/loans.aspx?id,0,False
http://www.almoraurbanbank.fun/inner/loans.aspx?id,0,False
http://www.almoraurbanbank.work/inner/loans.aspx?id,0,False
http://www.almoraurbanbank.expert/inner/loans.aspx?id,0,False
http://www.almoraurbanbank.tw/inner/loans.aspx?id,0,False
http://www.almoraurbanbank.hosting/inner/loans.aspx?id,0,False
http://www.almoraurbanbank.org.pe/inner/loans.aspx?id,0,False
http://www.almoraurbanbank.cloud/inner/loans.aspx?id,1,True
http://www.almoraurbanbank.com.es/inner/loans.aspx?id,0,False
http://www.almoraurbanbank.clinic/inner/loans.aspx?id,0,False
http://www.almoraurbanbank.business/inner/loans.aspx?id,0,False
http://www.almoraurbanbank.cash/inner/loans.aspx?id,0,False
http://www.almoraurbanbank.army/inner/loans.aspx?id,0,False
http://www.almoraurbanbank.news/inner/loans.aspx?id,0,False
http://www.almoraurbanbank.network/inner/loans.aspx?id,0,False
http://www.almoraurbanbank.fit/inner/loans.aspx?id,0,False
http://www.almoraurbanbank.click/inner/loans.aspx?id,1,True
http://www.almoraurbanbank.com.mx/financial/progress.aspx,0,False
http://www.almoraurbanbank.nl/financial/progress.aspx,0,False
http://www.almoraurbanbank.co.za/financial/progress.aspx,0,False
http://www.almoraurbanbank.com.au/financial/progress.aspx,0,False
http://www.almoraurbanbank.ch/financial/progress.aspx,0,False
http://www.almoraurbanbank.xyz/financial/progress.aspx,0,False
http://www.almoraurbanbank.org.uk/financial/progress.aspx,0,False
http://www.almoraurbanbank.ca/financial/progress.aspx,0,False
http://www.almoraurbanbank.asia/financial/progress.aspx,0,False
http://www.almoraurbanbank.org.nz/financial/progress.aspx,0,False
http://www.almoraurbanbank.sg/financial/progress.aspx,0,False
http://www.almoraurbanbank.ph/financial/progress.aspx,0,False
http://www.almoraurbanbank.com.cn/financial/progress.aspx,0,False
http://www.almoraurbanbank.biz/financial/progress.aspx,0,False
http://www.almoraurbanbank.tk/financial/progress.aspx,0,False
http://www.almoraurbanbank.us/financial/progress.aspx,0,False
http://www.almoraurbanbank.net.cn/financial/progress.aspx,0,False
http://www.almoraurbanbank.es/financial/progress.aspx,0,False
http://www.almoraurbanbank.at/financial/progress.aspx,0,False
http://www.almoraurbanbank.help/financial/progress.aspx,0,False
http://www.almoraurbanbank.be/financial/progress.aspx,0,False
http://www.almoraurbanbank.com.ph/financial/progress.aspx,0,False
http://www.almoraurbanbank.com.pl/financial/progress.aspx,0,False
http://www.almoraurbanbank.club/financial/progress.aspx,0,False
http://www.almoraurbanbank.com.co/financial/progress.aspx,0,False
http://www.almoraurbanbank.university/financial/progress.aspx,0,False
http://www.almoraurbanbank.net.au/financial/progress.aspx,0,False
http://www.almoraurbanbank.ws/financial/progress.aspx,0,False
http://www.almoraurbanbank.co/financial/progress.aspx,0,False
http://www.almoraurbanbank.co.nz/financial/progress.aspx,0,False
http://www.almoraurbanbank.com.pe/financial/progress.aspx,0,False
http://www.almoraurbanbank.cool/financial/progress.aspx,0,False
http://www.almoraurbanbank.org.ph/financial/progress.aspx,0,False
http://www.almoraurbanbank.gs/financial/progress.aspx,0,False
http://www.almoraurbanbank.co.in/financial/progress.aspx,0,False
http://www.almoraurbanbank.host/financial/progress.aspx,0,False
http://www.almoraurbanbank.info.pl/financial/progress.aspx,0,False
http://www.almoraurbanbank.mobi/financial/progress.aspx,0,False
http://www.almoraurbanbank.space/financial/progress.aspx,0,False
http://www.almoraurbanbank.pro/financial/progress.aspx,0,False
http://www.almoraurbanbank.la/financial/progress.aspx,0,False
http://www.almoraurbanbank.net.in/financial/progress.aspx,0,False
http://www.almoraurbanbank.org.cn/financial/progress.aspx,0,False
http://www.almoraurbanbank.online/financial/progress.aspx,0,False
http://www.almoraurbanbank.am/financial/progress.aspx,0,False
http://www.almoraurbanbank.live/financial/progress.aspx,0,False
http://www.almoraurbanbank.life/financial/progress.aspx,0,False
http://www.almoraurbanbank.link/financial/progress.aspx,0,False
http://www.almoraurbanbank.center/financial/progress.aspx,0,False
http://www.almoraurbanbank.store/financial/progress.aspx,0,False
http://www.almoraurbanbank.gg/financial/progress.aspx,0,False
http://www.almoraurbanbank.bz/financial/progress.aspx,0,False
http://www.almoraurbanbank.ai/financial/progress.aspx,0,False
http://www.almoraurbanbank.today/financial/progress.aspx,0,False
http://www.almoraurbanbank.website/financial/progress.aspx,0,False
http://www.almoraurbanbank.site/financial/progress.aspx,0,False
http://www.almoraurbanbank.navy/financial/progress.aspx,0,False
http://www.almoraurbanbank.tech/financial/progress.aspx,0,False
http://www.almoraurbanbank.app/financial/progress.aspx,0,False
http://www.almoraurbanbank.services/financial/progress.aspx,0,False
http://www.almoraurbanbank.market/financial/progress.aspx,0,False
http://www.almoraurbanbank.art/financial/progress.aspx,0,False
http://www.almoraurbanbank.team/financial/progress.aspx,0,False
http://www.almoraurbanbank.ink/financial/progress.aspx,0,False
http://www.almoraurbanbank.casa/financial/progress.aspx,0,False
http://www.almoraurbanbank.tips/financial/progress.aspx,0,False
http://www.almoraurbanbank.ms/financial/progress.aspx,0,False
http://www.almoraurbanbank.social/financial/progress.aspx,0,False
http://www.almoraurbanbank.group/financial/progress.aspx,0,False
http://www.almoraurbanbank.world/financial/progress.aspx,0,False
http://www.almoraurbanbank.zone/financial/progress.aspx,0,False
http://www.almoraurbanbank.guide/financial/progress.aspx,0,False
http://www.almoraurbanbank.info.ve/financial/progress.aspx,0,False
http://www.almoraurbanbank.email/financial/progress.aspx,0,False
http://www.almoraurbanbank.ltd/financial/progress.aspx,0,False
http://www.almoraurbanbank.vip/financial/progress.aspx,0,False
http://www.almoraurbanbank.legal/financial/progress.aspx,0,False
http://www.almoraurbanbank.me.uk/financial/progress.aspx,0,False
http://www.almoraurbanbank.house/financial/progress.aspx,0,False
http://www.almoraurbanbank.studio/financial/progress.aspx,0,False
http://www.almoraurbanbank.rocks/financial/progress.aspx,0,False
http://www.almoraurbanbank.support/financial/progress.aspx,0,False
http://www.almoraurbanbank.company/financial/progress.aspx,0,False
http://www.almoraurbanbank.fun/financial/progress.aspx,0,False
http://www.almoraurbanbank.work/financial/progress.aspx,0,False
http://www.almoraurbanbank.expert/financial/progress.aspx,0,False
http://www.almoraurbanbank.tw/financial/progress.aspx,0,False
http://www.almoraurbanbank.hosting/financial/progress.aspx,0,False
http://www.almoraurbanbank.org.pe/financial/progress.aspx,0,False
http://www.almoraurbanbank.cloud/financial/progress.aspx,0,False
http://www.almoraurbanbank.com.es/financial/progress.aspx,0,False
http://www.almoraurbanbank.clinic/financial/progress.aspx,0,False
http://www.almoraurbanbank.business/financial/progress.aspx,0,False
http://www.almoraurbanbank.cash/financial/progress.aspx,0,False
http://www.almoraurbanbank.army/financial/progress.aspx,0,False
http://www.almoraurbanbank.news/financial/progress.aspx,0,False
http://www.almoraurbanbank.network/financial/progress.aspx,0,False
http://www.almoraurbanbank.fit/financial/progress.aspx,0,False
http://www.almoraurbanbank.click/financial/progress.aspx,0,False
https://www.apcob.nl/login,1,True
https://www.apcob.co.za/login,1,True
https://www.apcob.com.au/login,1,True
https://www.apcob.ch/login,1,True
https://www.apcob.xyz/login,1,True
https://www.apcob.org.uk/login,1,True
https://www.apcob.ca/login,1,True
https://www.apcob.asia/login,1,True
https://www.apcob.org.nz/login,1,True
https://www.apcob.sg/login,1,True
https://www.apcob.ph/login,1,True
https://www.apcob.com.cn/login,1,True
https://www.apcob.biz/login,1,True
https://www.apcob.host/login,1,True
https://www.apcob.info.pl/login,1,True
https://www.apcob.mobi/login,1,True
https://www.apcob.space/login,1,True
https://www.apcob.pro/login,1,True
https://www.apcob.la/login,1,True
https://www.apcob.net.in/login,1,True
https://www.apcob.org.cn/login,1,True
https://www.apcob.online/login,1,True
https://www.apcob.am/login,1,True
https://www.apcob.live/login,1,True
https://www.apcob.life/login,1,True
https://www.apcob.link/login,1,True
https://www.apcob.center/login,1,True
https://www.apcob.store/login,1,True
https://www.apcob.gg/login,1,True
https://www.apcob.bz/login,1,True
https://www.apcob.ai/login,1,True
https://www.apcob.today/login,1,True
https://www.apcob.website/login,1,True
https://www.apcob.network/login,1,True
https://www.apcob.trade/login,1,True
https://www.apcob.best/login,1,True
https://www.apcob.gold/login,1,True
https://www.apcob.global/login,1,True
https://www.apcob.ag/login,1,True
https://www.apcob.agency/login,1,True
https://www.apcob.ind.in/login,1,True
https://www.apcob.farm/login,1,True
https://www.apcob.love/login,1,True
https://www.apcob.fit/login,1,True
https://www.apcob.click/login,1,True
https://www.apcob.nl/contact,1,True
https://www.apcob.co.za/contact,1,True
https://www.apcob.com.au/contact,1,True
https://www.apcob.ch/contact,1,True
https://www.apcob.xyz/contact,1,True
https://www.apcob.org.uk/contact,1,True
https://www.apcob.ca/contact,1,True
https://www.apcob.asia/contact,1,True
https://www.apcob.org.nz/contact,1,True
https://www.apcob.sg/contact,1,True
https://www.apcob.ph/contact,1,True
https://www.apcob.com.cn/contact,1,True
https://www.apcob.biz/contact,1,True
https://www.apcob.us/contact,1,True
https://www.apcob.net.cn/contact,1,True
https://www.apcob.es/contact,1,True
https://www.apcob.at/contact,1,True
https://www.apcob.help/contact,1,True
https://www.apcob.be/contact,1,True
https://www.apcob.com.ph/contact,1,True
https://www.apcob.host/contact,1,True
https://www.apcob.info.pl/contact,1,True
https://www.apcob.mobi/contact,1,True
https://www.apcob.space/contact,1,True
https://www.apcob.pro/contact,1,True
https://www.apcob.la/contact,1,True
https://www.apcob.net.in/contact,1,True
https://www.apcob.org.cn/contact,1,True
https://www.apcob.online/contact,1,True
https://www.apcob.am/contact,1,True
https://www.apcob.live/contact,1,True
https://www.apcob.life/contact,1,True
https://www.apcob.link/contact,1,True
https://www.apcob.center/contact,1,True
https://www.apcob.store/contact,1,True
https://www.apcob.gg/contact,1,True
https://www.apcob.bz/contact,1,True
https://www.apcob.ai/contact,1,True
https://www.apcob.today/contact,1,True
https://www.apcob.website/contact,1,True
https://www.apcob.site/contact,1,True
https://www.apcob.navy/contact,1,True
https://www.apcob.tech/contact,1,True
https://www.apcob.app/contact,1,True
https://www.apcob.services/contact,1,True
https://www.apcob.market/contact,1,True
https://www.apcob.art/contact,1,True
https://www.apcob.team/contact,1,True
https://www.apcob.ink/contact,1,True
https://www.apcob.casa/contact,1,True
https://www.apcob.tips/contact,1,True
https://www.apcob.ms/contact,1,True
https://www.apcob.social/contact,1,True
https://www.apcob.group/contact,1,True
https://www.apcob.world/contact,1,True
https://www.apcob.zone/contact,1,True
https://www.apcob.guide/contact,0,False
https://www.apcob.info.ve/contact,1,True
https://www.apcob.email/contact,1,True
https://www.apcob.ltd/contact,1,True
https://www.apcob.vip/contact,1,True
https://www.apcob.legal/contact,1,True
https://www.apcob.network/contact,1,True
https://www.apcob.trade/contact,1,True
https://www.apcob.best/contact,1,True
https://www.apcob.gold/contact,1,True
https://www.apcob.global/contact,1,True
https://www.apcob.ag/contact,1,True
https://www.apcob.agency/contact,1,True
https://www.apcob.ind.in/contact,1,True
https://www.apcob.farm/contact,1,True
https://www.apcob.love/contact,1,True
https://www.apcob.fit/contact,1,True
https://www.apcob.click/contact,1,True
https://www.apcob.nl/organisation/chart,1,True
https://www.apcob.co.za/organisation/chart,1,True
https://www.apcob.com.au/organisation/chart,1,True
https://www.apcob.ch/organisation/chart,1,True
https://www.apcob.xyz/organisation/chart,1,True
https://www.apcob.org.uk/organisation/chart,0,False
https://www.apcob.ca/organisation/chart,1,True
https://www.apcob.asia/organisation/chart,1,True
https://www.apcob.org.nz/organisation/chart,0,False
https://www.apcob.sg/organisation/chart,1,True
https://www.apcob.ph/organisation/chart,1,True
https://www.apcob.com.cn/organisation/chart,1,True
https://www.apcob.biz/organisation/chart,1,True
https://www.apcob.us/organisation/chart,1,True
https://www.apcob.net.cn/organisation/chart,1,True
https://www.apcob.es/organisation/chart,1,True
https://www.apcob.at/organisation/chart,1,True
https://www.apcob.help/organisation/chart,1,True
https://www.apcob.be/organisation/chart,1,True
https://www.apcob.com.ph/organisation/chart,1,True
https://www.apcob.club/organisation/chart,1,True
https://www.apcob.com.co/organisation/chart,1,True
https://www.apcob.university/organisation/chart,1,True
https://www.apcob.net.au/organisation/chart,1,True
https://www.apcob.ws/organisation/chart,1,True
https://www.apcob.co/organisation/chart,1,True
https://www.apcob.co.nz/organisation/chart,1,True
https://www.apcob.com.ve/organisation/chart,1,True
https://www.apcob.net.pl/organisation/chart,1,True
https://www.apcob.org.au/organisation/chart,1,True
https://www.apcob.com.pe/organisation/chart,1,True
https://www.apcob.cool/organisation/chart,1,True
https://www.apcob.org.ph/organisation/chart,1,True
https://www.apcob.host/organisation/chart,1,True
https://www.apcob.info.pl/organisation/chart,1,True
https://www.apcob.mobi/organisation/chart,1,True
https://www.apcob.space/organisation/chart,1,True
https://www.apcob.pro/organisation/chart,1,True
https://www.apcob.la/organisation/chart,1,True
https://www.apcob.net.in/organisation/chart,1,True
https://www.apcob.org.cn/organisation/chart,1,True
https://www.apcob.online/organisation/chart,1,True
https://www.apcob.am/organisation/chart,1,True
https://www.apcob.live/organisation/chart,1,True
https://www.apcob.life/organisation/chart,1,True
https://www.apcob.link/organisation/chart,1,True
https://www.apcob.center/organisation/chart,1,True
https://www.apcob.store/organisation/chart,1,True
https://www.apcob.gg/organisation/chart,1,True
https://www.apcob.bz/organisation/chart,1,True
https://www.apcob.ai/organisation/chart,1,True
https://www.apcob.today/organisation/chart,1,True
https://www.apcob.website/organisation/chart,1,True
https://www.apcob.site/organisation/chart,1,True
https://www.apcob.navy/organisation/chart,1,True
https://www.apcob.tech/organisation/chart,1,True
https://www.apcob.app/organisation/chart,1,True
https://www.apcob.services/organisation/chart,1,True
https://www.apcob.market/organisation/chart,1,True
https://www.apcob.art/organisation/chart,1,True
https://www.apcob.team/organisation/chart,1,True
https://www.apcob.ink/organisation/chart,1,True
https://www.apcob.casa/organisation/chart,1,True
https://www.apcob.tips/organisation/chart,1,True
https://www.apcob.ms/organisation/chart,1,True
https://www.apcob.social/organisation/chart,1,True
https://www.apcob.group/organisation/chart,1,True
https://www.apcob.world/organisation/chart,1,True
https://www.apcob.zone/organisation/chart,1,True
https://www.apcob.guide/organisation/chart,0,False
https://www.apcob.info.ve/organisation/chart,1,True
https://www.apcob.email/organisation/chart,1,True
https://www.apcob.ltd/organisation/chart,1,True
https://www.apcob.vip/organisation/chart,1,True
https://www.apcob.legal/organisation/chart,1,True
https://www.apcob.expert/organisation/chart,1,True
https://www.apcob.tw/organisation/chart,1,True
https://www.apcob.hosting/organisation/chart,1,True
https://www.apcob.org.pe/organisation/chart,1,True
https://www.apcob.cloud/organisation/chart,1,True
https://www.apcob.com.es/organisation/chart,1,True
https://www.apcob.clinic/organisation/chart,1,True
https://www.apcob.business/organisation/chart,1,True
https://www.apcob.cash/organisation/chart,1,True
https://www.apcob.army/organisation/chart,1,True
https://www.apcob.news/organisation/chart,1,True
https://www.apcob.network/organisation/chart,1,True
https://www.apcob.trade/organisation/chart,1,True
https://www.apcob.best/organisation/chart,1,True
https://www.apcob.gold/organisation/chart,1,True
https://www.apcob.global/organisation/chart,1,True
https://www.apcob.ag/organisation/chart,1,True
https://www.apcob.agency/organisation/chart,1,True
https://www.apcob.ind.in/organisation/chart,1,True
https://www.apcob.farm/organisation/chart,1,True
https://www.apcob.love/organisation/chart,1,True
https://www.apcob.fit/organisation/chart,1,True
https://www.apcob.click/organisation/chart,1,True
https://www.apcob.nl/email/ids/of/ceos,1,True
https://www.apcob.co.za/email/ids/of/ceos,1,True
https://www.apcob.com.au/email/ids/of/ceos,1,True
https://www.apcob.ch/email/ids/of/ceos,1,True
https://www.apcob.xyz/email/ids/of/ceos,1,True
https://www.apcob.org.uk/email/ids/of/ceos,1,True
https://www.apcob.ca/email/ids/of/ceos,1,True
https://www.apcob.asia/email/ids/of/ceos,1,True
https://www.apcob.org.nz/email/ids/of/ceos,1,True
https://www.apcob.sg/email/ids/of/ceos,1,True
https://www.apcob.ph/email/ids/of/ceos,1,True
https://www.apcob.com.cn/email/ids/of/ceos,1,True
https://www.apcob.biz/email/ids/of/ceos,1,True
https://www.apcob.us/email/ids/of/ceos,1,True
https://www.apcob.net.cn/email/ids/of/ceos,1,True
https://www.apcob.es/email/ids/of/ceos,1,True
https://www.apcob.at/email/ids/of/ceos,1,True
https://www.apcob.help/email/ids/of/ceos,1,True
https://www.apcob.be/email/ids/of/ceos,1,True
https://www.apcob.com.ph/email/ids/of/ceos,1,True
https://www.apcob.com.pl/email/ids/of/ceos,1,True
https://www.apcob.club/email/ids/of/ceos,1,True
https://www.apcob.com.co/email/ids/of/ceos,1,True
https://www.apcob.university/email/ids/of/ceos,1,True
https://www.apcob.net.au/email/ids/of/ceos,1,True
https://www.apcob.ws/email/ids/of/ceos,1,True
https://www.apcob.co/email/ids/of/ceos,1,True
https://www.apcob.co.nz/email/ids/of/ceos,1,True
https://www.apcob.com.ve/email/ids/of/ceos,1,True
https://www.apcob.net.pl/email/ids/of/ceos,1,True
https://www.apcob.org.au/email/ids/of/ceos,1,True
https://www.apcob.com.pe/email/ids/of/ceos,1,True
https://www.apcob.cool/email/ids/of/ceos,1,True
https://www.apcob.org.ph/email/ids/of/ceos,1,True
https://www.apcob.host/email/ids/of/ceos,1,True
https://www.apcob.info.pl/email/ids/of/ceos,1,True
https://www.apcob.mobi/email/ids/of/ceos,1,True
https://www.apcob.space/email/ids/of/ceos,1,True
https://www.apcob.pro/email/ids/of/ceos,1,True
https://www.apcob.la/email/ids/of/ceos,1,True
https://www.apcob.net.in/email/ids/of/ceos,1,True
https://www.apcob.org.cn/email/ids/of/ceos,1,True
https://www.apcob.online/email/ids/of/ceos,1,True
https://www.apcob.am/email/ids/of/ceos,1,True
https://www.apcob.live/email/ids/of/ceos,1,True
https://www.apcob.life/email/ids/of/ceos,1,True
https://www.apcob.link/email/ids/of/ceos,1,True
https://www.apcob.center/email/ids/of/ceos,1,True
https://www.apcob.store/email/ids/of/ceos,1,True
https://www.apcob.gg/email/ids/of/ceos,1,True
https://www.apcob.bz/email/ids/of/ceos,1,True
https://www.apcob.ai/email/ids/of/ceos,1,True
https://www.apcob.today/email/ids/of/ceos,1,True
https://www.apcob.website/email/ids/of/ceos,1,True
https://www.apcob.site/email/ids/of/ceos,1,True
https://www.apcob.navy/email/ids/of/ceos,1,True
https://www.apcob.tech/email/ids/of/ceos,1,True
https://www.apcob.app/email/ids/of/ceos,1,True
https://www.apcob.services/email/ids/of/ceos,1,True
https://www.apcob.market/email/ids/of/ceos,1,True
https://www.apcob.art/email/ids/of/ceos,1,True
https://www.apcob.team/email/ids/of/ceos,1,True
https://www.apcob.ink/email/ids/of/ceos,1,True
https://www.apcob.casa/email/ids/of/ceos,1,True
https://www.apcob.tips/email/ids/of/ceos,1,True
https://www.apcob.ms/email/ids/of/ceos,1,True
https://www.apcob.social/email/ids/of/ceos,1,True
https://www.apcob.group/email/ids/of/ceos,1,True
https://www.apcob.world/email/ids/of/ceos,1,True
https://www.apcob.zone/email/ids/of/ceos,1,True
https://www.apcob.guide/email/ids/of/ceos,1,True
https://www.apcob.info.ve/email/ids/of/ceos,1,True
https://www.apcob.email/email/ids/of/ceos,1,True
https://www.apcob.ltd/email/ids/of/ceos,1,True
https://www.apcob.vip/email/ids/of/ceos,1,True
https://www.apcob.legal/email/ids/of/ceos,1,True
https://www.apcob.work/email/ids/of/ceos,1,True
https://www.apcob.expert/email/ids/of/ceos,1,True
https://www.apcob.tw/email/ids/of/ceos,1,True
https://www.apcob.hosting/email/ids/of/ceos,1,True
https://www.apcob.org.pe/email/ids/of/ceos,1,True
https://www.apcob.cloud/email/ids/of/ceos,1,True
https://www.apcob.com.es/email/ids/of/ceos,1,True
https://www.apcob.clinic/email/ids/of/ceos,1,True
https://www.apcob.business/email/ids/of/ceos,1,True
https://www.apcob.cash/email/ids/of/ceos,1,True
https://www.apcob.army/email/ids/of/ceos,1,True
https://www.apcob.news/email/ids/of/ceos,1,True
https://www.apcob.network/email/ids/of/ceos,1,True
https://www.apcob.trade/email/ids/of/ceos,1,True
https://www.apcob.best/email/ids/of/ceos,1,True
https://www.apcob.gold/email/ids/of/ceos,1,True
https://www.apcob.global/email/ids/of/ceos,1,True
https://www.apcob.ag/email/ids/of/ceos,1,True
https://www.apcob.agency/email/ids/of/ceos,1,True
https://www.apcob.ind.in/email/ids/of/ceos,1,True
https://www.apcob.farm/email/ids/of/ceos,1,True
https://www.apcob.love/email/ids/of/ceos,1,True
https://www.apcob.fit/email/ids/of/ceos,1,True
https://www.apcob.click/email/ids/of/ceos,1,True
https://www.apcob.nl/about/pacs,1,True
https://www.apcob.co.za/about/pacs,1,True
https://www.apcob.com.au/about/pacs,1,True
https://www.apcob.ch/about/pacs,1,True
https://www.apcob.xyz/about/pacs,1,True
https://www.apcob.org.uk/about/pacs,0,False
https://www.apcob.ca/about/pacs,1,True
https://www.apcob.asia/about/pacs,1,True
https://www.apcob.org.nz/about/pacs,0,False
https://www.apcob.sg/about/pacs,1,True
https://www.apcob.ph/about/pacs,1,True
https://www.apcob.com.cn/about/pacs,1,True
https://www.apcob.biz/about/pacs,1,True
https://www.apcob.us/about/pacs,1,True
https://www.apcob.net.cn/about/pacs,1,True
https://www.apcob.es/about/pacs,1,True
https://www.apcob.at/about/pacs,1,True
https://www.apcob.help/about/pacs,1,True
https://www.apcob.be/about/pacs,1,True
https://www.apcob.com.ph/about/pacs,1,True
https://www.apcob.com.pl/about/pacs,1,True
https://www.apcob.club/about/pacs,1,True
https://www.apcob.com.co/about/pacs,1,True
https://www.apcob.university/about/pacs,1,True
https://www.apcob.net.au/about/pacs,0,False
https://www.apcob.ws/about/pacs,1,True
https://www.apcob.co/about/pacs,1,True
https://www.apcob.co.nz/about/pacs,1,True
https://www.apcob.com.ve/about/pacs,1,True
https://www.apcob.net.pl/about/pacs,1,True
https://www.apcob.org.au/about/pacs,0,False
https://www.apcob.com.pe/about/pacs,1,True
https://www.apcob.cool/about/pacs,1,True
https://www.apcob.org.ph/about/pacs,1,True
https://www.apcob.gs/about/pacs,1,True
https://www.apcob.host/about/pacs,1,True
https://www.apcob.info.pl/about/pacs,1,True
https://www.apcob.mobi/about/pacs,1,True
https://www.apcob.space/about/pacs,1,True
https://www.apcob.pro/about/pacs,1,True
https://www.apcob.la/about/pacs,1,True
https://www.apcob.net.in/about/pacs,0,False
https://www.apcob.org.cn/about/pacs,1,True
https://www.apcob.online/about/pacs,1,True
https://www.apcob.am/about/pacs,1,True
https://www.apcob.live/about/pacs,1,True
https://www.apcob.life/about/pacs,1,True
https://www.apcob.link/about/pacs,1,True
https://www.apcob.center/about/pacs,1,True
https://www.apcob.store/about/pacs,1,True
https://www.apcob.gg/about/pacs,1,True
https://www.apcob.bz/about/pacs,1,True
https://www.apcob.ai/about/pacs,1,True
https://www.apcob.today/about/pacs,1,True
https://www.apcob.website/about/pacs,1,True
https://www.apcob.site/about/pacs,1,True
https://www.apcob.navy/about/pacs,1,True
https://www.apcob.tech/about/pacs,1,True
https://www.apcob.app/about/pacs,1,True
https://www.apcob.services/about/pacs,1,True
https://www.apcob.market/about/pacs,1,True
https://www.apcob.art/about/pacs,1,True
https://www.apcob.team/about/pacs,1,True
https://www.apcob.ink/about/pacs,1,True
https://www.apcob.casa/about/pacs,1,True
https://www.apcob.tips/about/pacs,1,True
https://www.apcob.ms/about/pacs,1,True
https://www.apcob.social/about/pacs,1,True
https://www.apcob.group/about/pacs,0,False
https://www.apcob.world/about/pacs,1,True
https://www.apcob.zone/about/pacs,1,True
https://www.apcob.guide/about/pacs,0,False
https://www.apcob.info.ve/about/pacs,1,True
https://www.apcob.email/about/pacs,1,True
https://www.apcob.ltd/about/pacs,1,True
https://www.apcob.vip/about/pacs,1,True
https://www.apcob.legal/about/pacs,1,True
https://www.apcob.work/about/pacs,1,True
https://www.apcob.expert/about/pacs,1,True
https://www.apcob.tw/about/pacs,1,True
https://www.apcob.hosting/about/pacs,1,True
https://www.apcob.org.pe/about/pacs,1,True
https://www.apcob.cloud/about/pacs,1,True
https://www.apcob.com.es/about/pacs,1,True
https://www.apcob.clinic/about/pacs,1,True
https://www.apcob.business/about/pacs,1,True
https://www.apcob.cash/about/pacs,1,True
https://www.apcob.army/about/pacs,1,True
https://www.apcob.news/about/pacs,1,True
https://www.apcob.network/about/pacs,0,False
https://www.apcob.trade/about/pacs,1,True
https://www.apcob.best/about/pacs,1,True
https://www.apcob.gold/about/pacs,1,True
https://www.apcob.global/about/pacs,1,True
https://www.apcob.ag/about/pacs,1,True
https://www.apcob.agency/about/pacs,1,True
https://www.apcob.ind.in/about/pacs,1,True
https://www.apcob.farm/about/pacs,1,True
https://www.apcob.love/about/pacs,1,True
https://www.apcob.fit/about/pacs,1,True
https://www.apcob.click/about/pacs,1,True
http://www.anz.com.mx/personal/bank/accounts,1,True
http://www.anz.net.in/personal/bank/accounts,1,True
http://www.anz.am/personal/bank/accounts,1,True
http://www.anz.store/personal/bank/accounts,1,True
http://www.anz.gg/personal/bank/accounts,1,True
http://www.anz.site/personal/bank/accounts,1,True
http://www.anz.fit/personal/bank/accounts,1,True
http://www.anz.com.mx/personal/investing/super,0,False
http://www.anz.com.pl/personal/investing/super,0,False
http://www.anz.club/personal/investing/super,0,False
http://www.anz.com.co/personal/investing/super,0,False
http://www.anz.net.in/personal/investing/super,0,False
http://www.anz.am/personal/investing/super,0,False
http://www.anz.store/personal/investing/super,0,False
http://www.anz.gg/personal/investing/super,0,False
http://www.anz.site/personal/investing/super,0,False
http://www.anz.art/personal/investing/super,0,False
http://www.anz.team/personal/investing/super,0,False
http://www.anz.casa/personal/investing/super,0,False
http://www.anz.ms/personal/investing/super,0,False
http://www.anz.info.ve/personal/investing/super,0,False
http://www.anz.me.uk/personal/investing/super,0,False
http://www.anz.studio/personal/investing/super,0,False
http://www.anz.fun/personal/investing/super,0,False
http://www.anz.fit/personal/investing/super,0,False
http://www.anz.com.mx/ways/to/bank/mobile/banking/apps/anz/app?pidcrcflyhpacqanzapp,1,True
http://www.anz.com.pl/ways/to/bank/mobile/banking/apps/anz/app?pidcrcflyhpacqanzapp,1,True
http://www.anz.club/ways/to/bank/mobile/banking/apps/anz/app?pidcrcflyhpacqanzapp,1,True
http://www.anz.com.co/ways/to/bank/mobile/banking/apps/anz/app?pidcrcflyhpacqanzapp,1,True
http://www.anz.net.in/ways/to/bank/mobile/banking/apps/anz/app?pidcrcflyhpacqanzapp,1,True
http://www.anz.am/ways/to/bank/mobile/banking/apps/anz/app?pidcrcflyhpacqanzapp,1,True
http://www.anz.store/ways/to/bank/mobile/banking/apps/anz/app?pidcrcflyhpacqanzapp,1,True
http://www.anz.gg/ways/to/bank/mobile/banking/apps/anz/app?pidcrcflyhpacqanzapp,1,True
http://www.anz.site/ways/to/bank/mobile/banking/apps/anz/app?pidcrcflyhpacqanzapp,1,True
http://www.anz.art/ways/to/bank/mobile/banking/apps/anz/app?pidcrcflyhpacqanzapp,1,True
http://www.anz.team/ways/to/bank/mobile/banking/apps/anz/app?pidcrcflyhpacqanzapp,1,True
http://www.anz.casa/ways/to/bank/mobile/banking/apps/anz/app?pidcrcflyhpacqanzapp,1,True
http://www.anz.ms/ways/to/bank/mobile/banking/apps/anz/app?pidcrcflyhpacqanzapp,1,True
http://www.anz.info.ve/ways/to/bank/mobile/banking/apps/anz/app?pidcrcflyhpacqanzapp,1,True
http://www.anz.me.uk/ways/to/bank/mobile/banking/apps/anz/app?pidcrcflyhpacqanzapp,1,True
http://www.anz.studio/ways/to/bank/mobile/banking/apps/anz/app?pidcrcflyhpacqanzapp,1,True
http://www.anz.fun/ways/to/bank/mobile/banking/apps/anz/app?pidcrcflyhpacqanzapp,1,True
http://www.anz.fit/ways/to/bank/mobile/banking/apps/anz/app?pidcrcflyhpacqanzapp,1,True
http://www.anz.com.mx/business/customer/payments,1,True
http://www.anz.com.pl/business/customer/payments,1,True
http://www.anz.club/business/customer/payments,0,False
http://www.anz.com.co/business/customer/payments,1,True
http://www.anz.net.in/business/customer/payments,0,False
http://www.anz.am/business/customer/payments,1,True
http://www.anz.store/business/customer/payments,1,True
http://www.anz.gg/business/customer/payments,1,True
http://www.anz.site/business/customer/payments,1,True
http://www.anz.art/business/customer/payments,1,True
http://www.anz.team/business/customer/payments,0,False
http://www.anz.casa/business/customer/payments,1,True
http://www.anz.ms/business/customer/payments,1,True
http://www.anz.info.ve/business/customer/payments,1,True
http://www.anz.me.uk/business/customer/payments,0,False
http://www.anz.studio/business/customer/payments,1,True
http://www.anz.fun/business/customer/payments,1,True
http://www.anz.fit/business/customer/payments,1,True
https://branch.axisbank.co.nz?typebranches,0,False
https://branch.axisbank.com.ve?typebranches,0,False
https://branch.axisbank.net.pl?typebranches,0,False
https://branch.axisbank.org.in?typebranches,0,False
https://branch.axisbank.org.au?typebranches,0,False
https://branch.axisbank.com.pe?typebranches,0,False
https://branch.axisbank.cool?typebranches,0,False
https://branch.axisbank.org.ph?typebranches,0,False
https://branch.axisbank.gs?typebranches,1,True
https://branch.axisbank.host?typebranches,1,True
https://branch.axisbank.info.pl?typebranches,0,False
https://branch.axisbank.space?typebranches,1,True
https://branch.axisbank.me.uk?typebranches,0,False
https://branch.axisbank.house?typebranches,1,True
https://branch.axisbank.studio?typebranches,1,True
https://branch.axisbank.rocks?typebranches,1,True
https://branch.axisbank.support?typebranches,1,True
https://branch.axisbank.company?typebranches,0,False
https://branch.axisbank.fun?typebranches,1,True
https://branch.axisbank.work?typebranches,0,False
https://branch.axisbank.expert?typebranches,1,True
https://branch.axisbank.tw?typebranches,0,False
https://branch.axisbank.hosting?typebranches,1,True
https://branch.axisbank.org.pe?typebranches,0,False
https://branch.axisbank.cloud?typebranches,1,True
https://branch.axisbank.com.es?typebranches,0,False
https://branch.axisbank.clinic?typebranches,0,False
https://branch.axisbank.business?typebranches,1,True
https://branch.axisbank.cash?typebranches,0,False
https://branch.axisbank.army?typebranches,0,False
https://branch.axisbank.news?typebranches,1,True
https://branch.axisbank.network?typebranches,1,True
https://branch.axisbank.trade?typebranches,1,True
https://branch.axisbank.best?typebranches,1,True
https://branch.axisbank.gold?typebranches,1,True
https://branch.axisbank.com.pl?typeagriclusters,0,False
https://branch.axisbank.club?typeagriclusters,1,True
https://branch.axisbank.com.co?typeagriclusters,0,False
https://branch.axisbank.university?typeagriclusters,1,True
https://branch.axisbank.net.au?typeagriclusters,1,True
https://branch.axisbank.ws?typeagriclusters,1,True
https://branch.axisbank.co.nz?typeagriclusters,0,False
https://branch.axisbank.com.ve?typeagriclusters,1,True
https://branch.axisbank.net.pl?typeagriclusters,1,True
https://branch.axisbank.org.in?typeagriclusters,0,False
https://branch.axisbank.org.au?typeagriclusters,0,False
https://branch.axisbank.com.pe?typeagriclusters,0,False
https://branch.axisbank.cool?typeagriclusters,0,False
https://branch.axisbank.org.ph?typeagriclusters,1,True
https://branch.axisbank.gs?typeagriclusters,1,True
https://branch.axisbank.host?typeagriclusters,1,True
https://branch.axisbank.info.pl?typeagriclusters,1,True
https://branch.axisbank.space?typeagriclusters,1,True
https://branch.axisbank.me.uk?typeagriclusters,0,False
https://branch.axisbank.house?typeagriclusters,1,True
https://branch.axisbank.studio?typeagriclusters,1,True
https://branch.axisbank.rocks?typeagriclusters,1,True
https://branch.axisbank.support?typeagriclusters,1,True
https://branch.axisbank.company?typeagriclusters,0,False
https://branch.axisbank.fun?typeagriclusters,1,True
https://branch.axisbank.work?typeagriclusters,1,True
https://branch.axisbank.expert?typeagriclusters,1,True
https://branch.axisbank.tw?typeagriclusters,1,True
https://branch.axisbank.hosting?typeagriclusters,1,True
https://branch.axisbank.org.pe?typeagriclusters,1,True
https://branch.axisbank.cloud?typeagriclusters,1,True
https://branch.axisbank.com.es?typeagriclusters,0,False
https://branch.axisbank.clinic?typeagriclusters,0,False
https://branch.axisbank.business?typeagriclusters,1,True
https://branch.axisbank.cash?typeagriclusters,1,True
https://branch.axisbank.army?typeagriclusters,1,True
https://branch.axisbank.news?typeagriclusters,1,True
https://branch.axisbank.network?typeagriclusters,1,True
https://branch.axisbank.trade?typeagriclusters,1,True
https://branch.axisbank.best?typeagriclusters,1,True
https://branch.axisbank.gold?typeagriclusters,1,True
https://branch.axisbank.ag?typeagriclusters,1,True
https://branch.axisbank.agency?typeagriclusters,1,True
https://branch.axisbank.ind.in?typeagriclusters,0,False
https://branch.axisbank.farm?typeagriclusters,0,False
https://branch.axisbank.love?typeagriclusters,1,True
https://www.bofaml.com.ph/content/boa/ml/en/us/home.html,1,True
https://www.bofaml.com.pl/content/boa/ml/en/us/home.html,1,True
https://www.bofaml.club/content/boa/ml/en/us/home.html,1,True
https://www.bofaml.com.co/content/boa/ml/en/us/home.html,0,False
https://www.bofaml.net.au/content/boa/ml/en/us/home.html,0,False
https://www.bofaml.ws/content/boa/ml/en/us/home.html,0,False
https://www.bofaml.co.nz/content/boa/ml/en/us/home.html,0,False
https://www.bofaml.com.ve/content/boa/ml/en/us/home.html,1,True
https://www.bofaml.net.pl/content/boa/ml/en/us/home.html,0,False
https://www.bofaml.org.in/content/boa/ml/en/us/home.html,0,False
https://www.bofaml.org.au/content/boa/ml/en/us/home.html,0,False
https://www.bofaml.com.pe/content/boa/ml/en/us/home.html,0,False
https://www.bofaml.casa/content/boa/ml/en/us/home.html,1,True
https://www.bofaml.ms/content/boa/ml/en/us/home.html,0,False
https://www.bofaml.info.ve/content/boa/ml/en/us/home.html,0,False
https://www.bofaml.vip/content/boa/ml/en/us/home.html,0,False
https://www.bofaml.me.uk/content/boa/ml/en/us/home.html,0,False
https://www.bofaml.fun/content/boa/ml/en/us/home.html,1,True
https://www.bofaml.work/content/boa/ml/en/us/home.html,1,True
https://www.bofaml.org.pe/content/boa/ml/en/us/home.html,1,True
https://www.bankofamerica.com.au,1,True
https://www.bankofamerica.info.pl,1,True
https://www.bankofamerica.ag,1,True
https://www.bankofamerica.ind.in,0,False
https://www.bankofamerica.fit,1,True
https://locators.bankofamerica.com.au,1,True
https://locators.bankofamerica.org.ph,1,True
https://locators.bankofamerica.info.pl,1,True
https://locators.bankofamerica.ag,1,True
https://locators.bankofamerica.ind.in,1,True
https://locators.bankofamerica.fit,1,True
http://www.bbkonline.com.au/pages/default.aspx,0,False
http://www.bbkonline.xyz/pages/default.aspx,0,False
http://www.bbkonline.org.uk/pages/default.aspx,0,False
http://www.bbkonline.ca/pages/default.aspx,0,False
http://www.bbkonline.asia/pages/default.aspx,0,False
http://www.bbkonline.org.nz/pages/default.aspx,0,False
http://www.bbkonline.sg/pages/default.aspx,0,False
http://www.bbkonline.ph/pages/default.aspx,0,False
http://www.bbkonline.com.cn/pages/default.aspx,0,False
http://www.bbkonline.biz/pages/default.aspx,0,False
http://www.bbkonline.tk/pages/default.aspx,1,True
http://www.bbkonline.us/pages/default.aspx,0,False
http://www.bbkonline.net.cn/pages/default.aspx,0,False
http://www.bbkonline.es/pages/default.aspx,0,False
http://www.bbkonline.at/pages/default.aspx,0,False
http://www.bbkonline.help/pages/default.aspx,0,False
http://www.bbkonline.be/pages/default.aspx,0,False
http://www.bbkonline.com.ph/pages/default.aspx,0,False
http://www.bbkonline.com.pl/pages/default.aspx,0,False
http://www.bbkonline.club/pages/default.aspx,0,False
http://www.bbkonline.online/pages/default.aspx,0,False
http://www.bbkonline.am/pages/default.aspx,0,False
http://www.bbkonline.live/pages/default.aspx,0,False
http://www.bbkonline.life/pages/default.aspx,0,False
http://www.bbkonline.link/pages/default.aspx,0,False
http://www.bbkonline.center/pages/default.aspx,0,False
http://www.bbkonline.store/pages/default.aspx,0,False
http://www.bbkonline.gg/pages/default.aspx,0,False
http://www.bbkonline.bz/pages/default.aspx,0,False
http://www.bbkonline.ai/pages/default.aspx,0,False
http://www.bbkonline.today/pages/default.aspx,0,False
http://www.bbkonline.website/pages/default.aspx,0,False
http://www.bbkonline.site/pages/default.aspx,0,False
http://www.bbkonline.navy/pages/default.aspx,0,False
http://www.bbkonline.tech/pages/default.aspx,0,False
http://www.bbkonline.app/pages/default.aspx,0,False
http://www.bbkonline.services/pages/default.aspx,0,False
http://www.bbkonline.market/pages/default.aspx,0,False
http://www.bbkonline.art/pages/default.aspx,0,False
http://www.bbkonline.team/pages/default.aspx,0,False
http://www.bbkonline.ink/pages/default.aspx,0,False
http://www.bbkonline.casa/pages/default.aspx,0,False
http://www.bbkonline.tips/pages/default.aspx,0,False
http://www.bbkonline.ms/pages/default.aspx,0,False
http://www.bbkonline.social/pages/default.aspx,0,False
http://www.bbkonline.fit/pages/default.aspx,0,False
http://www.bbkonline.click/pages/default.aspx,1,True
http://www.bbkonline.com.au/customer/service/contact/us/pages/customer/service.aspx,1,True
http://www.bbkonline.xyz/customer/service/contact/us/pages/customer/service.aspx,1,True
http://www.bbkonline.org.uk/customer/service/contact/us/pages/customer/service.aspx,0,False
http://www.bbkonline.ca/customer/service/contact/us/pages/customer/service.aspx,0,False
http://www.bbkonline.asia/customer/service/contact/us/pages/customer/service.aspx,1,True
http://www.bbkonline.org.nz/customer/service/contact/us/pages/customer/service.aspx,1,True
http://www.bbkonline.sg/customer/service/contact/us/pages/customer/service.aspx,0,False
http://www.bbkonline.ph/customer/service/contact/us/pages/customer/service.aspx,1,True
http://www.bbkonline.com.cn/customer/service/contact/us/pages/customer/service.aspx,1,True
http://www.bbkonline.biz/customer/service/contact/us/pages/customer/service.aspx,1,True
http://www.bbkonline.tk/customer/service/contact/us/pages/customer/service.aspx,1,True
http://www.bbkonline.us/customer/service/contact/us/pages/customer/service.aspx,0,False
http://www.bbkonline.net.cn/customer/service/contact/us/pages/customer/service.aspx,1,True
http://www.bbkonline.es/customer/service/contact/us/pages/customer/service.aspx,1,True
http://www.bbkonline.at/customer/service/contact/us/pages/customer/service.aspx,1,True
http://www.bbkonline.help/customer/service/contact/us/pages/customer/service.aspx,1,True
http://www.bbkonline.be/customer/service/contact/us/pages/customer/service.aspx,0,False
http://www.bbkonline.com.ph/customer/service/contact/us/pages/customer/service.aspx,1,True
http://www.bbkonline.com.pl/customer/service/contact/us/pages/customer/service.aspx,1,True
http://www.bbkonline.club/customer/service/contact/us/pages/customer/service.aspx,1,True
http://www.bbkonline.com.ve/customer/service/contact/us/pages/customer/service.aspx,1,True
http://www.bbkonline.net.pl/customer/service/contact/us/pages/customer/service.aspx,1,True
http://www.bbkonline.org.in/customer/service/contact/us/pages/customer/service.aspx,1,True
http://www.bbkonline.org.au/customer/service/contact/us/pages/customer/service.aspx,1,True
http://www.bbkonline.com.pe/customer/service/contact/us/pages/customer/service.aspx,1,True
http://www.bbkonline.cool/customer/service/contact/us/pages/customer/service.aspx,1,True
http://www.bbkonline.org.ph/customer/service/contact/us/pages/customer/service.aspx,1,True
http://www.bbkonline.gs/customer/service/contact/us/pages/customer/service.aspx,1,True
http://www.bbkonline.co.in/customer/service/contact/us/pages/customer/service.aspx,1,True
http://www.bbkonline.host/customer/service/contact/us/pages/customer/service.aspx,1,True
http://www.bbkonline.info.pl/customer/service/contact/us/pages/customer/service.aspx,1,True
http://www.bbkonline.mobi/customer/service/contact/us/pages/customer/service.aspx,1,True
http://www.bbkonline.space/customer/service/contact/us/pages/customer/service.aspx,1,True
http://www.bbkonline.pro/customer/service/contact/us/pages/customer/service.aspx,0,False
http://www.bbkonline.la/customer/service/contact/us/pages/customer/service.aspx,1,True
http://www.bbkonline.online/customer/service/contact/us/pages/customer/service.aspx,1,True
http://www.bbkonline.am/customer/service/contact/us/pages/customer/service.aspx,1,True
http://www.bbkonline.live/customer/service/contact/us/pages/customer/service.aspx,0,False
http://www.bbkonline.life/customer/service/contact/us/pages/customer/service.aspx,0,False
http://www.bbkonline.link/customer/service/contact/us/pages/customer/service.aspx,1,True
http://www.bbkonline.center/customer/service/contact/us/pages/customer/service.aspx,1,True
http://www.bbkonline.store/customer/service/contact/us/pages/customer/service.aspx,1,True
http://www.bbkonline.gg/customer/service/contact/us/pages/customer/service.aspx,1,True
http://www.bbkonline.bz/customer/service/contact/us/pages/customer/service.aspx,1,True
http://www.bbkonline.ai/customer/service/contact/us/pages/customer/service.aspx,1,True
http://www.bbkonline.today/customer/service/contact/us/pages/customer/service.aspx,1,True
http://www.bbkonline.website/customer/service/contact/us/pages/customer/service.aspx,1,True
http://www.bbkonline.site/customer/service/contact/us/pages/customer/service.aspx,1,True
http://www.bbkonline.navy/customer/service/contact/us/pages/customer/service.aspx,0,False
http://www.bbkonline.tech/customer/service/contact/us/pages/customer/service.aspx,1,True
http://www.bbkonline.app/customer/service/contact/us/pages/customer/service.aspx,1,True
http://www.bbkonline.services/customer/service/contact/us/pages/customer/service.aspx,0,False
http://www.bbkonline.market/customer/service/contact/us/pages/customer/service.aspx,1,True
http://www.bbkonline.art/customer/service/contact/us/pages/customer/service.aspx,1,True
http://www.bbkonline.team/customer/service/contact/us/pages/customer/service.aspx,1,True
http://www.bbkonline.ink/customer/service/contact/us/pages/customer/service.aspx,1,True
http://www.bbkonline.casa/customer/service/contact/us/pages/customer/service.aspx,1,True
http://www.bbkonline.tips/customer/service/contact/us/pages/customer/service.aspx,1,True
http://www.bbkonline.ms/customer/service/contact/us/pages/customer/service.aspx,0,False
http://www.bbkonline.social/customer/service/contact/us/pages/customer/service.aspx,1,True
http://www.bbkonline.business/customer/service/contact/us/pages/customer/service.aspx,1,True
http://www.bbkonline.cash/customer/service/contact/us/pages/customer/service.aspx,1,True
http://www.bbkonline.army/customer/service/contact/us/pages/customer/service.aspx,1,True
http://www.bbkonline.news/customer/service/contact/us/pages/customer/service.aspx,1,True
http://www.bbkonline.network/customer/service/contact/us/pages/customer/service.aspx,1,True
http://www.bbkonline.trade/customer/service/contact/us/pages/customer/service.aspx,1,True
http://www.bbkonline.best/customer/service/contact/us/pages/customer/service.aspx,1,True
http://www.bbkonline.gold/customer/service/contact/us/pages/customer/service.aspx,1,True
http://www.bbkonline.global/customer/service/contact/us/pages/customer/service.aspx,1,True
http://www.bbkonline.ag/customer/service/contact/us/pages/customer/service.aspx,0,False
http://www.bbkonline.agency/customer/service/contact/us/pages/customer/service.aspx,1,True
http://www.bbkonline.ind.in/customer/service/contact/us/pages/customer/service.aspx,1,True
http://www.bbkonline.farm/customer/service/contact/us/pages/customer/service.aspx,1,True
http://www.bbkonline.love/customer/service/contact/us/pages/customer/service.aspx,0,False
http://www.bbkonline.fit/customer/service/contact/us/pages/customer/service.aspx,1,True
http://www.bbkonline.click/customer/service/contact/us/pages/customer/service.aspx,1,True
http://www.bbkonline.com.mx/personal/loans/pages/overview.aspx,0,False
http://www.bbkonline.nl/personal/loans/pages/overview.aspx,0,False
http://www.bbkonline.co.za/personal/loans/pages/overview.aspx,0,False
http://www.bbkonline.com.au/personal/loans/pages/overview.aspx,0,False
http://www.bbkonline.xyz/personal/loans/pages/overview.aspx,0,False
http://www.bbkonline.org.uk/personal/loans/pages/overview.aspx,0,False
http://www.bbkonline.ca/personal/loans/pages/overview.aspx,0,False
http://www.bbkonline.asia/personal/loans/pages/overview.aspx,0,False
http://www.bbkonline.org.nz/personal/loans/pages/overview.aspx,0,False
http://www.bbkonline.sg/personal/loans/pages/overview.aspx,0,False
http://www.bbkonline.ph/personal/loans/pages/overview.aspx,0,False
http://www.bbkonline.com.cn/personal/loans/pages/overview.aspx,0,False
http://www.bbkonline.biz/personal/loans/pages/overview.aspx,0,False
http://www.bbkonline.tk/personal/loans/pages/overview.aspx,1,True
http://www.bbkonline.us/personal/loans/pages/overview.aspx,0,False
http://www.bbkonline.net.cn/personal/loans/pages/overview.aspx,0,False
http://www.bbkonline.es/personal/loans/pages/overview.aspx,0,False
http://www.bbkonline.at/personal/loans/pages/overview.aspx,0,False
http://www.bbkonline.help/personal/loans/pages/overview.aspx,0,False
http://www.bbkonline.be/personal/loans/pages/overview.aspx,0,False
http://www.bbkonline.com.ph/personal/loans/pages/overview.aspx,0,False
http://www.bbkonline.com.pl/personal/loans/pages/overview.aspx,0,False
http://www.bbkonline.club/personal/loans/pages/overview.aspx,0,False
http://www.bbkonline.com.ve/personal/loans/pages/overview.aspx,0,False
http://www.bbkonline.net.pl/personal/loans/pages/overview.aspx,0,False
http://www.bbkonline.org.in/personal/loans/pages/overview.aspx,0,False
http://www.bbkonline.org.au/personal/loans/pages/overview.aspx,0,False
http://www.bbkonline.com.pe/personal/loans/pages/overview.aspx,0,False
http://www.bbkonline.cool/personal/loans/pages/overview.aspx,0,False
http://www.bbkonline.org.ph/personal/loans/pages/overview.aspx,0,False
http://www.bbkonline.gs/personal/loans/pages/overview.aspx,0,False
http://www.bbkonline.co.in/personal/loans/pages/overview.aspx,0,False
http://www.bbkonline.host/personal/loans/pages/overview.aspx,0,False
http://www.bbkonline.info.pl/personal/loans/pages/overview.aspx,0,False
http://www.bbkonline.mobi/personal/loans/pages/overview.aspx,0,False
http://www.bbkonline.space/personal/loans/pages/overview.aspx,0,False
http://www.bbkonline.pro/personal/loans/pages/overview.aspx,0,False
http://www.bbkonline.la/personal/loans/pages/overview.aspx,0,False
http://www.bbkonline.online/personal/loans/pages/overview.aspx,0,False
http://www.bbkonline.am/personal/loans/pages/overview.aspx,0,False
http://www.bbkonline.live/personal/loans/pages/overview.aspx,0,False
http://www.bbkonline.life/personal/loans/pages/overview.aspx,0,False
http://www.bbkonline.link/personal/loans/pages/overview.aspx,0,False
http://www.bbkonline.center/personal/loans/pages/overview.aspx,0,False
http://www.bbkonline.store/personal/loans/pages/overview.aspx,0,False
http://www.bbkonline.gg/personal/loans/pages/overview.aspx,0,False
http://www.bbkonline.bz/personal/loans/pages/overview.aspx,0,False
http://www.bbkonline.ai/personal/loans/pages/overview.aspx,0,False
http://www.bbkonline.today/personal/loans/pages/overview.aspx,0,False
http://www.bbkonline.website/personal/loans/pages/overview.aspx,0,False
http://www.bbkonline.site/personal/loans/pages/overview.aspx,0,False
http://www.bbkonline.navy/personal/loans/pages/overview.aspx,0,False
http://www.bbkonline.tech/personal/loans/pages/overview.aspx,0,False
http://www.bbkonline.app/personal/loans/pages/overview.aspx,0,False
http://www.bbkonline.services/personal/loans/pages/overview.aspx,0,False
http://www.bbkonline.market/personal/loans/pages/overview.aspx,0,False
http://www.bbkonline.art/personal/loans/pages/overview.aspx,0,False
http://www.bbkonline.team/personal/loans/pages/overview.aspx,0,False
http://www.bbkonline.ink/personal/loans/pages/overview.aspx,0,False
http://www.bbkonline.casa/personal/loans/pages/overview.aspx,0,False
http://www.bbkonline.tips/personal/loans/pages/overview.aspx,0,False
http://www.bbkonline.ms/personal/loans/pages/overview.aspx,0,False
http://www.bbkonline.social/personal/loans/pages/overview.aspx,0,False
http://www.bbkonline.group/personal/loans/pages/overview.aspx,0,False
http://www.bbkonline.world/personal/loans/pages/overview.aspx,0,False
http://www.bbkonline.zone/personal/loans/pages/overview.aspx,0,False
http://www.bbkonline.guide/personal/loans/pages/overview.aspx,0,False
http://www.bbkonline.info.ve/personal/loans/pages/overview.aspx,0,False
http://www.bbkonline.email/personal/loans/pages/overview.aspx,0,False
http://www.bbkonline.ltd/personal/loans/pages/overview.aspx,0,False
http://www.bbkonline.vip/personal/loans/pages/overview.aspx,0,False
http://www.bbkonline.legal/personal/loans/pages/overview.aspx,0,False
http://www.bbkonline.me.uk/personal/loans/pages/overview.aspx,0,False
http://www.bbkonline.house/personal/loans/pages/overview.aspx,0,False
http://www.bbkonline.studio/personal/loans/pages/overview.aspx,0,False
http://www.bbkonline.rocks/personal/loans/pages/overview.aspx,0,False
http://www.bbkonline.support/personal/loans/pages/overview.aspx,0,False
http://www.bbkonline.company/personal/loans/pages/overview.aspx,0,False
http://www.bbkonline.fun/personal/loans/pages/overview.aspx,0,False
http://www.bbkonline.work/personal/loans/pages/overview.aspx,0,False
http://www.bbkonline.expert/personal/loans/pages/overview.aspx,0,False
http://www.bbkonline.tw/personal/loans/pages/overview.aspx,0,False
http://www.bbkonline.business/personal/loans/pages/overview.aspx,0,False
http://www.bbkonline.cash/personal/loans/pages/overview.aspx,0,False
http://www.bbkonline.army/personal/loans/pages/overview.aspx,0,False
http://www.bbkonline.news/personal/loans/pages/overview.aspx,0,False
http://www.bbkonline.network/personal/loans/pages/overview.aspx,0,False
http://www.bbkonline.trade/personal/loans/pages/overview.aspx,0,False
http://www.bbkonline.best/personal/loans/pages/overview.aspx,0,False
http://www.bbkonline.gold/personal/loans/pages/overview.aspx,0,False
http://www.bbkonline.global/personal/loans/pages/overview.aspx,0,False
http://www.bbkonline.ag/personal/loans/pages/overview.aspx,0,False
http://www.bbkonline.agency/personal/loans/pages/overview.aspx,0,False
http://www.bbkonline.ind.in/personal/loans/pages/overview.aspx,0,False
http://www.bbkonline.farm/personal/loans/pages/overview.aspx,0,False
http://www.bbkonline.love/personal/loans/pages/overview.aspx,0,False
http://www.bbkonline.fit/personal/loans/pages/overview.aspx,0,False
http://www.bbkonline.click/personal/loans/pages/overview.aspx,1,True
http://www.bbkonline.com.mx/personal/treasury/pages/overview.aspx,0,False
http://www.bbkonline.nl/personal/treasury/pages/overview.aspx,0,False
http://www.bbkonline.co.za/personal/treasury/pages/overview.aspx,0,False
http://www.bbkonline.com.au/personal/treasury/pages/overview.aspx,0,False
http://www.bbkonline.xyz/personal/treasury/pages/overview.aspx,0,False
http://www.bbkonline.org.uk/personal/treasury/pages/overview.aspx,0,False
http://www.bbkonline.ca/personal/treasury/pages/overview.aspx,0,False
http://www.bbkonline.asia/personal/treasury/pages/overview.aspx,0,False
http://www.bbkonline.org.nz/personal/treasury/pages/overview.aspx,0,False
http://www.bbkonline.sg/personal/treasury/pages/overview.aspx,0,False
http://www.bbkonline.ph/personal/treasury/pages/overview.aspx,0,False
http://www.bbkonline.com.cn/personal/treasury/pages/overview.aspx,0,False
http://www.bbkonline.biz/personal/treasury/pages/overview.aspx,0,False
http://www.bbkonline.tk/personal/treasury/pages/overview.aspx,1,True
http://www.bbkonline.us/personal/treasury/pages/overview.aspx,0,False
http://www.bbkonline.net.cn/personal/treasury/pages/overview.aspx,0,False
http://www.bbkonline.es/personal/treasury/pages/overview.aspx,0,False
http://www.bbkonline.at/personal/treasury/pages/overview.aspx,0,False
http://www.bbkonline.help/personal/treasury/pages/overview.aspx,0,False
http://www.bbkonline.be/personal/treasury/pages/overview.aspx,0,False
http://www.bbkonline.com.ph/personal/treasury/pages/overview.aspx,0,False
http://www.bbkonline.com.pl/personal/treasury/pages/overview.aspx,0,False
http://www.bbkonline.club/personal/treasury/pages/overview.aspx,0,False
http://www.bbkonline.com.ve/personal/treasury/pages/overview.aspx,0,False
http://www.bbkonline.net.pl/personal/treasury/pages/overview.aspx,0,False
http://www.bbkonline.org.in/personal/treasury/pages/overview.aspx,0,False
http://www.bbkonline.org.au/personal/treasury/pages/overview.aspx,0,False
http://www.bbkonline.com.pe/personal/treasury/pages/overview.aspx,0,False
http://www.bbkonline.cool/personal/treasury/pages/overview.aspx,0,False
http://www.bbkonline.org.ph/personal/treasury/pages/overview.aspx,0,False
http://www.bbkonline.gs/personal/treasury/pages/overview.aspx,0,False
http://www.bbkonline.co.in/personal/treasury/pages/overview.aspx,0,False
http://www.bbkonline.host/personal/treasury/pages/overview.aspx,0,False
http://www.bbkonline.info.pl/personal/treasury/pages/overview.aspx,0,False
http://www.bbkonline.mobi/personal/treasury/pages/overview.aspx,0,False
http://www.bbkonline.space/personal/treasury/pages/overview.aspx,0,False
http://www.bbkonline.pro/personal/treasury/pages/overview.aspx,0,False
http://www.bbkonline.la/personal/treasury/pages/overview.aspx,0,False
http://www.bbkonline.org.cn/personal/treasury/pages/overview.aspx,0,False
http://www.bbkonline.online/personal/treasury/pages/overview.aspx,0,False
http://www.bbkonline.am/personal/treasury/pages/overview.aspx,0,False
http://www.bbkonline.live/personal/treasury/pages/overview.aspx,0,False
http://www.bbkonline.life/personal/treasury/pages/overview.aspx,0,False
http://www.bbkonline.link/personal/treasury/pages/overview.aspx,0,False
http://www.bbkonline.center/personal/treasury/pages/overview.aspx,0,False
http://www.bbkonline.store/personal/treasury/pages/overview.aspx,0,False
http://www.bbkonline.gg/personal/treasury/pages/overview.aspx,0,False
http://www.bbkonline.bz/personal/treasury/pages/overview.aspx,0,False
http://www.bbkonline.ai/personal/treasury/pages/overview.aspx,0,False
http://www.bbkonline.today/personal/treasury/pages/overview.aspx,0,False
http://www.bbkonline.website/personal/treasury/pages/overview.aspx,0,False
http://www.bbkonline.site/personal/treasury/pages/overview.aspx,0,False
http://www.bbkonline.navy/personal/treasury/pages/overview.aspx,0,False
http://www.bbkonline.tech/personal/treasury/pages/overview.aspx,0,False
http://www.bbkonline.app/personal/treasury/pages/overview.aspx,0,False
http://www.bbkonline.services/personal/treasury/pages/overview.aspx,0,False
http://www.bbkonline.market/personal/treasury/pages/overview.aspx,0,False
http://www.bbkonline.art/personal/treasury/pages/overview.aspx,0,False
http://www.bbkonline.team/personal/treasury/pages/overview.aspx,0,False
http://www.bbkonline.ink/personal/treasury/pages/overview.aspx,0,False
http://www.bbkonline.casa/personal/treasury/pages/overview.aspx,0,False
http://www.bbkonline.tips/personal/treasury/pages/overview.aspx,0,False
http://www.bbkonline.ms/personal/treasury/pages/overview.aspx,0,False
http://www.bbkonline.social/personal/treasury/pages/overview.aspx,0,False
http://www.bbkonline.group/personal/treasury/pages/overview.aspx,0,False
http://www.bbkonline.world/personal/treasury/pages/overview.aspx,0,False
http://www.bbkonline.zone/personal/treasury/pages/overview.aspx,0,False
http://www.bbkonline.guide/personal/treasury/pages/overview.aspx,0,False
http://www.bbkonline.info.ve/personal/treasury/pages/overview.aspx,0,False
http://www.bbkonline.email/personal/treasury/pages/overview.aspx,0,False
http://www.bbkonline.ltd/personal/treasury/pages/overview.aspx,0,False
http://www.bbkonline.vip/personal/treasury/pages/overview.aspx,0,False
http://www.bbkonline.legal/personal/treasury/pages/overview.aspx,0,False
http://www.bbkonline.me.uk/personal/treasury/pages/overview.aspx,0,False
http://www.bbkonline.house/personal/treasury/pages/overview.aspx,0,False
http://www.bbkonline.studio/personal/treasury/pages/overview.aspx,0,False
http://www.bbkonline.rocks/personal/treasury/pages/overview.aspx,0,False
http://www.bbkonline.support/personal/treasury/pages/overview.aspx,0,False
http://www.bbkonline.company/personal/treasury/pages/overview.aspx,0,False
http://www.bbkonline.fun/personal/treasury/pages/overview.aspx,0,False
http://www.bbkonline.work/personal/treasury/pages/overview.aspx,0,False
http://www.bbkonline.expert/personal/treasury/pages/overview.aspx,0,False
http://www.bbkonline.tw/personal/treasury/pages/overview.aspx,0,False
http://www.bbkonline.business/personal/treasury/pages/overview.aspx,0,False
http://www.bbkonline.cash/personal/treasury/pages/overview.aspx,0,False
http://www.bbkonline.army/personal/treasury/pages/overview.aspx,0,False
http://www.bbkonline.news/personal/treasury/pages/overview.aspx,0,False
http://www.bbkonline.network/personal/treasury/pages/overview.aspx,0,False
http://www.bbkonline.trade/personal/treasury/pages/overview.aspx,0,False
http://www.bbkonline.best/personal/treasury/pages/overview.aspx,0,False
http://www.bbkonline.gold/personal/treasury/pages/overview.aspx,0,False
http://www.bbkonline.global/personal/treasury/pages/overview.aspx,0,False
http://www.bbkonline.ag/personal/treasury/pages/overview.aspx,0,False
http://www.bbkonline.agency/personal/treasury/pages/overview.aspx,0,False
http://www.bbkonline.ind.in/personal/treasury/pages/overview.aspx,0,False
http://www.bbkonline.farm/personal/treasury/pages/overview.aspx,0,False
http://www.bbkonline.love/personal/treasury/pages/overview.aspx,0,False
http://www.bbkonline.fit/personal/treasury/pages/overview.aspx,0,False
http://www.bbkonline.click/personal/treasury/pages/overview.aspx,0,False
http://www.bbkonline.com.mx/al/wajah/a/pages/al/wajah/a.aspx,1,True
http://www.bbkonline.nl/al/wajah/a/pages/al/wajah/a.aspx,0,False
http://www.bbkonline.co.za/al/wajah/a/pages/al/wajah/a.aspx,0,False
http://www.bbkonline.com.au/al/wajah/a/pages/al/wajah/a.aspx,1,True
http://www.bbkonline.xyz/al/wajah/a/pages/al/wajah/a.aspx,1,True
http://www.bbkonline.org.uk/al/wajah/a/pages/al/wajah/a.aspx,0,False
http://www.bbkonline.ca/al/wajah/a/pages/al/wajah/a.aspx,0,False
http://www.bbkonline.asia/al/wajah/a/pages/al/wajah/a.aspx,1,True
http://www.bbkonline.org.nz/al/wajah/a/pages/al/wajah/a.aspx,0,False
http://www.bbkonline.sg/al/wajah/a/pages/al/wajah/a.aspx,0,False
http://www.bbkonline.ph/al/wajah/a/pages/al/wajah/a.aspx,0,False
http://www.bbkonline.com.cn/al/wajah/a/pages/al/wajah/a.aspx,1,True
http://www.bbkonline.biz/al/wajah/a/pages/al/wajah/a.aspx,0,False
http://www.bbkonline.tk/al/wajah/a/pages/al/wajah/a.aspx,1,True
http://www.bbkonline.us/al/wajah/a/pages/al/wajah/a.aspx,0,False
http://www.bbkonline.net.cn/al/wajah/a/pages/al/wajah/a.aspx,1,True
http://www.bbkonline.es/al/wajah/a/pages/al/wajah/a.aspx,1,True
http://www.bbkonline.at/al/wajah/a/pages/al/wajah/a.aspx,0,False
http://www.bbkonline.help/al/wajah/a/pages/al/wajah/a.aspx,0,False
http://www.bbkonline.be/al/wajah/a/pages/al/wajah/a.aspx,0,False
http://www.bbkonline.com.ph/al/wajah/a/pages/al/wajah/a.aspx,1,True
http://www.bbkonline.com.pl/al/wajah/a/pages/al/wajah/a.aspx,1,True
http://www.bbkonline.club/al/wajah/a/pages/al/wajah/a.aspx,1,True
http://www.bbkonline.com.ve/al/wajah/a/pages/al/wajah/a.aspx,1,True
http://www.bbkonline.net.pl/al/wajah/a/pages/al/wajah/a.aspx,1,True
http://www.bbkonline.org.in/al/wajah/a/pages/al/wajah/a.aspx,1,True
http://www.bbkonline.org.au/al/wajah/a/pages/al/wajah/a.aspx,0,False
http://www.bbkonline.com.pe/al/wajah/a/pages/al/wajah/a.aspx,1,True
http://www.bbkonline.cool/al/wajah/a/pages/al/wajah/a.aspx,0,False
http://www.bbkonline.org.ph/al/wajah/a/pages/al/wajah/a.aspx,1,True
http://www.bbkonline.gs/al/wajah/a/pages/al/wajah/a.aspx,1,True
http://www.bbkonline.co.in/al/wajah/a/pages/al/wajah/a.aspx,0,False
http://www.bbkonline.host/al/wajah/a/pages/al/wajah/a.aspx,0,False
http://www.bbkonline.info.pl/al/wajah/a/pages/al/wajah/a.aspx,1,True
http://www.bbkonline.mobi/al/wajah/a/pages/al/wajah/a.aspx,1,True
http://www.bbkonline.space/al/wajah/a/pages/al/wajah/a.aspx,0,False
http://www.bbkonline.pro/al/wajah/a/pages/al/wajah/a.aspx,0,False
http://www.bbkonline.la/al/wajah/a/pages/al/wajah/a.aspx,0,False
http://www.bbkonline.org.cn/al/wajah/a/pages/al/wajah/a.aspx,1,True
http://www.bbkonline.online/al/wajah/a/pages/al/wajah/a.aspx,1,True
http://www.bbkonline.am/al/wajah/a/pages/al/wajah/a.aspx,0,False
http://www.bbkonline.live/al/wajah/a/pages/al/wajah/a.aspx,0,False
http://www.bbkonline.life/al/wajah/a/pages/al/wajah/a.aspx,0,False
http://www.bbkonline.link/al/wajah/a/pages/al/wajah/a.aspx,0,False
http://www.bbkonline.center/al/wajah/a/pages/al/wajah/a.aspx,0,False
http://www.bbkonline.store/al/wajah/a/pages/al/wajah/a.aspx,0,False
http://www.bbkonline.gg/al/wajah/a/pages/al/wajah/a.aspx,1,True
http://www.bbkonline.bz/al/wajah/a/pages/al/wajah/a.aspx,0,False
http://www.bbkonline.ai/al/wajah/a/pages/al/wajah/a.aspx,0,False
http://www.bbkonline.today/al/wajah/a/pages/al/wajah/a.aspx,0,False
http://www.bbkonline.website/al/wajah/a/pages/al/wajah/a.aspx,0,False
http://www.bbkonline.site/al/wajah/a/pages/al/wajah/a.aspx,0,False
http://www.bbkonline.navy/al/wajah/a/pages/al/wajah/a.aspx,0,False
http://www.bbkonline.tech/al/wajah/a/pages/al/wajah/a.aspx,0,False
http://www.bbkonline.app/al/wajah/a/pages/al/wajah/a.aspx,1,True
http://www.bbkonline.services/al/wajah/a/pages/al/wajah/a.aspx,0,False
http://www.bbkonline.market/al/wajah/a/pages/al/wajah/a.aspx,0,False
http://www.bbkonline.art/al/wajah/a/pages/al/wajah/a.aspx,0,False
http://www.bbkonline.team/al/wajah/a/pages/al/wajah/a.aspx,0,False
http://www.bbkonline.ink/al/wajah/a/pages/al/wajah/a.aspx,0,False
http://www.bbkonline.casa/al/wajah/a/pages/al/wajah/a.aspx,0,False
http://www.bbkonline.tips/al/wajah/a/pages/al/wajah/a.aspx,0,False
http://www.bbkonline.ms/al/wajah/a/pages/al/wajah/a.aspx,1,True
http://www.bbkonline.social/al/wajah/a/pages/al/wajah/a.aspx,0,False
http://www.bbkonline.group/al/wajah/a/pages/al/wajah/a.aspx,0,False
http://www.bbkonline.world/al/wajah/a/pages/al/wajah/a.aspx,0,False
http://www.bbkonline.zone/al/wajah/a/pages/al/wajah/a.aspx,0,False
http://www.bbkonline.guide/al/wajah/a/pages/al/wajah/a.aspx,0,False
http://www.bbkonline.info.ve/al/wajah/a/pages/al/wajah/a.aspx,1,True
http://www.bbkonline.email/al/wajah/a/pages/al/wajah/a.aspx,1,True
http://www.bbkonline.ltd/al/wajah/a/pages/al/wajah/a.aspx,1,True
http://www.bbkonline.vip/al/wajah/a/pages/al/wajah/a.aspx,0,False
http://www.bbkonline.legal/al/wajah/a/pages/al/wajah/a.aspx,0,False
http://www.bbkonline.me.uk/al/wajah/a/pages/al/wajah/a.aspx,0,False
http://www.bbkonline.house/al/wajah/a/pages/al/wajah/a.aspx,0,False
http://www.bbkonline.studio/al/wajah/a/pages/al/wajah/a.aspx,1,True
http://www.bbkonline.rocks/al/wajah/a/pages/al/wajah/a.aspx,0,False
http://www.bbkonline.support/al/wajah/a/pages/al/wajah/a.aspx,1,True
http://www.bbkonline.company/al/wajah/a/pages/al/wajah/a.aspx,1,True
http://www.bbkonline.fun/al/wajah/a/pages/al/wajah/a.aspx,0,False
http://www.bbkonline.work/al/wajah/a/pages/al/wajah/a.aspx,0,False
http://www.bbkonline.expert/al/wajah/a/pages/al/wajah/a.aspx,0,False
http://www.bbkonline.tw/al/wajah/a/pages/al/wajah/a.aspx,0,False
http://www.bbkonline.business/al/wajah/a/pages/al/wajah/a.aspx,0,False
http://www.bbkonline.cash/al/wajah/a/pages/al/wajah/a.aspx,0,False
http://www.bbkonline.army/al/wajah/a/pages/al/wajah/a.aspx,0,False
http://www.bbkonline.news/al/wajah/a/pages/al/wajah/a.aspx,0,False
http://www.bbkonline.network/al/wajah/a/pages/al/wajah/a.aspx,0,False
http://www.bbkonline.trade/al/wajah/a/pages/al/wajah/a.aspx,0,False
http://www.bbkonline.best/al/wajah/a/pages/al/wajah/a.aspx,1,True
http://www.bbkonline.gold/al/wajah/a/pages/al/wajah/a.aspx,0,False
http://www.bbkonline.global/al/wajah/a/pages/al/wajah/a.aspx,1,True
http://www.bbkonline.ag/al/wajah/a/pages/al/wajah/a.aspx,0,False
http://www.bbkonline.agency/al/wajah/a/pages/al/wajah/a.aspx,0,False
http://www.bbkonline.ind.in/al/wajah/a/pages/al/wajah/a.aspx,0,False
http://www.bbkonline.farm/al/wajah/a/pages/al/wajah/a.aspx,0,False
http://www.bbkonline.love/al/wajah/a/pages/al/wajah/a.aspx,0,False
http://www.bbkonline.fit/al/wajah/a/pages/al/wajah/a.aspx,1,True
http://www.bbkonline.click/al/wajah/a/pages/al/wajah/a.aspx,1,True
http://www.bankofbaroda.com.mx/index.htm,0,False
http://www.bankofbaroda.nl/index.htm,0,False
http://www.bankofbaroda.ch/index.htm,0,False
http://www.bankofbaroda.xyz/index.htm,0,False
http://www.bankofbaroda.org.uk/index.htm,0,False
http://www.bankofbaroda.ca/index.htm,0,False
http://www.bankofbaroda.asia/index.htm,0,False
http://www.bankofbaroda.org.nz/index.htm,0,False
http://www.bankofbaroda.sg/index.htm,0,False
http://www.bankofbaroda.ph/index.htm,0,False
http://www.bankofbaroda.biz/index.htm,0,False
http://www.bankofbaroda.us/index.htm,0,False
http://www.bankofbaroda.net.cn/index.htm,0,False
http://www.bankofbaroda.host/index.htm,0,False
http://www.bankofbaroda.info.pl/index.htm,0,False
http://www.bankofbaroda.space/index.htm,0,False
http://www.bankofbaroda.pro/index.htm,0,False
http://www.bankofbaroda.la/index.htm,0,False
http://www.bankofbaroda.org.cn/index.htm,0,False
http://www.bankofbaroda.online/index.htm,0,False
http://www.bankofbaroda.am/index.htm,0,False
http://www.bankofbaroda.live/index.htm,0,False
http://www.bankofbaroda.life/index.htm,0,False
http://www.bankofbaroda.link/index.htm,0,False
http://www.bankofbaroda.center/index.htm,0,False
http://www.bankofbaroda.store/index.htm,0,False
http://www.bankofbaroda.gg/index.htm,0,False
http://www.bankofbaroda.bz/index.htm,0,False
http://www.bankofbaroda.ai/index.htm,0,False
http://www.bankofbaroda.today/index.htm,0,False
http://www.bankofbaroda.website/index.htm,0,False
http://www.bankofbaroda.news/index.htm,0,False
http://www.bankofbaroda.network/index.htm,0,False
http://www.bankofbaroda.trade/index.htm,0,False
http://www.bankofbaroda.best/index.htm,0,False
http://www.bankofbaroda.gold/index.htm,0,False
http://www.bankofbaroda.global/index.htm,0,False
http://www.bankofbaroda.ag/index.htm,0,False
http://www.bankofbaroda.agency/index.htm,0,False
http://www.bankofbaroda.ind.in/index.htm,0,False
http://www.bankofbaroda.farm/index.htm,0,False
http://www.bankofbaroda.love/index.htm,0,False
http://www.bankofbaroda.fit/index.htm,0,False
http://www.bankofbaroda.click/index.htm,0,False
https://www.bankofbaroda.com.mx/baroda/radiance.htm,0,False
https://www.bankofbaroda.nl/baroda/radiance.htm,0,False
https://www.bankofbaroda.ch/baroda/radiance.htm,0,False
https://www.bankofbaroda.xyz/baroda/radiance.htm,1,True
https://www.bankofbaroda.org.uk/baroda/radiance.htm,0,False
https://www.bankofbaroda.ca/baroda/radiance.htm,0,False
https://www.bankofbaroda.asia/baroda/radiance.htm,0,False
https://www.bankofbaroda.org.nz/baroda/radiance.htm,0,False
https://www.bankofbaroda.sg/baroda/radiance.htm,0,False
https://www.bankofbaroda.ph/baroda/radiance.htm,0,False
https://www.bankofbaroda.biz/baroda/radiance.htm,0,False
https://www.bankofbaroda.us/baroda/radiance.htm,0,False
https://www.bankofbaroda.net.cn/baroda/radiance.htm,0,False
https://www.bankofbaroda.es/baroda/radiance.htm,0,False
https://www.bankofbaroda.at/baroda/radiance.htm,0,False
https://www.bankofbaroda.help/baroda/radiance.htm,0,False
https://www.bankofbaroda.com.ph/baroda/radiance.htm,0,False
https://www.bankofbaroda.com.pl/baroda/radiance.htm,0,False
https://www.bankofbaroda.club/baroda/radiance.htm,0,False
https://www.bankofbaroda.com.co/baroda/radiance.htm,0,False
https://www.bankofbaroda.university/baroda/radiance.htm,0,False
https://www.bankofbaroda.net.au/baroda/radiance.htm,0,False
https://www.bankofbaroda.ws/baroda/radiance.htm,0,False
https://www.bankofbaroda.com.ve/baroda/radiance.htm,0,False
https://www.bankofbaroda.host/baroda/radiance.htm,0,False
https://www.bankofbaroda.info.pl/baroda/radiance.htm,0,False
https://www.bankofbaroda.space/baroda/radiance.htm,0,False
https://www.bankofbaroda.pro/baroda/radiance.htm,0,False
https://www.bankofbaroda.la/baroda/radiance.htm,0,False
https://www.bankofbaroda.org.cn/baroda/radiance.htm,0,False
https://www.bankofbaroda.online/baroda/radiance.htm,0,False
https://www.bankofbaroda.am/baroda/radiance.htm,0,False
https://www.bankofbaroda.live/baroda/radiance.htm,0,False
https://www.bankofbaroda.life/baroda/radiance.htm,0,False
https://www.bankofbaroda.link/baroda/radiance.htm,0,False
https://www.bankofbaroda.center/baroda/radiance.htm,0,False
https://www.bankofbaroda.store/baroda/radiance.htm,0,False
https://www.bankofbaroda.gg/baroda/radiance.htm,0,False
https://www.bankofbaroda.bz/baroda/radiance.htm,0,False
https://www.bankofbaroda.ai/baroda/radiance.htm,0,False
https://www.bankofbaroda.today/baroda/radiance.htm,0,False
https://www.bankofbaroda.website/baroda/radiance.htm,0,False
https://www.bankofbaroda.art/baroda/radiance.htm,0,False
https://www.bankofbaroda.team/baroda/radiance.htm,0,False
https://www.bankofbaroda.ink/baroda/radiance.htm,0,False
https://www.bankofbaroda.casa/baroda/radiance.htm,0,False
https://www.bankofbaroda.tips/baroda/radiance.htm,0,False
https://www.bankofbaroda.ms/baroda/radiance.htm,0,False
https://www.bankofbaroda.social/baroda/radiance.htm,0,False
https://www.bankofbaroda.group/baroda/radiance.htm,0,False
https://www.bankofbaroda.world/baroda/radiance.htm,0,False
https://www.bankofbaroda.zone/baroda/radiance.htm,0,False
https://www.bankofbaroda.guide/baroda/radiance.htm,0,False
https://www.bankofbaroda.info.ve/baroda/radiance.htm,0,False
https://www.bankofbaroda.email/baroda/radiance.htm,0,False
https://www.bankofbaroda.ltd/baroda/radiance.htm,0,False
https://www.bankofbaroda.vip/baroda/radiance.htm,0,False
https://www.bankofbaroda.legal/baroda/radiance.htm,0,False
https://www.bankofbaroda.me.uk/baroda/radiance.htm,0,False
https://www.bankofbaroda.house/baroda/radiance.htm,0,False
https://www.bankofbaroda.studio/baroda/radiance.htm,0,False
https://www.bankofbaroda.rocks/baroda/radiance.htm,0,False
https://www.bankofbaroda.support/baroda/radiance.htm,0,False
https://www.bankofbaroda.company/baroda/radiance.htm,0,False
https://www.bankofbaroda.fun/baroda/radiance.htm,0,False
https://www.bankofbaroda.work/baroda/radiance.htm,0,False
https://www.bankofbaroda.expert/baroda/radiance.htm,0,False
https://www.bankofbaroda.tw/baroda/radiance.htm,0,False
https://www.bankofbaroda.hosting/baroda/radiance.htm,0,False
https://www.bankofbaroda.news/baroda/radiance.htm,0,False
https://www.bankofbaroda.network/baroda/radiance.htm,0,False
https://www.bankofbaroda.trade/baroda/radiance.htm,0,False
https://www.bankofbaroda.best/baroda/radiance.htm,0,False
https://www.bankofbaroda.gold/baroda/radiance.htm,0,False
https://www.bankofbaroda.global/baroda/radiance.htm,0,False
https://www.bankofbaroda.ag/baroda/radiance.htm,0,False
https://www.bankofbaroda.agency/baroda/radiance.htm,0,False
https://www.bankofbaroda.ind.in/baroda/radiance.htm,0,False
https://www.bankofbaroda.farm/baroda/radiance.htm,0,False
https://www.bankofbaroda.love/baroda/radiance.htm,0,False
https://www.bankofbaroda.fit/baroda/radiance.htm,0,False
https://www.bankofbaroda.click/baroda/radiance.htm,1,True
http://www.bankofbaroda.com.mx/login.htm,1,True
http://www.bankofbaroda.nl/login.htm,0,False
http://www.bankofbaroda.ch/login.htm,1,True
http://www.bankofbaroda.xyz/login.htm,1,True
http://www.bankofbaroda.org.uk/login.htm,0,False
http://www.bankofbaroda.ca/login.htm,0,False
http://www.bankofbaroda.asia/login.htm,0,False
http://www.bankofbaroda.org.nz/login.htm,0,False
http://www.bankofbaroda.sg/login.htm,1,True
http://www.bankofbaroda.ph/login.htm,1,True
http://www.bankofbaroda.biz/login.htm,1,True
http://www.bankofbaroda.us/login.htm,0,False
http://www.bankofbaroda.net.cn/login.htm,0,False
http://www.bankofbaroda.es/login.htm,0,False
http://www.bankofbaroda.at/login.htm,0,False
http://www.bankofbaroda.help/login.htm,0,False
http://www.bankofbaroda.com.ph/login.htm,1,True
http://www.bankofbaroda.com.pl/login.htm,1,True
http://www.bankofbaroda.club/login.htm,0,False
http://www.bankofbaroda.com.co/login.htm,1,True
http://www.bankofbaroda.university/login.htm,0,False
http://www.bankofbaroda.net.au/login.htm,1,True
http://www.bankofbaroda.ws/login.htm,0,False
http://www.bankofbaroda.com.ve/login.htm,1,True
http://www.bankofbaroda.host/login.htm,0,False
http://www.bankofbaroda.info.pl/login.htm,1,True
http://www.bankofbaroda.space/login.htm,0,False
http://www.bankofbaroda.pro/login.htm,0,False
http://www.bankofbaroda.la/login.htm,1,True
http://www.bankofbaroda.org.cn/login.htm,1,True
http://www.bankofbaroda.online/login.htm,0,False
http://www.bankofbaroda.am/login.htm,1,True
http://www.bankofbaroda.live/login.htm,0,False
http://www.bankofbaroda.life/login.htm,0,False
http://www.bankofbaroda.link/login.htm,0,False
http://www.bankofbaroda.center/login.htm,0,False
http://www.bankofbaroda.store/login.htm,0,False
http://www.bankofbaroda.gg/login.htm,0,False
http://www.bankofbaroda.bz/login.htm,1,True
http://www.bankofbaroda.ai/login.htm,0,False
http://www.bankofbaroda.today/login.htm,0,False
http://www.bankofbaroda.website/login.htm,0,False
http://www.bankofbaroda.site/login.htm,0,False
http://www.bankofbaroda.navy/login.htm,0,False
http://www.bankofbaroda.tech/login.htm,0,False
http://www.bankofbaroda.app/login.htm,1,True
http://www.bankofbaroda.services/login.htm,0,False
http://www.bankofbaroda.market/login.htm,0,False
http://www.bankofbaroda.art/login.htm,0,False
http://www.bankofbaroda.team/login.htm,0,False
http://www.bankofbaroda.ink/login.htm,0,False
http://www.bankofbaroda.casa/login.htm,0,False
http://www.bankofbaroda.tips/login.htm,0,False
http://www.bankofbaroda.ms/login.htm,0,False
http://www.bankofbaroda.social/login.htm,0,False
http://www.bankofbaroda.group/login.htm,0,False
http://www.bankofbaroda.world/login.htm,0,False
http://www.bankofbaroda.zone/login.htm,0,False
http://www.bankofbaroda.guide/login.htm,0,False
http://www.bankofbaroda.info.ve/login.htm,0,False
http://www.bankofbaroda.email/login.htm,1,True
http://www.bankofbaroda.ltd/login.htm,0,False
http://www.bankofbaroda.vip/login.htm,0,False
http://www.bankofbaroda.legal/login.htm,0,False
http://www.bankofbaroda.me.uk/login.htm,0,False
http://www.bankofbaroda.house/login.htm,0,False
http://www.bankofbaroda.studio/login.htm,0,False
http://www.bankofbaroda.rocks/login.htm,0,False
http://www.bankofbaroda.support/login.htm,0,False
http://www.bankofbaroda.company/login.htm,0,False
http://www.bankofbaroda.fun/login.htm,0,False
http://www.bankofbaroda.work/login.htm,0,False
http://www.bankofbaroda.expert/login.htm,0,False
http://www.bankofbaroda.tw/login.htm,1,True
http://www.bankofbaroda.hosting/login.htm,0,False
http://www.bankofbaroda.org.pe/login.htm,1,True
http://www.bankofbaroda.news/login.htm,0,False
http://www.bankofbaroda.network/login.htm,0,False
http://www.bankofbaroda.trade/login.htm,0,False
http://www.bankofbaroda.best/login.htm,0,False
http://www.bankofbaroda.gold/login.htm,0,False
http://www.bankofbaroda.global/login.htm,0,False
http://www.bankofbaroda.ag/login.htm,0,False
http://www.bankofbaroda.agency/login.htm,0,False
http://www.bankofbaroda.ind.in/login.htm,0,False
http://www.bankofbaroda.farm/login.htm,0,False
http://www.bankofbaroda.love/login.htm,0,False
http://www.bankofbaroda.fit/login.htm,0,False
http://www.bankofbaroda.click/login.htm,1,True
https://online.bobcards.com.mx/login.aspx?returnurlf,1,True
https://online.bobcards.org.in/login.aspx?returnurlf,1,True
https://online.bobcards.org.au/login.aspx?returnurlf,1,True
https://online.bobcards.com.pe/login.aspx?returnurlf,1,True
https://online.bobcards.cool/login.aspx?returnurlf,1,True
https://online.bobcards.org.ph/login.aspx?returnurlf,1,True
https://online.bobcards.gs/login.aspx?returnurlf,1,True
https://online.bobcards.co.in/login.aspx?returnurlf,1,True
https://online.bobcards.host/login.aspx?returnurlf,1,True
https://online.bobcards.info.pl/login.aspx?returnurlf,1,True
https://online.bobcards.mobi/login.aspx?returnurlf,1,True
https://online.bobcards.space/login.aspx?returnurlf,1,True
https://online.bobcards.pro/login.aspx?returnurlf,1,True
https://online.bobcards.la/login.aspx?returnurlf,1,True
https://online.bobcards.net.in/login.aspx?returnurlf,1,True
https://online.bobcards.org.cn/login.aspx?returnurlf,1,True
https://online.bobcards.tw/login.aspx?returnurlf,1,True
https://online.bobcards.hosting/login.aspx?returnurlf,1,True
https://online.bobcards.org.pe/login.aspx?returnurlf,1,True
https://online.bobcards.cloud/login.aspx?returnurlf,1,True
https://online.bobcards.com.es/login.aspx?returnurlf,1,True
https://online.bobcards.clinic/login.aspx?returnurlf,1,True
https://online.bobcards.business/login.aspx?returnurlf,1,True
https://online.bobcards.cash/login.aspx?returnurlf,1,True
https://online.bobcards.army/login.aspx?returnurlf,1,True
https://online.bobcards.news/login.aspx?returnurlf,1,True
https://online.bobcards.network/login.aspx?returnurlf,1,True
https://online.bobcards.trade/login.aspx?returnurlf,1,True
https://online.bobcards.best/login.aspx?returnurlf,1,True
https://online.bobcards.gold/login.aspx?returnurlf,1,True
https://online.bobcards.global/login.aspx?returnurlf,1,True
https://online.bobcards.ag/login.aspx?returnurlf,1,True
https://online.bobcards.agency/login.aspx?returnurlf,1,True
https://online.bobcards.ind.in/login.aspx?returnurlf,1,True
https://online.bobcards.farm/login.aspx?returnurlf,1,True
https://online.bobcards.love/login.aspx?returnurlf,1,True
https://www.scotiabank.es/ai/en.html,1,True
https://www.scotiabank.at/ai/en.html,1,True
https://www.scotiabank.be/ai/en.html,1,True
https://www.scotiabank.com.pl/ai/en.html,1,True
https://www.scotiabank.club/ai/en.html,0,False
https://www.scotiabank.university/ai/en.html,0,False
https://www.scotiabank.net.au/ai/en.html,1,True
https://www.scotiabank.ws/ai/en.html,1,True
https://www.scotiabank.co.nz/ai/en.html,0,False
https://www.scotiabank.net.pl/ai/en.html,1,True
https://www.scotiabank.gg/ai/en.html,1,True
https://www.scotiabank.today/ai/en.html,1,True
https://www.scotiabank.navy/ai/en.html,0,False
https://www.scotiabank.tech/ai/en.html,1,True
https://www.scotiabank.market/ai/en.html,0,False
https://www.scotiabank.art/ai/en.html,0,False
https://www.scotiabank.team/ai/en.html,0,False
https://www.scotiabank.ink/ai/en.html,0,False
https://www.scotiabank.ms/ai/en.html,1,True
https://www.scotiabank.zone/ai/en.html,0,False
https://www.scotiabank.guide/ai/en.html,0,False
https://www.scotiabank.info.ve/ai/en.html,1,True
https://www.scotiabank.email/ai/en.html,0,False
https://www.scotiabank.ltd/ai/en.html,1,True
https://www.scotiabank.vip/ai/en.html,0,False
https://www.scotiabank.legal/ai/en.html,1,True
https://www.scotiabank.me.uk/ai/en.html,0,False
https://www.scotiabank.house/ai/en.html,0,False
https://www.scotiabank.es/ag/en.html,1,True
https://www.scotiabank.at/ag/en.html,1,True
https://www.scotiabank.be/ag/en.html,1,True
https://www.scotiabank.com.pl/ag/en.html,1,True
https://www.scotiabank.club/ag/en.html,0,False
https://www.scotiabank.university/ag/en.html,0,False
https://www.scotiabank.net.au/ag/en.html,1,True
https://www.scotiabank.ws/ag/en.html,1,True
https://www.scotiabank.co.nz/ag/en.html,0,False
https://www.scotiabank.net.pl/ag/en.html,1,True
https://www.scotiabank.org.in/ag/en.html,0,False
https://www.scotiabank.org.au/ag/en.html,0,False
https://www.scotiabank.cool/ag/en.html,0,False
https://www.scotiabank.org.ph/ag/en.html,1,True
https://www.scotiabank.gg/ag/en.html,1,True
https://www.scotiabank.today/ag/en.html,1,True
https://www.scotiabank.navy/ag/en.html,0,False
https://www.scotiabank.tech/ag/en.html,1,True
https://www.scotiabank.market/ag/en.html,0,False
https://www.scotiabank.art/ag/en.html,1,True
https://www.scotiabank.team/ag/en.html,0,False
https://www.scotiabank.ink/ag/en.html,0,False
https://www.scotiabank.ms/ag/en.html,1,True
https://www.scotiabank.zone/ag/en.html,0,False
https://www.scotiabank.guide/ag/en.html,0,False
https://www.scotiabank.info.ve/ag/en.html,1,True
https://www.scotiabank.email/ag/en.html,1,True
https://www.scotiabank.ltd/ag/en.html,1,True
https://www.scotiabank.vip/ag/en.html,0,False
https://www.scotiabank.legal/ag/en.html,1,True
https://www.scotiabank.me.uk/ag/en.html,0,False
https://www.scotiabank.house/ag/en.html,0,False
https://www.scotiabank.com.es/ag/en.html,1,True
https://www.scotiabank.clinic/ag/en.html,0,False
https://www.scotiabank.cash/ag/en.html,0,False
https://www.scotiabank.army/ag/en.html,1,True
https://www.scotiabank.trade/ag/en.html,0,False
https://www.scotiabank.best/ag/en.html,1,True
https://www.scotiabank.gold/ag/en.html,0,False
https://www.scotiabank.agency/ag/en.html,0,False
https://www.scotiabank.ind.in/ag/en.html,1,True
https://www.scotiabank.farm/ag/en.html,0,False
https://www.scotiabank.love/ag/en.html,0,False
http://www.barclays.org.nz,0,False
http://www.barclays.help,0,False
http://www.barclays.com.ph,0,False
http://www.barclays.com.pl,0,False
http://www.barclays.net.au,0,False
http://www.barclays.art,0,False
http://www.barclays.ink,0,False
http://www.barclays.casa,0,False
http://www.barclays.info.ve,0,False
http://www.barclays.org.nz/corporate/banking,0,False
http://www.barclays.help/corporate/banking,0,False
http://www.barclays.com.ph/corporate/banking,0,False
http://www.barclays.com.pl/corporate/banking,0,False
http://www.barclays.net.au/corporate/banking,0,False
http://www.barclays.art/corporate/banking,0,False
http://www.barclays.ink/corporate/banking,0,False
http://www.barclays.casa/corporate/banking,0,False
http://www.barclays.info.ve/corporate/banking,0,False
http://www.barclays.work/corporate/banking,0,False
http://www.barclays.hosting/corporate/banking,0,False
http://www.barclays.org.pe/corporate/banking,0,False
http://www.barclays.org.nz/home/contact/us,0,False
http://www.barclays.help/home/contact/us,0,False
http://www.barclays.com.ph/home/contact/us,1,True
http://www.barclays.com.pl/home/contact/us,1,True
http://www.barclays.net.au/home/contact/us,0,False
http://www.barclays.bz/home/contact/us,0,False
http://www.barclays.art/home/contact/us,0,False
http://www.barclays.ink/home/contact/us,0,False
http://www.barclays.casa/home/contact/us,0,False
http://www.barclays.info.ve/home/contact/us,0,False
http://www.barclays.work/home/contact/us,1,True
http://www.barclays.hosting/home/contact/us,1,True
http://www.barclays.org.pe/home/contact/us,1,True
https://www.home.host/barclays/investor/relations/results/and/reports/results.html,1,True
https://www.home.fit/barclays/investor/relations/results/and/reports/results.html,0,False
http://www.barclays.org.nz/bwt/ipl,0,False
http://www.barclays.help/bwt/ipl,0,False
http://www.barclays.com.ph/bwt/ipl,1,True
http://www.barclays.com.pl/bwt/ipl,0,False
http://www.barclays.net.au/bwt/ipl,0,False
http://www.barclays.bz/bwt/ipl,0,False
http://www.barclays.art/bwt/ipl,0,False
http://www.barclays.ink/bwt/ipl,0,False
http://www.barclays.casa/bwt/ipl,0,False
http://www.barclays.info.ve/bwt/ipl,0,False
http://www.barclays.work/bwt/ipl,1,True
http://www.barclays.hosting/bwt/ipl,0,False
http://www.barclays.org.pe/bwt/ipl,0,False
http://www.bccb.com.mx/live/tender.aspx,0,False
http://www.bccb.ws/live/tender.aspx,0,False
http://www.bccb.co/live/tender.aspx,0,False
http://www.bccb.co.nz/live/tender.aspx,0,False
http://www.bccb.com.ve/live/tender.aspx,0,False
http://www.bccb.net.pl/live/tender.aspx,0,False
http://www.bccb.org.in/live/tender.aspx,0,False
http://www.bccb.org.au/live/tender.aspx,0,False
http://www.bccb.com.pe/live/tender.aspx,0,False
http://www.bccb.cool/live/tender.aspx,0,False
http://www.bccb.org.ph/live/tender.aspx,0,False
http://www.bccb.gs/live/tender.aspx,0,False
http://www.bccb.info.ve/live/tender.aspx,0,False
http://www.bccb.email/live/tender.aspx,0,False
http://www.bccb.ltd/live/tender.aspx,0,False
http://www.bccb.legal/live/tender.aspx,0,False
http://www.bccb.me.uk/live/tender.aspx,0,False
http://www.bccb.house/live/tender.aspx,0,False
http://www.bccb.studio/live/tender.aspx,0,False
http://www.bccb.rocks/live/tender.aspx,0,False
http://www.bccb.support/live/tender.aspx,0,False
http://www.bccb.company/live/tender.aspx,0,False
http://www.bccb.fun/live/tender.aspx,0,False
http://www.bccb.work/live/tender.aspx,0,False
http://www.bccb.expert/live/tender.aspx,0,False
http://www.bccb.hosting/live/tender.aspx,0,False
http://www.bccb.org.pe/live/tender.aspx,0,False
http://www.bccb.cloud/live/tender.aspx,0,False
http://www.bccb.com.es/live/tender.aspx,0,False
http://www.bccb.clinic/live/tender.aspx,0,False
http://www.bccb.business/live/tender.aspx,0,False
http://www.bccb.cash/live/tender.aspx,0,False
http://www.bccb.com.mx/contact/us.aspx,0,False
http://www.bccb.ws/contact/us.aspx,0,False
http://www.bccb.co/contact/us.aspx,0,False
http://www.bccb.co.nz/contact/us.aspx,0,False
http://www.bccb.com.ve/contact/us.aspx,0,False
http://www.bccb.net.pl/contact/us.aspx,0,False
http://www.bccb.org.in/contact/us.aspx,0,False
http://www.bccb.org.au/contact/us.aspx,0,False
http://www.bccb.com.pe/contact/us.aspx,0,False
http://www.bccb.cool/contact/us.aspx,0,False
http://www.bccb.org.ph/contact/us.aspx,0,False
http://www.bccb.gs/contact/us.aspx,0,False
http://www.bccb.host/contact/us.aspx,0,False
http://www.bccb.info.pl/contact/us.aspx,0,False
http://www.bccb.mobi/contact/us.aspx,0,False
http://www.bccb.space/contact/us.aspx,0,False
http://www.bccb.info.ve/contact/us.aspx,0,False
http://www.bccb.email/contact/us.aspx,0,False
http://www.bccb.ltd/contact/us.aspx,0,False
http://www.bccb.legal/contact/us.aspx,0,False
http://www.bccb.me.uk/contact/us.aspx,0,False
http://www.bccb.house/contact/us.aspx,0,False
http://www.bccb.studio/contact/us.aspx,0,False
http://www.bccb.rocks/contact/us.aspx,0,False
http://www.bccb.support/contact/us.aspx,0,False
http://www.bccb.company/contact/us.aspx,0,False
http://www.bccb.fun/contact/us.aspx,0,False
http://www.bccb.work/contact/us.aspx,0,False
http://www.bccb.expert/contact/us.aspx,0,False
http://www.bccb.hosting/contact/us.aspx,0,False
http://www.bccb.org.pe/contact/us.aspx,0,False
http://www.bccb.cloud/contact/us.aspx,0,False
http://www.bccb.com.es/contact/us.aspx,0,False
http://www.bccb.clinic/contact/us.aspx,0,False
http://www.bccb.business/contact/us.aspx,0,False
http://www.bccb.cash/contact/us.aspx,0,False
http://www.bccb.army/contact/us.aspx,0,False
http://www.bccb.news/contact/us.aspx,0,False
http://www.bccb.network/contact/us.aspx,0,False
http://www.bccb.trade/contact/us.aspx,0,False
http://www.bccb.best/contact/us.aspx,0,False
http://www.bccb.gold/contact/us.aspx,0,False
http://www.bccb.global/contact/us.aspx,0,False
http://www.bccb.ag/contact/us.aspx,0,False
http://www.bccb.agency/contact/us.aspx,0,False
http://www.bccb.ind.in/contact/us.aspx,0,False
http://www.bccb.farm/contact/us.aspx,0,False
http://www.bccb.love/contact/us.aspx,0,False
http://www.bccb.fit/contact/us.aspx,0,False
http://www.bccb.com.mx/current/account.aspx,0,False
http://www.bccb.asia/current/account.aspx,0,False
http://www.bccb.org.nz/current/account.aspx,0,False
http://www.bccb.sg/current/account.aspx,0,False
http://www.bccb.ph/current/account.aspx,0,False
http://www.bccb.us/current/account.aspx,0,False
http://www.bccb.net.cn/current/account.aspx,0,False
http://www.bccb.at/current/account.aspx,0,False
http://www.bccb.help/current/account.aspx,0,False
http://www.bccb.com.ph/current/account.aspx,0,False
http://www.bccb.com.pl/current/account.aspx,0,False
http://www.bccb.club/current/account.aspx,0,False
http://www.bccb.com.co/current/account.aspx,0,False
http://www.bccb.university/current/account.aspx,0,False
http://www.bccb.net.au/current/account.aspx,0,False
http://www.bccb.ws/current/account.aspx,0,False
http://www.bccb.co/current/account.aspx,0,False
http://www.bccb.co.nz/current/account.aspx,0,False
http://www.bccb.com.ve/current/account.aspx,0,False
http://www.bccb.net.pl/current/account.aspx,0,False
http://www.bccb.org.in/current/account.aspx,0,False
http://www.bccb.org.au/current/account.aspx,0,False
http://www.bccb.com.pe/current/account.aspx,0,False
http://www.bccb.cool/current/account.aspx,0,False
http://www.bccb.org.ph/current/account.aspx,0,False
http://www.bccb.gs/current/account.aspx,0,False
http://www.bccb.host/current/account.aspx,0,False
http://www.bccb.info.pl/current/account.aspx,0,False
http://www.bccb.mobi/current/account.aspx,0,False
http://www.bccb.space/current/account.aspx,0,False
http://www.bccb.ai/current/account.aspx,0,False
http://www.bccb.today/current/account.aspx,0,False
http://www.bccb.site/current/account.aspx,0,False
http://www.bccb.navy/current/account.aspx,0,False
http://www.bccb.tech/current/account.aspx,0,False
http://www.bccb.app/current/account.aspx,0,False
http://www.bccb.services/current/account.aspx,0,False
http://www.bccb.market/current/account.aspx,0,False
http://www.bccb.art/current/account.aspx,0,False
http://www.bccb.team/current/account.aspx,0,False
http://www.bccb.ink/current/account.aspx,0,False
http://www.bccb.casa/current/account.aspx,0,False
http://www.bccb.tips/current/account.aspx,0,False
http://www.bccb.ms/current/account.aspx,0,False
http://www.bccb.social/current/account.aspx,0,False
http://www.bccb.group/current/account.aspx,0,False
http://www.bccb.world/current/account.aspx,0,False
http://www.bccb.zone/current/account.aspx,0,False
http://www.bccb.guide/current/account.aspx,0,False
http://www.bccb.info.ve/current/account.aspx,0,False
http://www.bccb.email/current/account.aspx,0,False
http://www.bccb.ltd/current/account.aspx,0,False
http://www.bccb.legal/current/account.aspx,0,False
http://www.bccb.me.uk/current/account.aspx,0,False
http://www.bccb.house/current/account.aspx,0,False
http://www.bccb.studio/current/account.aspx,0,False
http://www.bccb.rocks/current/account.aspx,0,False
http://www.bccb.support/current/account.aspx,0,False
http://www.bccb.company/current/account.aspx,0,False
http://www.bccb.fun/current/account.aspx,0,False
http://www.bccb.work/current/account.aspx,0,False
http://www.bccb.expert/current/account.aspx,0,False
http://www.bccb.hosting/current/account.aspx,0,False
http://www.bccb.org.pe/current/account.aspx,0,False
http://www.bccb.cloud/current/account.aspx,0,False
http://www.bccb.com.es/current/account.aspx,0,False
http://www.bccb.clinic/current/account.aspx,0,False
http://www.bccb.business/current/account.aspx,0,False
http://www.bccb.cash/current/account.aspx,0,False
http://www.bccb.army/current/account.aspx,0,False
http://www.bccb.news/current/account.aspx,0,False
http://www.bccb.network/current/account.aspx,0,False
http://www.bccb.trade/current/account.aspx,0,False
http://www.bccb.best/current/account.aspx,0,False
http://www.bccb.gold/current/account.aspx,0,False
http://www.bccb.global/current/account.aspx,0,False
http://www.bccb.ag/current/account.aspx,0,False
http://www.bccb.agency/current/account.aspx,0,False
http://www.bccb.ind.in/current/account.aspx,0,False
http://www.bccb.farm/current/account.aspx,0,False
http://www.bccb.love/current/account.aspx,0,False
http://www.bccb.fit/current/account.aspx,0,False
http://www.bccb.com.mx/housing/loan.aspx,0,False
http://www.bccb.co.za/housing/loan.aspx,0,False
http://www.bccb.asia/housing/loan.aspx,0,False
http://www.bccb.org.nz/housing/loan.aspx,0,False
http://www.bccb.sg/housing/loan.aspx,0,False
http://www.bccb.ph/housing/loan.aspx,0,False
http://www.bccb.us/housing/loan.aspx,0,False
http://www.bccb.net.cn/housing/loan.aspx,0,False
http://www.bccb.at/housing/loan.aspx,0,False
http://www.bccb.help/housing/loan.aspx,0,False
http://www.bccb.com.ph/housing/loan.aspx,0,False
http://www.bccb.com.pl/housing/loan.aspx,0,False
http://www.bccb.club/housing/loan.aspx,0,False
http://www.bccb.com.co/housing/loan.aspx,0,False
http://www.bccb.university/housing/loan.aspx,0,False
http://www.bccb.net.au/housing/loan.aspx,0,False
http://www.bccb.ws/housing/loan.aspx,0,False
http://www.bccb.co/housing/loan.aspx,0,False
http://www.bccb.co.nz/housing/loan.aspx,0,False
http://www.bccb.com.ve/housing/loan.aspx,0,False
http://www.bccb.net.pl/housing/loan.aspx,0,False
http://www.bccb.org.in/housing/loan.aspx,0,False
http://www.bccb.org.au/housing/loan.aspx,0,False
http://www.bccb.com.pe/housing/loan.aspx,0,False
http://www.bccb.cool/housing/loan.aspx,0,False
http://www.bccb.org.ph/housing/loan.aspx,0,False
http://www.bccb.gs/housing/loan.aspx,0,False
http://www.bccb.host/housing/loan.aspx,0,False
http://www.bccb.info.pl/housing/loan.aspx,0,False
http://www.bccb.mobi/housing/loan.aspx,0,False
http://www.bccb.space/housing/loan.aspx,0,False
http://www.bccb.pro/housing/loan.aspx,0,False
http://www.bccb.la/housing/loan.aspx,0,False
http://www.bccb.net.in/housing/loan.aspx,0,False
http://www.bccb.org.cn/housing/loan.aspx,0,False
http://www.bccb.online/housing/loan.aspx,0,False
http://www.bccb.am/housing/loan.aspx,0,False
http://www.bccb.live/housing/loan.aspx,0,False
http://www.bccb.life/housing/loan.aspx,0,False
http://www.bccb.link/housing/loan.aspx,0,False
http://www.bccb.center/housing/loan.aspx,0,False
http://www.bccb.store/housing/loan.aspx,0,False
http://www.bccb.gg/housing/loan.aspx,0,False
http://www.bccb.bz/housing/loan.aspx,0,False
http://www.bccb.ai/housing/loan.aspx,0,False
http://www.bccb.today/housing/loan.aspx,0,False
http://www.bccb.site/housing/loan.aspx,0,False
http://www.bccb.navy/housing/loan.aspx,0,False
http://www.bccb.tech/housing/loan.aspx,0,False
http://www.bccb.app/housing/loan.aspx,0,False
http://www.bccb.services/housing/loan.aspx,0,False
http://www.bccb.market/housing/loan.aspx,0,False
http://www.bccb.art/housing/loan.aspx,0,False
http://www.bccb.team/housing/loan.aspx,0,False
http://www.bccb.ink/housing/loan.aspx,0,False
http://www.bccb.casa/housing/loan.aspx,0,False
http://www.bccb.tips/housing/loan.aspx,0,False
http://www.bccb.ms/housing/loan.aspx,0,False
http://www.bccb.social/housing/loan.aspx,0,False
http://www.bccb.group/housing/loan.aspx,0,False
http://www.bccb.world/housing/loan.aspx,0,False
http://www.bccb.zone/housing/loan.aspx,0,False
http://www.bccb.guide/housing/loan.aspx,0,False
http://www.bccb.info.ve/housing/loan.aspx,0,False
http://www.bccb.email/housing/loan.aspx,0,False
http://www.bccb.ltd/housing/loan.aspx,0,False
http://www.bccb.legal/housing/loan.aspx,0,False
http://www.bccb.me.uk/housing/loan.aspx,0,False
http://www.bccb.house/housing/loan.aspx,0,False
http://www.bccb.studio/housing/loan.aspx,0,False
http://www.bccb.rocks/housing/loan.aspx,0,False
http://www.bccb.support/housing/loan.aspx,0,False
http://www.bccb.company/housing/loan.aspx,0,False
http://www.bccb.fun/housing/loan.aspx,0,False
http://www.bccb.work/housing/loan.aspx,0,False
http://www.bccb.expert/housing/loan.aspx,0,False
http://www.bccb.hosting/housing/loan.aspx,0,False
http://www.bccb.org.pe/housing/loan.aspx,0,False
http://www.bccb.cloud/housing/loan.aspx,0,False
http://www.bccb.com.es/housing/loan.aspx,0,False
http://www.bccb.clinic/housing/loan.aspx,0,False
http://www.bccb.business/housing/loan.aspx,0,False
http://www.bccb.cash/housing/loan.aspx,0,False
http://www.bccb.army/housing/loan.aspx,0,False
http://www.bccb.news/housing/loan.aspx,0,False
http://www.bccb.network/housing/loan.aspx,0,False
http://www.bccb.trade/housing/loan.aspx,0,False
http://www.bccb.best/housing/loan.aspx,0,False
http://www.bccb.gold/housing/loan.aspx,0,False
http://www.bccb.global/housing/loan.aspx,0,False
http://www.bccb.ag/housing/loan.aspx,0,False
http://www.bccb.agency/housing/loan.aspx,0,False
http://www.bccb.ind.in/housing/loan.aspx,0,False
http://www.bccb.farm/housing/loan.aspx,0,False
http://www.bccb.love/housing/loan.aspx,0,False
http://www.bccb.fit/housing/loan.aspx,0,False
http://www.bccb.com.mx/vehicle/loan.aspx,0,False
http://www.bccb.co.za/vehicle/loan.aspx,0,False
http://www.bccb.asia/vehicle/loan.aspx,0,False
http://www.bccb.org.nz/vehicle/loan.aspx,0,False
http://www.bccb.sg/vehicle/loan.aspx,0,False
http://www.bccb.ph/vehicle/loan.aspx,0,False
http://www.bccb.us/vehicle/loan.aspx,0,False
http://www.bccb.net.cn/vehicle/loan.aspx,0,False
http://www.bccb.at/vehicle/loan.aspx,0,False
http://www.bccb.help/vehicle/loan.aspx,0,False
http://www.bccb.com.ph/vehicle/loan.aspx,0,False
http://www.bccb.com.pl/vehicle/loan.aspx,0,False
http://www.bccb.club/vehicle/loan.aspx,0,False
http://www.bccb.com.co/vehicle/loan.aspx,0,False
http://www.bccb.university/vehicle/loan.aspx,0,False
http://www.bccb.net.au/vehicle/loan.aspx,0,False
http://www.bccb.ws/vehicle/loan.aspx,0,False
http://www.bccb.co/vehicle/loan.aspx,0,False
http://www.bccb.co.nz/vehicle/loan.aspx,0,False
http://www.bccb.com.ve/vehicle/loan.aspx,0,False
http://www.bccb.net.pl/vehicle/loan.aspx,0,False
http://www.bccb.org.in/vehicle/loan.aspx,0,False
http://www.bccb.org.au/vehicle/loan.aspx,0,False
http://www.bccb.com.pe/vehicle/loan.aspx,0,False
http://www.bccb.cool/vehicle/loan.aspx,0,False
http://www.bccb.org.ph/vehicle/loan.aspx,0,False
http://www.bccb.gs/vehicle/loan.aspx,0,False
http://www.bccb.host/vehicle/loan.aspx,0,False
http://www.bccb.info.pl/vehicle/loan.aspx,0,False
http://www.bccb.mobi/vehicle/loan.aspx,0,False
http://www.bccb.space/vehicle/loan.aspx,0,False
http://www.bccb.pro/vehicle/loan.aspx,0,False
http://www.bccb.la/vehicle/loan.aspx,0,False
http://www.bccb.net.in/vehicle/loan.aspx,0,False
http://www.bccb.org.cn/vehicle/loan.aspx,0,False
http://www.bccb.online/vehicle/loan.aspx,0,False
http://www.bccb.am/vehicle/loan.aspx,0,False
http://www.bccb.live/vehicle/loan.aspx,0,False
http://www.bccb.life/vehicle/loan.aspx,0,False
http://www.bccb.link/vehicle/loan.aspx,0,False
http://www.bccb.center/vehicle/loan.aspx,0,False
http://www.bccb.store/vehicle/loan.aspx,0,False
http://www.bccb.gg/vehicle/loan.aspx,0,False
http://www.bccb.bz/vehicle/loan.aspx,0,False
http://www.bccb.ai/vehicle/loan.aspx,0,False
http://www.bccb.today/vehicle/loan.aspx,0,False
http://www.bccb.site/vehicle/loan.aspx,0,False
http://www.bccb.navy/vehicle/loan.aspx,0,False
http://www.bccb.tech/vehicle/loan.aspx,0,False
http://www.bccb.app/vehicle/loan.aspx,0,False
http://www.bccb.services/vehicle/loan.aspx,0,False
http://www.bccb.market/vehicle/loan.aspx,0,False
http://www.bccb.art/vehicle/loan.aspx,0,False
http://www.bccb.team/vehicle/loan.aspx,0,False
http://www.bccb.ink/vehicle/loan.aspx,0,False
http://www.bccb.casa/vehicle/loan.aspx,0,False
http://www.bccb.tips/vehicle/loan.aspx,0,False
http://www.bccb.ms/vehicle/loan.aspx,0,False
http://www.bccb.social/vehicle/loan.aspx,0,False
http://www.bccb.group/vehicle/loan.aspx,0,False
http://www.bccb.world/vehicle/loan.aspx,0,False
http://www.bccb.zone/vehicle/loan.aspx,0,False
http://www.bccb.guide/vehicle/loan.aspx,0,False
http://www.bccb.info.ve/vehicle/loan.aspx,0,False
http://www.bccb.email/vehicle/loan.aspx,0,False
http://www.bccb.ltd/vehicle/loan.aspx,0,False
http://www.bccb.legal/vehicle/loan.aspx,0,False
http://www.bccb.me.uk/vehicle/loan.aspx,0,False
http://www.bccb.house/vehicle/loan.aspx,0,False
http://www.bccb.studio/vehicle/loan.aspx,0,False
http://www.bccb.rocks/vehicle/loan.aspx,0,False
http://www.bccb.support/vehicle/loan.aspx,0,False
http://www.bccb.company/vehicle/loan.aspx,0,False
http://www.bccb.fun/vehicle/loan.aspx,0,False
http://www.bccb.work/vehicle/loan.aspx,0,False
http://www.bccb.expert/vehicle/loan.aspx,0,False
http://www.bccb.hosting/vehicle/loan.aspx,0,False
http://www.bccb.org.pe/vehicle/loan.aspx,0,False
http://www.bccb.cloud/vehicle/loan.aspx,0,False
http://www.bccb.com.es/vehicle/loan.aspx,0,False
http://www.bccb.clinic/vehicle/loan.aspx,0,False
http://www.bccb.business/vehicle/loan.aspx,0,False
http://www.bccb.cash/vehicle/loan.aspx,0,False
http://www.bccb.army/vehicle/loan.aspx,0,False
http://www.bccb.news/vehicle/loan.aspx,0,False
http://www.bccb.network/vehicle/loan.aspx,0,False
http://www.bccb.trade/vehicle/loan.aspx,0,False
http://www.bccb.best/vehicle/loan.aspx,0,False
http://www.bccb.gold/vehicle/loan.aspx,0,False
http://www.bccb.global/vehicle/loan.aspx,0,False
http://www.bccb.ag/vehicle/loan.aspx,0,False
http://www.bccb.agency/vehicle/loan.aspx,0,False
http://www.bccb.ind.in/vehicle/loan.aspx,0,False
http://www.bccb.farm/vehicle/loan.aspx,0,False
http://www.bccb.love/vehicle/loan.aspx,0,False
http://www.bccb.fit/vehicle/loan.aspx,0,False
http://www.bccb.click/vehicle/loan.aspx,0,False
https://www.rupay.com.co/rupay/offers,1,True
https://www.rupay.university/rupay/offers,1,True
https://www.rupay.net.au/rupay/offers,1,True
https://www.rupay.ws/rupay/offers,1,True
https://www.rupay.co.nz/rupay/offers,1,True
https://www.rupay.com.ve/rupay/offers,1,True
https://www.rupay.net.pl/rupay/offers,1,True
https://www.rupay.org.au/rupay/offers,1,True
https://www.rupay.com.pe/rupay/offers,1,True
https://www.rupay.cool/rupay/offers,1,True
https://www.rupay.org.ph/rupay/offers,1,True
https://www.rupay.email/rupay/offers,1,True
https://www.rupay.ltd/rupay/offers,1,True
https://www.rupay.vip/rupay/offers,1,True
https://www.rupay.legal/rupay/offers,1,True
https://www.rupay.me.uk/rupay/offers,1,True
https://www.rupay.house/rupay/offers,1,True
https://www.rupay.studio/rupay/offers,1,True
https://www.rupay.rocks/rupay/offers,1,True
https://www.rupay.company/rupay/offers,1,True
https://www.rupay.fun/rupay/offers,1,True
https://www.rupay.work/rupay/offers,1,True
https://www.rupay.expert/rupay/offers,1,True
https://www.rupay.tw/rupay/offers,1,True
https://www.rupay.hosting/rupay/offers,1,True
https://www.rupay.org.pe/rupay/offers,1,True
https://www.rupay.cloud/rupay/offers,1,True
https://www.rupay.com.es/rupay/offers,1,True
https://www.rupay.clinic/rupay/offers,1,True
https://www.rupay.business/rupay/offers,1,True
https://www.rupay.army/rupay/offers,1,True
https://www.mabanque.org.uk,0,False
https://www.mabanque.asia,1,True
https://www.mabanque.org.nz,1,True
https://www.mabanque.sg,1,True
https://www.mabanque.ph,1,True
https://www.mabanque.com.cn,1,True
https://www.mabanque.biz,1,True
https://www.mabanque.tk,1,True
https://www.mabanque.us,1,True
https://www.mabanque.net.cn,1,True
https://www.mabanque.es,1,True
https://www.mabanque.at,1,True
https://www.mabanque.help,1,True
https://www.mabanque.com.ph,1,True
https://www.mabanque.com.pl,1,True
https://www.mabanque.club,1,True
https://www.mabanque.com.co,1,True
https://www.mabanque.university,1,True
https://www.mabanque.net.au,1,True
https://www.mabanque.ws,1,True
https://www.mabanque.gg,1,True
https://www.mabanque.bz,1,True
https://www.mabanque.ai,1,True
https://www.mabanque.today,1,True
https://www.mabanque.website,1,True
https://www.mabanque.site,1,True
https://www.mabanque.navy,1,True
https://www.mabanque.tech,1,True
https://www.mabanque.services,1,True
https://www.mabanque.market,1,True
https://www.mabanque.art,1,True
https://www.mabanque.team,1,True
https://www.mabanque.ink,1,True
https://www.mabanque.casa,1,True
https://www.mabanque.tips,1,True
https://www.mabanque.ms,1,True
https://www.mabanque.social,1,True
https://www.mabanque.group,1,True
https://www.mabanque.world,1,True
https://www.mabanque.zone,1,True
https://www.mabanque.guide,1,True
https://www.mabanque.info.ve,1,True
https://www.mabanque.email,1,True
https://www.mabanque.ltd,1,True
https://www.mabanque.vip,1,True
https://www.mabanque.legal,1,True
https://www.mabanque.me.uk,1,True
https://www.mabanque.house,1,True
http://www.canarabank.com.pl/english/pm/jd/y/financial/inclusions,0,False
http://www.canarabank.club/english/pm/jd/y/financial/inclusions,1,True
http://www.canarabank.com.co/english/pm/jd/y/financial/inclusions,0,False
http://www.canarabank.university/english/pm/jd/y/financial/inclusions,1,True
http://www.canarabank.net.au/english/pm/jd/y/financial/inclusions,1,True
http://www.canarabank.ws/english/pm/jd/y/financial/inclusions,1,True
http://www.canarabank.co.nz/english/pm/jd/y/financial/inclusions,0,False
http://www.canarabank.com.ve/english/pm/jd/y/financial/inclusions,1,True
http://www.canarabank.net.pl/english/pm/jd/y/financial/inclusions,1,True
http://www.canarabank.org.au/english/pm/jd/y/financial/inclusions,1,True
http://www.canarabank.com.pe/english/pm/jd/y/financial/inclusions,1,True
http://www.canarabank.cool/english/pm/jd/y/financial/inclusions,0,False
http://www.canarabank.org.ph/english/pm/jd/y/financial/inclusions,0,False
http://www.canarabank.legal/english/pm/jd/y/financial/inclusions,1,True
http://www.canarabank.me.uk/english/pm/jd/y/financial/inclusions,1,True
http://www.canarabank.house/english/pm/jd/y/financial/inclusions,1,True
http://www.canarabank.studio/english/pm/jd/y/financial/inclusions,1,True
http://www.canarabank.rocks/english/pm/jd/y/financial/inclusions,0,False
http://www.canarabank.support/english/pm/jd/y/financial/inclusions,1,True
http://www.canarabank.company/english/pm/jd/y/financial/inclusions,1,True
http://www.canarabank.fun/english/pm/jd/y/financial/inclusions,1,True
http://www.canarabank.work/english/pm/jd/y/financial/inclusions,1,True
http://www.canarabank.expert/english/pm/jd/y/financial/inclusions,1,True
http://www.canarabank.tw/english/pm/jd/y/financial/inclusions,1,True
http://www.canarabank.hosting/english/pm/jd/y/financial/inclusions,1,True
http://www.canarabank.org.pe/english/pm/jd/y/financial/inclusions,1,True
http://www.canarabank.cloud/english/pm/jd/y/financial/inclusions,1,True
http://www.canarabank.com.es/english/pm/jd/y/financial/inclusions,1,True
http://www.canarabank.clinic/english/pm/jd/y/financial/inclusions,0,False
http://www.canarabank.business/english/pm/jd/y/financial/inclusions,1,True
http://www.canarabank.cash/english/pm/jd/y/financial/inclusions,0,False
http://www.canarabank.army/english/pm/jd/y/financial/inclusions,1,True
http://www.canarabank.news/english/pm/jd/y/financial/inclusions,1,True
http://www.canarabank.es/english/bps/arrears,0,False
http://www.canarabank.at/english/bps/arrears,0,False
http://www.canarabank.help/english/bps/arrears,0,False
http://www.canarabank.be/english/bps/arrears,0,False
http://www.canarabank.com.ph/english/bps/arrears,0,False
http://www.canarabank.com.pl/english/bps/arrears,0,False
http://www.canarabank.club/english/bps/arrears,0,False
http://www.canarabank.com.co/english/bps/arrears,0,False
http://www.canarabank.university/english/bps/arrears,0,False
http://www.canarabank.net.au/english/bps/arrears,0,False
http://www.canarabank.ws/english/bps/arrears,0,False
http://www.canarabank.co.nz/english/bps/arrears,0,False
http://www.canarabank.com.ve/english/bps/arrears,0,False
http://www.canarabank.net.pl/english/bps/arrears,0,False
http://www.canarabank.org.au/english/bps/arrears,0,False
http://www.canarabank.com.pe/english/bps/arrears,0,False
http://www.canarabank.cool/english/bps/arrears,0,False
http://www.canarabank.org.ph/english/bps/arrears,0,False
http://www.canarabank.legal/english/bps/arrears,0,False
http://www.canarabank.me.uk/english/bps/arrears,0,False
http://www.canarabank.house/english/bps/arrears,0,False
http://www.canarabank.studio/english/bps/arrears,0,False
http://www.canarabank.rocks/english/bps/arrears,0,False
http://www.canarabank.support/english/bps/arrears,0,False
http://www.canarabank.company/english/bps/arrears,0,False
http://www.canarabank.fun/english/bps/arrears,0,False
http://www.canarabank.work/english/bps/arrears,0,False
http://www.canarabank.expert/english/bps/arrears,0,False
http://www.canarabank.tw/english/bps/arrears,0,False
http://www.canarabank.hosting/english/bps/arrears,0,False
http://www.canarabank.org.pe/english/bps/arrears,0,False
http://www.canarabank.cloud/english/bps/arrears,0,False
http://www.canarabank.com.es/english/bps/arrears,0,False
http://www.canarabank.clinic/english/bps/arrears,0,False
http://www.canarabank.business/english/bps/arrears,0,False
http://www.canarabank.cash/english/bps/arrears,0,False
http://www.canarabank.army/english/bps/arrears,0,False
http://www.canarabank.news/english/bps/arrears,0,False
http://www.canarabank.network/english/bps/arrears,0,False
http://www.canarabank.trade/english/bps/arrears,0,False
http://www.canarabank.best/english/bps/arrears,0,False
http://www.canarabank.gold/english/bps/arrears,0,False
http://www.canarabank.global/english/bps/arrears,0,False
http://www.canarabank.ag/english/bps/arrears,0,False
http://www.canarabank.agency/english/bps/arrears,0,False
http://www.canarabank.farm/english/bps/arrears,0,False
http://www.canarabank.love/english/bps/arrears,0,False
https://www.canarabankcsis.com.pl/easy/fee,1,True
https://www.canarabankcsis.club/easy/fee,1,True
https://www.canarabankcsis.com.co/easy/fee,1,True
https://www.canarabankcsis.university/easy/fee,1,True
https://www.canarabankcsis.net.au/easy/fee,0,False
https://www.canarabankcsis.ws/easy/fee,1,True
https://www.canarabankcsis.co/easy/fee,1,True
https://www.canarabankcsis.co.nz/easy/fee,1,True
https://www.canarabankcsis.com.ve/easy/fee,1,True
https://www.canarabankcsis.net.pl/easy/fee,1,True
https://www.canarabankcsis.org.in/easy/fee,0,False
https://www.canarabankcsis.org.au/easy/fee,0,False
https://www.canarabankcsis.com.pe/easy/fee,1,True
https://www.canarabankcsis.cool/easy/fee,1,True
https://www.canarabankcsis.email/easy/fee,1,True
https://www.canarabankcsis.ltd/easy/fee,1,True
https://www.canarabankcsis.vip/easy/fee,1,True
https://www.canarabankcsis.legal/easy/fee,1,True
https://www.canarabankcsis.me.uk/easy/fee,0,False
https://www.canarabankcsis.house/easy/fee,1,True
https://www.canarabankcsis.studio/easy/fee,1,True
https://www.canarabankcsis.rocks/easy/fee,1,True
https://www.canarabankcsis.support/easy/fee,1,True
https://www.canarabankcsis.company/easy/fee,1,True
https://www.canarabankcsis.fun/easy/fee,1,True
https://www.canarabankcsis.work/easy/fee,1,True
https://www.canarabankcsis.expert/easy/fee,1,True
https://www.canarabankcsis.tw/easy/fee,1,True
https://www.canarabankcsis.hosting/easy/fee,1,True
https://www.canarabankcsis.org.pe/easy/fee,0,False
https://www.canarabankcsis.cloud/easy/fee,1,True
https://www.canarabankcsis.com.es/easy/fee,1,True
https://www.canarabankcsis.clinic/easy/fee,1,True
https://www.canarabankcsis.business/easy/fee,1,True
https://www.canarabankcsis.cash/easy/fee,1,True
https://www.canarabankcsis.army/easy/fee,1,True
http://www.canarabank.es/english/bank/services/msme/banking,0,False
http://www.canarabank.at/english/bank/services/msme/banking,1,True
http://www.canarabank.help/english/bank/services/msme/banking,1,True
http://www.canarabank.be/english/bank/services/msme/banking,0,False
http://www.canarabank.com.ph/english/bank/services/msme/banking,0,False
http://www.canarabank.com.pl/english/bank/services/msme/banking,0,False
http://www.canarabank.club/english/bank/services/msme/banking,1,True
http://www.canarabank.com.co/english/bank/services/msme/banking,0,False
http://www.canarabank.university/english/bank/services/msme/banking,1,True
http://www.canarabank.net.au/english/bank/services/msme/banking,1,True
http://www.canarabank.ws/english/bank/services/msme/banking,1,True
http://www.canarabank.co.nz/english/bank/services/msme/banking,0,False
http://www.canarabank.com.ve/english/bank/services/msme/banking,0,False
http://www.canarabank.net.pl/english/bank/services/msme/banking,1,True
http://www.canarabank.org.au/english/bank/services/msme/banking,0,False
http://www.canarabank.com.pe/english/bank/services/msme/banking,0,False
http://www.canarabank.cool/english/bank/services/msme/banking,0,False
http://www.canarabank.org.ph/english/bank/services/msme/banking,1,True
http://www.canarabank.gs/english/bank/services/msme/banking,0,False
http://www.canarabank.info.ve/english/bank/services/msme/banking,1,True
http://www.canarabank.ltd/english/bank/services/msme/banking,1,True
http://www.canarabank.vip/english/bank/services/msme/banking,0,False
http://www.canarabank.legal/english/bank/services/msme/banking,1,True
http://www.canarabank.me.uk/english/bank/services/msme/banking,0,False
http://www.canarabank.house/english/bank/services/msme/banking,0,False
http://www.canarabank.studio/english/bank/services/msme/banking,1,True
http://www.canarabank.rocks/english/bank/services/msme/banking,0,False
http://www.canarabank.support/english/bank/services/msme/banking,1,True
http://www.canarabank.company/english/bank/services/msme/banking,0,False
http://www.canarabank.fun/english/bank/services/msme/banking,1,True
http://www.canarabank.work/english/bank/services/msme/banking,1,True
http://www.canarabank.expert/english/bank/services/msme/banking,1,True
http://www.canarabank.tw/english/bank/services/msme/banking,1,True
http://www.canarabank.hosting/english/bank/services/msme/banking,1,True
http://www.canarabank.org.pe/english/bank/services/msme/banking,1,True
http://www.canarabank.cloud/english/bank/services/msme/banking,1,True
http://www.canarabank.com.es/english/bank/services/msme/banking,0,False
http://www.canarabank.clinic/english/bank/services/msme/banking,0,False
http://www.canarabank.business/english/bank/services/msme/banking,1,True
http://www.canarabank.cash/english/bank/services/msme/banking,0,False
http://www.canarabank.army/english/bank/services/msme/banking,1,True
http://www.canarabank.news/english/bank/services/msme/banking,0,False
http://www.canarabank.network/english/bank/services/msme/banking,1,True
http://www.canarabank.trade/english/bank/services/msme/banking,1,True
http://www.canarabank.best/english/bank/services/msme/banking,1,True
http://www.canarabank.gold/english/bank/services/msme/banking,1,True
http://www.canarabank.global/english/bank/services/msme/banking,1,True
http://www.canarabank.ag/english/bank/services/msme/banking,0,False
http://www.canarabank.agency/english/bank/services/msme/banking,1,True
http://www.canarabank.farm/english/bank/services/msme/banking,0,False
http://www.canarabank.love/english/bank/services/msme/banking,0,False
http://www.centralbankofindia.com.mx,0,False
http://www.centralbankofindia.com.ph,0,False
http://www.centralbankofindia.com.pl,0,False
http://www.centralbankofindia.club,0,False
http://www.centralbankofindia.com.co,0,False
http://www.centralbankofindia.university,0,False
http://www.centralbankofindia.net.au,0,False
http://www.centralbankofindia.ws,0,False
http://www.centralbankofindia.co.nz,0,False
http://www.centralbankofindia.com.ve,0,False
http://www.centralbankofindia.net.pl,0,False
http://www.centralbankofindia.org.au,0,False
http://www.centralbankofindia.com.pe,0,False
http://www.centralbankofindia.navy,0,False
http://www.centralbankofindia.tech,0,False
http://www.centralbankofindia.app,0,False
http://www.centralbankofindia.services,0,False
http://www.centralbankofindia.market,0,False
http://www.centralbankofindia.art,0,False
http://www.centralbankofindia.team,0,False
http://www.centralbankofindia.ink,0,False
http://www.centralbankofindia.casa,0,False
http://www.centralbankofindia.tips,0,False
http://www.centralbankofindia.ms,0,False
http://www.centralbankofindia.social,0,False
http://www.centralbankofindia.group,0,False
http://www.centralbankofindia.world,0,False
http://www.centralbankofindia.zone,0,False
http://www.centralbankofindia.guide,0,False
http://www.centralbankofindia.info.ve,0,False
http://www.centralbankofindia.email,0,False
http://www.centralbankofindia.ltd,0,False
http://www.centralbankofindia.vip,0,False
http://www.centralbankofindia.legal,0,False
http://www.centralbankofindia.me.uk,0,False
http://www.centralbankofindia.house,0,False
http://www.centralbankofindia.studio,0,False
http://www.centralbankofindia.rocks,0,False
http://www.centralbankofindia.support,0,False
http://www.centralbankofindia.company,0,False
http://www.centralbankofindia.fun,0,False
http://www.centralbankofindia.work,0,False
http://www.centralbankofindia.expert,0,False
http://www.centralbankofindia.fit,0,False
http://www.centralbankofindia.click,1,True
http://www.centralbankofindia.com.mx/english/career.aspx,0,False
http://www.centralbankofindia.biz/english/career.aspx,0,False
http://www.centralbankofindia.tk/english/career.aspx,0,False
http://www.centralbankofindia.us/english/career.aspx,0,False
http://www.centralbankofindia.net.cn/english/career.aspx,0,False
http://www.centralbankofindia.es/english/career.aspx,0,False
http://www.centralbankofindia.at/english/career.aspx,0,False
http://www.centralbankofindia.help/english/career.aspx,0,False
http://www.centralbankofindia.be/english/career.aspx,0,False
http://www.centralbankofindia.com.ph/english/career.aspx,0,False
http://www.centralbankofindia.com.pl/english/career.aspx,0,False
http://www.centralbankofindia.club/english/career.aspx,0,False
http://www.centralbankofindia.com.co/english/career.aspx,0,False
http://www.centralbankofindia.university/english/career.aspx,0,False
http://www.centralbankofindia.net.au/english/career.aspx,0,False
http://www.centralbankofindia.ws/english/career.aspx,0,False
http://www.centralbankofindia.co.nz/english/career.aspx,0,False
http://www.centralbankofindia.com.ve/english/career.aspx,0,False
http://www.centralbankofindia.net.pl/english/career.aspx,0,False
http://www.centralbankofindia.org.au/english/career.aspx,0,False
http://www.centralbankofindia.com.pe/english/career.aspx,0,False
http://www.centralbankofindia.navy/english/career.aspx,0,False
http://www.centralbankofindia.tech/english/career.aspx,0,False
http://www.centralbankofindia.app/english/career.aspx,0,False
http://www.centralbankofindia.services/english/career.aspx,0,False
http://www.centralbankofindia.market/english/career.aspx,0,False
http://www.centralbankofindia.art/english/career.aspx,0,False
http://www.centralbankofindia.team/english/career.aspx,0,False
http://www.centralbankofindia.ink/english/career.aspx,0,False
http://www.centralbankofindia.casa/english/career.aspx,0,False
http://www.centralbankofindia.tips/english/career.aspx,0,False
http://www.centralbankofindia.ms/english/career.aspx,0,False
http://www.centralbankofindia.social/english/career.aspx,0,False
http://www.centralbankofindia.group/english/career.aspx,0,False
http://www.centralbankofindia.world/english/career.aspx,0,False
http://www.centralbankofindia.zone/english/career.aspx,0,False
http://www.centralbankofindia.guide/english/career.aspx,0,False
http://www.centralbankofindia.info.ve/english/career.aspx,0,False
http://www.centralbankofindia.email/english/career.aspx,0,False
http://www.centralbankofindia.ltd/english/career.aspx,0,False
http://www.centralbankofindia.vip/english/career.aspx,0,False
http://www.centralbankofindia.legal/english/career.aspx,0,False
http://www.centralbankofindia.me.uk/english/career.aspx,0,False
http://www.centralbankofindia.house/english/career.aspx,0,False
http://www.centralbankofindia.studio/english/career.aspx,0,False
http://www.centralbankofindia.rocks/english/career.aspx,0,False
http://www.centralbankofindia.support/english/career.aspx,0,False
http://www.centralbankofindia.company/english/career.aspx,0,False
http://www.centralbankofindia.fun/english/career.aspx,0,False
http://www.centralbankofindia.work/english/career.aspx,0,False
http://www.centralbankofindia.expert/english/career.aspx,0,False
http://www.centralbankofindia.tw/english/career.aspx,0,False
http://www.centralbankofindia.hosting/english/career.aspx,0,False
http://www.centralbankofindia.org.pe/english/career.aspx,0,False
http://www.centralbankofindia.cloud/english/career.aspx,0,False
http://www.centralbankofindia.com.es/english/career.aspx,0,False
http://www.centralbankofindia.clinic/english/career.aspx,0,False
http://www.centralbankofindia.business/english/career.aspx,0,False
http://www.centralbankofindia.cash/english/career.aspx,0,False
http://www.centralbankofindia.army/english/career.aspx,0,False
http://www.centralbankofindia.fit/english/career.aspx,0,False
http://www.centralbankofindia.click/english/career.aspx,0,False
http://www.centralbankofindia.com.mx/home.aspx,0,False
http://www.centralbankofindia.nl/home.aspx,0,False
http://www.centralbankofindia.biz/home.aspx,0,False
http://www.centralbankofindia.tk/home.aspx,1,True
http://www.centralbankofindia.us/home.aspx,0,False
http://www.centralbankofindia.net.cn/home.aspx,0,False
http://www.centralbankofindia.es/home.aspx,0,False
http://www.centralbankofindia.at/home.aspx,0,False
http://www.centralbankofindia.help/home.aspx,0,False
http://www.centralbankofindia.be/home.aspx,0,False
http://www.centralbankofindia.com.ph/home.aspx,0,False
http://www.centralbankofindia.com.pl/home.aspx,0,False
http://www.centralbankofindia.club/home.aspx,0,False
http://www.centralbankofindia.com.co/home.aspx,0,False
http://www.centralbankofindia.university/home.aspx,0,False
http://www.centralbankofindia.net.au/home.aspx,0,False
http://www.centralbankofindia.ws/home.aspx,0,False
http://www.centralbankofindia.co.nz/home.aspx,0,False
http://www.centralbankofindia.com.ve/home.aspx,0,False
http://www.centralbankofindia.net.pl/home.aspx,0,False
http://www.centralbankofindia.org.au/home.aspx,0,False
http://www.centralbankofindia.com.pe/home.aspx,0,False
http://www.centralbankofindia.cool/home.aspx,0,False
http://www.centralbankofindia.org.ph/home.aspx,0,False
http://www.centralbankofindia.gs/home.aspx,0,False
http://www.centralbankofindia.navy/home.aspx,0,False
http://www.centralbankofindia.tech/home.aspx,0,False
http://www.centralbankofindia.app/home.aspx,0,False
http://www.centralbankofindia.services/home.aspx,0,False
http://www.centralbankofindia.market/home.aspx,0,False
http://www.centralbankofindia.art/home.aspx,0,False
http://www.centralbankofindia.team/home.aspx,0,False
http://www.centralbankofindia.ink/home.aspx,0,False
http://www.centralbankofindia.casa/home.aspx,0,False
http://www.centralbankofindia.tips/home.aspx,0,False
http://www.centralbankofindia.ms/home.aspx,0,False
http://www.centralbankofindia.social/home.aspx,0,False
http://www.centralbankofindia.group/home.aspx,0,False
http://www.centralbankofindia.world/home.aspx,0,False
http://www.centralbankofindia.zone/home.aspx,0,False
http://www.centralbankofindia.guide/home.aspx,0,False
http://www.centralbankofindia.info.ve/home.aspx,0,False
http://www.centralbankofindia.email/home.aspx,0,False
http://www.centralbankofindia.ltd/home.aspx,0,False
http://www.centralbankofindia.vip/home.aspx,0,False
http://www.centralbankofindia.legal/home.aspx,0,False
http://www.centralbankofindia.me.uk/home.aspx,0,False
http://www.centralbankofindia.house/home.aspx,0,False
http://www.centralbankofindia.studio/home.aspx,0,False
http://www.centralbankofindia.rocks/home.aspx,0,False
http://www.centralbankofindia.support/home.aspx,0,False
http://www.centralbankofindia.company/home.aspx,0,False
http://www.centralbankofindia.fun/home.aspx,0,False
http://www.centralbankofindia.work/home.aspx,0,False
http://www.centralbankofindia.expert/home.aspx,0,False
http://www.centralbankofindia.tw/home.aspx,0,False
http://www.centralbankofindia.hosting/home.aspx,0,False
http://www.centralbankofindia.org.pe/home.aspx,0,False
http://www.centralbankofindia.cloud/home.aspx,0,False
http://www.centralbankofindia.com.es/home.aspx,0,False
http://www.centralbankofindia.clinic/home.aspx,0,False
http://www.centralbankofindia.business/home.aspx,0,False
http://www.centralbankofindia.cash/home.aspx,0,False
http://www.centralbankofindia.army/home.aspx,0,False
http://www.centralbankofindia.news/home.aspx,0,False
http://www.centralbankofindia.network/home.aspx,0,False
http://www.centralbankofindia.trade/home.aspx,0,False
http://www.centralbankofindia.best/home.aspx,0,False
http://www.centralbankofindia.gold/home.aspx,0,False
http://www.centralbankofindia.global/home.aspx,0,False
http://www.centralbankofindia.ag/home.aspx,0,False
http://www.centralbankofindia.agency/home.aspx,0,False
http://www.centralbankofindia.ind.in/home.aspx,0,False
http://www.centralbankofindia.farm/home.aspx,0,False
http://www.centralbankofindia.love/home.aspx,0,False
http://www.centralbankofindia.fit/home.aspx,0,False
http://www.centralbankofindia.click/home.aspx,0,False
http://www.centralbankofindia.com.mx/english/credit/card.aspx,0,False
http://www.centralbankofindia.nl/english/credit/card.aspx,0,False
http://www.centralbankofindia.biz/english/credit/card.aspx,0,False
http://www.centralbankofindia.tk/english/credit/card.aspx,1,True
http://www.centralbankofindia.us/english/credit/card.aspx,0,False
http://www.centralbankofindia.net.cn/english/credit/card.aspx,0,False
http://www.centralbankofindia.es/english/credit/card.aspx,0,False
http://www.centralbankofindia.at/english/credit/card.aspx,0,False
http://www.centralbankofindia.help/english/credit/card.aspx,0,False
http://www.centralbankofindia.be/english/credit/card.aspx,0,False
http://www.centralbankofindia.com.ph/english/credit/card.aspx,0,False
http://www.centralbankofindia.com.pl/english/credit/card.aspx,0,False
http://www.centralbankofindia.club/english/credit/card.aspx,0,False
http://www.centralbankofindia.com.co/english/credit/card.aspx,0,False
http://www.centralbankofindia.university/english/credit/card.aspx,0,False
http://www.centralbankofindia.net.au/english/credit/card.aspx,0,False
http://www.centralbankofindia.ws/english/credit/card.aspx,0,False
http://www.centralbankofindia.co.nz/english/credit/card.aspx,0,False
http://www.centralbankofindia.com.ve/english/credit/card.aspx,0,False
http://www.centralbankofindia.net.pl/english/credit/card.aspx,0,False
http://www.centralbankofindia.org.au/english/credit/card.aspx,0,False
http://www.centralbankofindia.com.pe/english/credit/card.aspx,0,False
http://www.centralbankofindia.cool/english/credit/card.aspx,0,False
http://www.centralbankofindia.org.ph/english/credit/card.aspx,0,False
http://www.centralbankofindia.gs/english/credit/card.aspx,0,False
http://www.centralbankofindia.navy/english/credit/card.aspx,0,False
http://www.centralbankofindia.tech/english/credit/card.aspx,0,False
http://www.centralbankofindia.app/english/credit/card.aspx,0,False
http://www.centralbankofindia.services/english/credit/card.aspx,0,False
http://www.centralbankofindia.market/english/credit/card.aspx,0,False
http://www.centralbankofindia.art/english/credit/card.aspx,0,False
http://www.centralbankofindia.team/english/credit/card.aspx,0,False
http://www.centralbankofindia.ink/english/credit/card.aspx,0,False
http://www.centralbankofindia.casa/english/credit/card.aspx,0,False
http://www.centralbankofindia.tips/english/credit/card.aspx,0,False
http://www.centralbankofindia.ms/english/credit/card.aspx,0,False
http://www.centralbankofindia.social/english/credit/card.aspx,0,False
http://www.centralbankofindia.group/english/credit/card.aspx,0,False
http://www.centralbankofindia.world/english/credit/card.aspx,0,False
http://www.centralbankofindia.zone/english/credit/card.aspx,0,False
http://www.centralbankofindia.guide/english/credit/card.aspx,0,False
http://www.centralbankofindia.info.ve/english/credit/card.aspx,0,False
http://www.centralbankofindia.email/english/credit/card.aspx,0,False
http://www.centralbankofindia.ltd/english/credit/card.aspx,0,False
http://www.centralbankofindia.vip/english/credit/card.aspx,0,False
http://www.centralbankofindia.legal/english/credit/card.aspx,0,False
http://www.centralbankofindia.me.uk/english/credit/card.aspx,0,False
http://www.centralbankofindia.house/english/credit/card.aspx,0,False
http://www.centralbankofindia.studio/english/credit/card.aspx,0,False
http://www.centralbankofindia.rocks/english/credit/card.aspx,0,False
http://www.centralbankofindia.support/english/credit/card.aspx,0,False
http://www.centralbankofindia.company/english/credit/card.aspx,0,False
http://www.centralbankofindia.fun/english/credit/card.aspx,0,False
http://www.centralbankofindia.work/english/credit/card.aspx,0,False
http://www.centralbankofindia.expert/english/credit/card.aspx,0,False
http://www.centralbankofindia.tw/english/credit/card.aspx,0,False
http://www.centralbankofindia.hosting/english/credit/card.aspx,0,False
http://www.centralbankofindia.org.pe/english/credit/card.aspx,0,False
http://www.centralbankofindia.cloud/english/credit/card.aspx,0,False
http://www.centralbankofindia.com.es/english/credit/card.aspx,0,False
http://www.centralbankofindia.clinic/english/credit/card.aspx,0,False
http://www.centralbankofindia.business/english/credit/card.aspx,0,False
http://www.centralbankofindia.cash/english/credit/card.aspx,0,False
http://www.centralbankofindia.army/english/credit/card.aspx,0,False
http://www.centralbankofindia.news/english/credit/card.aspx,0,False
http://www.centralbankofindia.network/english/credit/card.aspx,0,False
http://www.centralbankofindia.trade/english/credit/card.aspx,0,False
http://www.centralbankofindia.best/english/credit/card.aspx,0,False
http://www.centralbankofindia.gold/english/credit/card.aspx,0,False
http://www.centralbankofindia.global/english/credit/card.aspx,0,False
http://www.centralbankofindia.ag/english/credit/card.aspx,0,False
http://www.centralbankofindia.agency/english/credit/card.aspx,0,False
http://www.centralbankofindia.ind.in/english/credit/card.aspx,0,False
http://www.centralbankofindia.farm/english/credit/card.aspx,0,False
http://www.centralbankofindia.love/english/credit/card.aspx,0,False
http://www.centralbankofindia.fit/english/credit/card.aspx,0,False
http://www.centralbankofindia.click/english/credit/card.aspx,1,True
http://www.citibank.net.au/us/ag/citibank/location/finder,1,True
http://www.citibank.com.ve/us/ag/citibank/location/finder,1,True
http://www.citibank.net.pl/us/ag/citibank/location/finder,1,True
http://www.citibank.info.ve/us/ag/citibank/location/finder,0,False
http://www.citibank.vip/us/ag/citibank/location/finder,0,False
http://www.citibank.me.uk/us/ag/citibank/location/finder,0,False
http://www.citibank.hosting/us/ag/citibank/location/finder,0,False
http://www.citibank.org.pe/us/ag/citibank/location/finder,0,False
https://www.citi.net.pl/credit/cards/compare/credit/cards/citi.action?idlowinterestcreditcard,1,True
https://www.citi.org.in/credit/cards/compare/credit/cards/citi.action?idlowinterestcreditcard,0,False
https://www.citi.org.au/credit/cards/compare/credit/cards/citi.action?idlowinterestcreditcard,0,False
https://www.citi.org.ph/credit/cards/compare/credit/cards/citi.action?idlowinterestcreditcard,0,False
https://www.citi.info.pl/credit/cards/compare/credit/cards/citi.action?idlowinterestcreditcard,1,True
https://www.citi.hosting/credit/cards/compare/credit/cards/citi.action?idlowinterestcreditcard,0,False
https://www.citi.ag/credit/cards/compare/credit/cards/citi.action?idlowinterestcreditcard,1,True
https://www.citi.ind.in/credit/cards/compare/credit/cards/citi.action?idlowinterestcreditcard,0,False
http://www.citibank.net.au/us/banking/citi.action?idcheckingaccountoverview,1,True
http://www.citibank.com.ve/us/banking/citi.action?idcheckingaccountoverview,1,True
http://www.citibank.net.pl/us/banking/citi.action?idcheckingaccountoverview,1,True
http://www.citibank.org.ph/us/banking/citi.action?idcheckingaccountoverview,1,True
http://www.citibank.info.pl/us/banking/citi.action?idcheckingaccountoverview,1,True
http://www.citibank.space/us/banking/citi.action?idcheckingaccountoverview,1,True
http://www.citibank.info.ve/us/banking/citi.action?idcheckingaccountoverview,1,True
http://www.citibank.vip/us/banking/citi.action?idcheckingaccountoverview,1,True
http://www.citibank.me.uk/us/banking/citi.action?idcheckingaccountoverview,1,True
http://www.citibank.hosting/us/banking/citi.action?idcheckingaccountoverview,1,True
http://www.citibank.org.pe/us/banking/citi.action?idcheckingaccountoverview,1,True
http://www.citibank.global/us/banking/citi.action?idcheckingaccountoverview,1,True
http://www.citibank.ag/us/banking/citi.action?idcheckingaccountoverview,1,True
http://www.citibank.ind.in/us/banking/citi.action?idcheckingaccountoverview,1,True
http://www.citibank.fit/us/banking/citi.action?idcheckingaccountoverview,1,True
http://www.citibank.org.nz/us/ag/small/business/banking,0,False
http://www.citibank.net.au/us/ag/small/business/banking,1,True
http://www.citibank.com.ve/us/ag/small/business/banking,1,True
http://www.citibank.net.pl/us/ag/small/business/banking,1,True
http://www.citibank.org.ph/us/ag/small/business/banking,1,True
http://www.citibank.info.pl/us/ag/small/business/banking,1,True
http://www.citibank.space/us/ag/small/business/banking,0,False
http://www.citibank.am/us/ag/small/business/banking,1,True
http://www.citibank.link/us/ag/small/business/banking,1,True
http://www.citibank.gg/us/ag/small/business/banking,1,True
http://www.citibank.art/us/ag/small/business/banking,0,False
http://www.citibank.casa/us/ag/small/business/banking,0,False
http://www.citibank.info.ve/us/ag/small/business/banking,1,True
http://www.citibank.vip/us/ag/small/business/banking,0,False
http://www.citibank.me.uk/us/ag/small/business/banking,0,False
http://www.citibank.hosting/us/ag/small/business/banking,1,True
http://www.citibank.org.pe/us/ag/small/business/banking,1,True
http://www.citibank.global/us/ag/small/business/banking,1,True
http://www.citibank.ag/us/ag/small/business/banking,0,False
http://www.citibank.ind.in/us/ag/small/business/banking,0,False
http://www.citibank.fit/us/ag/small/business/banking,0,False
http://www.citibank.org.nz/us/jr/s/p/and/s/detail.do?idinvestingciti,0,False
http://www.citibank.net.au/us/jr/s/p/and/s/detail.do?idinvestingciti,1,True
http://www.citibank.com.ve/us/jr/s/p/and/s/detail.do?idinvestingciti,0,False
http://www.citibank.net.pl/us/jr/s/p/and/s/detail.do?idinvestingciti,0,False
http://www.citibank.org.ph/us/jr/s/p/and/s/detail.do?idinvestingciti,0,False
http://www.citibank.info.pl/us/jr/s/p/and/s/detail.do?idinvestingciti,0,False
http://www.citibank.space/us/jr/s/p/and/s/detail.do?idinvestingciti,0,False
http://www.citibank.am/us/jr/s/p/and/s/detail.do?idinvestingciti,0,False
http://www.citibank.link/us/jr/s/p/and/s/detail.do?idinvestingciti,0,False
http://www.citibank.gg/us/jr/s/p/and/s/detail.do?idinvestingciti,0,False
http://www.citibank.art/us/jr/s/p/and/s/detail.do?idinvestingciti,0,False
http://www.citibank.casa/us/jr/s/p/and/s/detail.do?idinvestingciti,0,False
http://www.citibank.info.ve/us/jr/s/p/and/s/detail.do?idinvestingciti,0,False
http://www.citibank.vip/us/jr/s/p/and/s/detail.do?idinvestingciti,0,False
http://www.citibank.me.uk/us/jr/s/p/and/s/detail.do?idinvestingciti,0,False
http://www.citibank.hosting/us/jr/s/p/and/s/detail.do?idinvestingciti,0,False
http://www.citibank.org.pe/us/jr/s/p/and/s/detail.do?idinvestingciti,0,False
http://www.citibank.global/us/jr/s/p/and/s/detail.do?idinvestingciti,0,False
http://www.citibank.ag/us/jr/s/p/and/s/detail.do?idinvestingciti,0,False
http://www.citibank.ind.in/us/jr/s/p/and/s/detail.do?idinvestingciti,0,False
http://www.citibank.fit/us/jr/s/p/and/s/detail.do?idinvestingciti,0,False
https://www.cacib.org.uk/about/us/our/profile,1,True
https://www.cacib.org.nz/about/us/our/profile,1,True
https://www.cacib.tk/about/us/our/profile,1,True
https://www.cacib.help/about/us/our/profile,1,True
https://www.cacib.club/about/us/our/profile,1,True
https://www.cacib.com.co/about/us/our/profile,1,True
https://www.cacib.university/about/us/our/profile,1,True
https://www.cacib.net.au/about/us/our/profile,1,True
https://www.cacib.ws/about/us/our/profile,1,True
https://www.cacib.gg/about/us/our/profile,1,True
https://www.cacib.bz/about/us/our/profile,1,True
https://www.cacib.ai/about/us/our/profile,1,True
https://www.cacib.today/about/us/our/profile,1,True
https://www.cacib.website/about/us/our/profile,1,True
https://www.cacib.site/about/us/our/profile,1,True
https://www.cacib.navy/about/us/our/profile,1,True
https://www.cacib.tech/about/us/our/profile,1,True
https://www.cacib.app/about/us/our/profile,1,True
https://www.cacib.services/about/us/our/profile,1,True
https://www.cacib.market/about/us/our/profile,1,True
https://www.cacib.art/about/us/our/profile,1,True
https://www.cacib.team/about/us/our/profile,1,True
https://www.cacib.ink/about/us/our/profile,1,True
https://www.cacib.casa/about/us/our/profile,1,True
https://www.cacib.tips/about/us/our/profile,1,True
https://www.cacib.ms/about/us/our/profile,1,True
https://www.cacib.social/about/us/our/profile,1,True
https://www.cacib.group/about/us/our/profile,1,True
https://www.cacib.world/about/us/our/profile,1,True
https://www.cacib.zone/about/us/our/profile,1,True
https://www.cacib.guide/about/us/our/profile,1,True
https://www.cacib.info.ve/about/us/our/profile,1,True
https://www.cacib.email/about/us/our/profile,1,True
https://www.cacib.ltd/about/us/our/profile,1,True
https://www.cacib.vip/about/us/our/profile,1,True
https://www.cacib.legal/about/us/our/profile,1,True
https://www.cacib.me.uk/about/us/our/profile,1,True
https://www.cacib.house/about/us/our/profile,1,True
https://www.cacib.org.uk/about/us/committed/and/responsible/our/sustainable/financing/policy,1,True
https://www.cacib.org.nz/about/us/committed/and/responsible/our/sustainable/financing/policy,1,True
https://www.cacib.tk/about/us/committed/and/responsible/our/sustainable/financing/policy,1,True
https://www.cacib.help/about/us/committed/and/responsible/our/sustainable/financing/policy,1,True
https://www.cacib.club/about/us/committed/and/responsible/our/sustainable/financing/policy,1,True
https://www.cacib.com.co/about/us/committed/and/responsible/our/sustainable/financing/policy,1,True
https://www.cacib.university/about/us/committed/and/responsible/our/sustainable/financing/policy,1,True
https://www.cacib.net.au/about/us/committed/and/responsible/our/sustainable/financing/policy,1,True
https://www.cacib.ws/about/us/committed/and/responsible/our/sustainable/financing/policy,1,True
https://www.cacib.co.nz/about/us/committed/and/responsible/our/sustainable/financing/policy,1,True
https://www.cacib.net.pl/about/us/committed/and/responsible/our/sustainable/financing/policy,1,True
https://www.cacib.org.in/about/us/committed/and/responsible/our/sustainable/financing/policy,1,True
https://www.cacib.org.au/about/us/committed/and/responsible/our/sustainable/financing/policy,1,True
https://www.cacib.com.pe/about/us/committed/and/responsible/our/sustainable/financing/policy,1,True
https://www.cacib.cool/about/us/committed/and/responsible/our/sustainable/financing/policy,1,True
https://www.cacib.org.ph/about/us/committed/and/responsible/our/sustainable/financing/policy,1,True
https://www.cacib.gs/about/us/committed/and/responsible/our/sustainable/financing/policy,1,True
https://www.cacib.gg/about/us/committed/and/responsible/our/sustainable/financing/policy,1,True
https://www.cacib.bz/about/us/committed/and/responsible/our/sustainable/financing/policy,1,True
https://www.cacib.ai/about/us/committed/and/responsible/our/sustainable/financing/policy,1,True
https://www.cacib.today/about/us/committed/and/responsible/our/sustainable/financing/policy,1,True
https://www.cacib.website/about/us/committed/and/responsible/our/sustainable/financing/policy,1,True
https://www.cacib.site/about/us/committed/and/responsible/our/sustainable/financing/policy,1,True
https://www.cacib.navy/about/us/committed/and/responsible/our/sustainable/financing/policy,1,True
https://www.cacib.tech/about/us/committed/and/responsible/our/sustainable/financing/policy,1,True
https://www.cacib.app/about/us/committed/and/responsible/our/sustainable/financing/policy,1,True
https://www.cacib.services/about/us/committed/and/responsible/our/sustainable/financing/policy,1,True
https://www.cacib.market/about/us/committed/and/responsible/our/sustainable/financing/policy,1,True
https://www.cacib.art/about/us/committed/and/responsible/our/sustainable/financing/policy,1,True
https://www.cacib.team/about/us/committed/and/responsible/our/sustainable/financing/policy,1,True
https://www.cacib.ink/about/us/committed/and/responsible/our/sustainable/financing/policy,1,True
https://www.cacib.casa/about/us/committed/and/responsible/our/sustainable/financing/policy,1,True
https://www.cacib.tips/about/us/committed/and/responsible/our/sustainable/financing/policy,1,True
https://www.cacib.ms/about/us/committed/and/responsible/our/sustainable/financing/policy,1,True
https://www.cacib.social/about/us/committed/and/responsible/our/sustainable/financing/policy,1,True
https://www.cacib.group/about/us/committed/and/responsible/our/sustainable/financing/policy,1,True
https://www.cacib.world/about/us/committed/and/responsible/our/sustainable/financing/policy,1,True
https://www.cacib.zone/about/us/committed/and/responsible/our/sustainable/financing/policy,1,True
https://www.cacib.guide/about/us/committed/and/responsible/our/sustainable/financing/policy,1,True
https://www.cacib.info.ve/about/us/committed/and/responsible/our/sustainable/financing/policy,1,True
https://www.cacib.email/about/us/committed/and/responsible/our/sustainable/financing/policy,1,True
https://www.cacib.ltd/about/us/committed/and/responsible/our/sustainable/financing/policy,1,True
https://www.cacib.vip/about/us/committed/and/responsible/our/sustainable/financing/policy,1,True
https://www.cacib.legal/about/us/committed/and/responsible/our/sustainable/financing/policy,1,True
https://www.cacib.me.uk/about/us/committed/and/responsible/our/sustainable/financing/policy,1,True
https://www.cacib.house/about/us/committed/and/responsible/our/sustainable/financing/policy,1,True
https://www.cacib.clinic/about/us/committed/and/responsible/our/sustainable/financing/policy,1,True
https://www.cacib.business/about/us/committed/and/responsible/our/sustainable/financing/policy,1,True
https://www.cacib.cash/about/us/committed/and/responsible/our/sustainable/financing/policy,1,True
https://www.cacib.army/about/us/committed/and/responsible/our/sustainable/financing/policy,1,True
https://www.cacib.news/about/us/committed/and/responsible/our/sustainable/financing/policy,1,True
https://www.cacib.network/about/us/committed/and/responsible/our/sustainable/financing/policy,1,True
https://www.cacib.trade/about/us/committed/and/responsible/our/sustainable/financing/policy,1,True
https://www.cacib.best/about/us/committed/and/responsible/our/sustainable/financing/policy,1,True
https://www.cacib.gold/about/us/committed/and/responsible/our/sustainable/financing/policy,1,True
https://www.cacib.global/about/us/committed/and/responsible/our/sustainable/financing/policy,1,True
https://www.cacib.ag/about/us/committed/and/responsible/our/sustainable/financing/policy,1,True
https://www.cacib.agency/about/us/committed/and/responsible/our/sustainable/financing/policy,1,True
https://www.cacib.ind.in/about/us/committed/and/responsible/our/sustainable/financing/policy,1,True
https://www.cacib.farm/about/us/committed/and/responsible/our/sustainable/financing/policy,1,True
https://www.cacib.love/about/us/committed/and/responsible/our/sustainable/financing/policy,1,True
https://www.cacib.fit/about/us/committed/and/responsible/our/sustainable/financing/policy,1,True
https://www.cacib.xyz/about/us/financial/information/regulated/information,1,True
https://www.cacib.org.uk/about/us/financial/information/regulated/information,1,True
https://www.cacib.org.nz/about/us/financial/information/regulated/information,1,True
https://www.cacib.tk/about/us/financial/information/regulated/information,1,True
https://www.cacib.help/about/us/financial/information/regulated/information,1,True
https://www.cacib.com.ph/about/us/financial/information/regulated/information,1,True
https://www.cacib.club/about/us/financial/information/regulated/information,1,True
https://www.cacib.com.co/about/us/financial/information/regulated/information,1,True
https://www.cacib.university/about/us/financial/information/regulated/information,1,True
https://www.cacib.net.au/about/us/financial/information/regulated/information,1,True
https://www.cacib.ws/about/us/financial/information/regulated/information,1,True
https://www.cacib.co.nz/about/us/financial/information/regulated/information,1,True
https://www.cacib.net.pl/about/us/financial/information/regulated/information,1,True
https://www.cacib.org.in/about/us/financial/information/regulated/information,1,True
https://www.cacib.org.au/about/us/financial/information/regulated/information,1,True
https://www.cacib.com.pe/about/us/financial/information/regulated/information,1,True
https://www.cacib.cool/about/us/financial/information/regulated/information,1,True
https://www.cacib.org.ph/about/us/financial/information/regulated/information,1,True
https://www.cacib.gs/about/us/financial/information/regulated/information,1,True
https://www.cacib.am/about/us/financial/information/regulated/information,1,True
https://www.cacib.live/about/us/financial/information/regulated/information,1,True
https://www.cacib.life/about/us/financial/information/regulated/information,1,True
https://www.cacib.link/about/us/financial/information/regulated/information,1,True
https://www.cacib.center/about/us/financial/information/regulated/information,1,True
https://www.cacib.store/about/us/financial/information/regulated/information,1,True
https://www.cacib.gg/about/us/financial/information/regulated/information,1,True
https://www.cacib.bz/about/us/financial/information/regulated/information,1,True
https://www.cacib.ai/about/us/financial/information/regulated/information,1,True
https://www.cacib.today/about/us/financial/information/regulated/information,1,True
https://www.cacib.website/about/us/financial/information/regulated/information,1,True
https://www.cacib.site/about/us/financial/information/regulated/information,1,True
https://www.cacib.navy/about/us/financial/information/regulated/information,1,True
https://www.cacib.tech/about/us/financial/information/regulated/information,1,True
https://www.cacib.app/about/us/financial/information/regulated/information,1,True
https://www.cacib.services/about/us/financial/information/regulated/information,1,True
https://www.cacib.market/about/us/financial/information/regulated/information,1,True
https://www.cacib.art/about/us/financial/information/regulated/information,1,True
https://www.cacib.team/about/us/financial/information/regulated/information,1,True
https://www.cacib.ink/about/us/financial/information/regulated/information,1,True
https://www.cacib.casa/about/us/financial/information/regulated/information,1,True
https://www.cacib.tips/about/us/financial/information/regulated/information,1,True
https://www.cacib.ms/about/us/financial/information/regulated/information,1,True
https://www.cacib.social/about/us/financial/information/regulated/information,1,True
https://www.cacib.group/about/us/financial/information/regulated/information,1,True
https://www.cacib.world/about/us/financial/information/regulated/information,1,True
https://www.cacib.zone/about/us/financial/information/regulated/information,1,True
https://www.cacib.guide/about/us/financial/information/regulated/information,1,True
https://www.cacib.info.ve/about/us/financial/information/regulated/information,1,True
https://www.cacib.email/about/us/financial/information/regulated/information,1,True
https://www.cacib.ltd/about/us/financial/information/regulated/information,1,True
https://www.cacib.vip/about/us/financial/information/regulated/information,1,True
https://www.cacib.legal/about/us/financial/information/regulated/information,1,True
https://www.cacib.me.uk/about/us/financial/information/regulated/information,1,True
https://www.cacib.house/about/us/financial/information/regulated/information,1,True
https://www.cacib.studio/about/us/financial/information/regulated/information,1,True
https://www.cacib.rocks/about/us/financial/information/regulated/information,1,True
https://www.cacib.support/about/us/financial/information/regulated/information,1,True
https://www.cacib.company/about/us/financial/information/regulated/information,1,True
https://www.cacib.fun/about/us/financial/information/regulated/information,1,True
https://www.cacib.work/about/us/financial/information/regulated/information,1,True
https://www.cacib.expert/about/us/financial/information/regulated/information,1,True
https://www.cacib.clinic/about/us/financial/information/regulated/information,1,True
https://www.cacib.business/about/us/financial/information/regulated/information,1,True
https://www.cacib.cash/about/us/financial/information/regulated/information,1,True
https://www.cacib.army/about/us/financial/information/regulated/information,1,True
https://www.cacib.news/about/us/financial/information/regulated/information,1,True
https://www.cacib.network/about/us/financial/information/regulated/information,1,True
https://www.cacib.trade/about/us/financial/information/regulated/information,1,True
https://www.cacib.best/about/us/financial/information/regulated/information,1,True
https://www.cacib.gold/about/us/financial/information/regulated/information,1,True
https://www.cacib.global/about/us/financial/information/regulated/information,1,True
https://www.cacib.ag/about/us/financial/information/regulated/information,1,True
https://www.cacib.agency/about/us/financial/information/regulated/information,1,True
https://www.cacib.ind.in/about/us/financial/information/regulated/information,1,True
https://www.cacib.farm/about/us/financial/information/regulated/information,1,True
https://www.cacib.love/about/us/financial/information/regulated/information,1,True
https://www.cacib.fit/about/us/financial/information/regulated/information,1,True
https://www.cacib.xyz/about/us/compliance/compliance/customer/protection,1,True
https://www.cacib.org.uk/about/us/compliance/compliance/customer/protection,1,True
https://www.cacib.org.nz/about/us/compliance/compliance/customer/protection,1,True
https://www.cacib.tk/about/us/compliance/compliance/customer/protection,1,True
https://www.cacib.help/about/us/compliance/compliance/customer/protection,1,True
https://www.cacib.com.ph/about/us/compliance/compliance/customer/protection,1,True
https://www.cacib.club/about/us/compliance/compliance/customer/protection,1,True
https://www.cacib.com.co/about/us/compliance/compliance/customer/protection,1,True
https://www.cacib.university/about/us/compliance/compliance/customer/protection,1,True
https://www.cacib.net.au/about/us/compliance/compliance/customer/protection,1,True
https://www.cacib.ws/about/us/compliance/compliance/customer/protection,1,True
https://www.cacib.co.nz/about/us/compliance/compliance/customer/protection,1,True
https://www.cacib.net.pl/about/us/compliance/compliance/customer/protection,1,True
https://www.cacib.org.in/about/us/compliance/compliance/customer/protection,1,True
https://www.cacib.org.au/about/us/compliance/compliance/customer/protection,1,True
https://www.cacib.com.pe/about/us/compliance/compliance/customer/protection,1,True
https://www.cacib.cool/about/us/compliance/compliance/customer/protection,1,True
https://www.cacib.org.ph/about/us/compliance/compliance/customer/protection,1,True
https://www.cacib.gs/about/us/compliance/compliance/customer/protection,1,True
https://www.cacib.host/about/us/compliance/compliance/customer/protection,1,True
https://www.cacib.info.pl/about/us/compliance/compliance/customer/protection,1,True
https://www.cacib.mobi/about/us/compliance/compliance/customer/protection,1,True
https://www.cacib.space/about/us/compliance/compliance/customer/protection,1,True
https://www.cacib.la/about/us/compliance/compliance/customer/protection,1,True
https://www.cacib.net.in/about/us/compliance/compliance/customer/protection,1,True
https://www.cacib.am/about/us/compliance/compliance/customer/protection,1,True
https://www.cacib.live/about/us/compliance/compliance/customer/protection,1,True
https://www.cacib.life/about/us/compliance/compliance/customer/protection,1,True
https://www.cacib.link/about/us/compliance/compliance/customer/protection,1,True
https://www.cacib.center/about/us/compliance/compliance/customer/protection,1,True
https://www.cacib.store/about/us/compliance/compliance/customer/protection,1,True
https://www.cacib.gg/about/us/compliance/compliance/customer/protection,1,True
https://www.cacib.bz/about/us/compliance/compliance/customer/protection,1,True
https://www.cacib.ai/about/us/compliance/compliance/customer/protection,1,True
https://www.cacib.today/about/us/compliance/compliance/customer/protection,1,True
https://www.cacib.website/about/us/compliance/compliance/customer/protection,1,True
https://www.cacib.site/about/us/compliance/compliance/customer/protection,1,True
https://www.cacib.navy/about/us/compliance/compliance/customer/protection,1,True
https://www.cacib.tech/about/us/compliance/compliance/customer/protection,1,True
https://www.cacib.app/about/us/compliance/compliance/customer/protection,1,True
https://www.cacib.services/about/us/compliance/compliance/customer/protection,1,True
https://www.cacib.market/about/us/compliance/compliance/customer/protection,1,True
https://www.cacib.art/about/us/compliance/compliance/customer/protection,1,True
https://www.cacib.team/about/us/compliance/compliance/customer/protection,1,True
https://www.cacib.ink/about/us/compliance/compliance/customer/protection,1,True
https://www.cacib.casa/about/us/compliance/compliance/customer/protection,1,True
https://www.cacib.tips/about/us/compliance/compliance/customer/protection,1,True
https://www.cacib.ms/about/us/compliance/compliance/customer/protection,1,True
https://www.cacib.social/about/us/compliance/compliance/customer/protection,1,True
https://www.cacib.group/about/us/compliance/compliance/customer/protection,1,True
https://www.cacib.world/about/us/compliance/compliance/customer/protection,1,True
https://www.cacib.zone/about/us/compliance/compliance/customer/protection,1,True
https://www.cacib.guide/about/us/compliance/compliance/customer/protection,1,True
https://www.cacib.info.ve/about/us/compliance/compliance/customer/protection,1,True
https://www.cacib.email/about/us/compliance/compliance/customer/protection,1,True
https://www.cacib.ltd/about/us/compliance/compliance/customer/protection,1,True
https://www.cacib.vip/about/us/compliance/compliance/customer/protection,1,True
https://www.cacib.legal/about/us/compliance/compliance/customer/protection,1,True
https://www.cacib.me.uk/about/us/compliance/compliance/customer/protection,1,True
https://www.cacib.house/about/us/compliance/compliance/customer/protection,1,True
https://www.cacib.studio/about/us/compliance/compliance/customer/protection,1,True
https://www.cacib.rocks/about/us/compliance/compliance/customer/protection,1,True
https://www.cacib.support/about/us/compliance/compliance/customer/protection,1,True
https://www.cacib.company/about/us/compliance/compliance/customer/protection,1,True
https://www.cacib.fun/about/us/compliance/compliance/customer/protection,1,True
https://www.cacib.work/about/us/compliance/compliance/customer/protection,1,True
https://www.cacib.expert/about/us/compliance/compliance/customer/protection,1,True
https://www.cacib.clinic/about/us/compliance/compliance/customer/protection,1,True
https://www.cacib.business/about/us/compliance/compliance/customer/protection,1,True
https://www.cacib.cash/about/us/compliance/compliance/customer/protection,1,True
https://www.cacib.army/about/us/compliance/compliance/customer/protection,1,True
https://www.cacib.news/about/us/compliance/compliance/customer/protection,1,True
https://www.cacib.network/about/us/compliance/compliance/customer/protection,1,True
https://www.cacib.trade/about/us/compliance/compliance/customer/protection,1,True
https://www.cacib.best/about/us/compliance/compliance/customer/protection,1,True
https://www.cacib.gold/about/us/compliance/compliance/customer/protection,1,True
https://www.cacib.global/about/us/compliance/compliance/customer/protection,1,True
https://www.cacib.ag/about/us/compliance/compliance/customer/protection,1,True
https://www.cacib.agency/about/us/compliance/compliance/customer/protection,1,True
https://www.cacib.ind.in/about/us/compliance/compliance/customer/protection,1,True
https://www.cacib.farm/about/us/compliance/compliance/customer/protection,1,True
https://www.cacib.love/about/us/compliance/compliance/customer/protection,1,True
https://www.cacib.fit/about/us/compliance/compliance/customer/protection,1,True
https://www.cacib.xyz/careers/our/business/lines,1,True
https://www.cacib.org.uk/careers/our/business/lines,0,False
https://www.cacib.org.nz/careers/our/business/lines,1,True
https://www.cacib.tk/careers/our/business/lines,1,True
https://www.cacib.help/careers/our/business/lines,1,True
https://www.cacib.com.ph/careers/our/business/lines,1,True
https://www.cacib.club/careers/our/business/lines,1,True
https://www.cacib.com.co/careers/our/business/lines,1,True
https://www.cacib.university/careers/our/business/lines,1,True
https://www.cacib.net.au/careers/our/business/lines,1,True
https://www.cacib.ws/careers/our/business/lines,1,True
https://www.cacib.co.nz/careers/our/business/lines,1,True
https://www.cacib.net.pl/careers/our/business/lines,1,True
https://www.cacib.org.in/careers/our/business/lines,0,False
https://www.cacib.org.au/careers/our/business/lines,1,True
https://www.cacib.com.pe/careers/our/business/lines,1,True
https://www.cacib.cool/careers/our/business/lines,1,True
https://www.cacib.org.ph/careers/our/business/lines,1,True
https://www.cacib.gs/careers/our/business/lines,1,True
https://www.cacib.host/careers/our/business/lines,1,True
https://www.cacib.info.pl/careers/our/business/lines,1,True
https://www.cacib.mobi/careers/our/business/lines,1,True
https://www.cacib.space/careers/our/business/lines,1,True
https://www.cacib.la/careers/our/business/lines,1,True
https://www.cacib.net.in/careers/our/business/lines,0,False
https://www.cacib.am/careers/our/business/lines,1,True
https://www.cacib.live/careers/our/business/lines,1,True
https://www.cacib.life/careers/our/business/lines,1,True
https://www.cacib.link/careers/our/business/lines,1,True
https://www.cacib.center/careers/our/business/lines,1,True
https://www.cacib.store/careers/our/business/lines,1,True
https://www.cacib.gg/careers/our/business/lines,1,True
https://www.cacib.bz/careers/our/business/lines,1,True
https://www.cacib.ai/careers/our/business/lines,1,True
https://www.cacib.today/careers/our/business/lines,1,True
https://www.cacib.website/careers/our/business/lines,1,True
https://www.cacib.site/careers/our/business/lines,1,True
https://www.cacib.navy/careers/our/business/lines,1,True
https://www.cacib.tech/careers/our/business/lines,1,True
https://www.cacib.app/careers/our/business/lines,1,True
https://www.cacib.services/careers/our/business/lines,1,True
https://www.cacib.market/careers/our/business/lines,1,True
https://www.cacib.art/careers/our/business/lines,1,True
https://www.cacib.team/careers/our/business/lines,1,True
https://www.cacib.ink/careers/our/business/lines,1,True
https://www.cacib.casa/careers/our/business/lines,1,True
https://www.cacib.tips/careers/our/business/lines,1,True
https://www.cacib.ms/careers/our/business/lines,1,True
https://www.cacib.social/careers/our/business/lines,1,True
https://www.cacib.group/careers/our/business/lines,1,True
https://www.cacib.world/careers/our/business/lines,1,True
https://www.cacib.zone/careers/our/business/lines,1,True
https://www.cacib.guide/careers/our/business/lines,0,False
https://www.cacib.info.ve/careers/our/business/lines,1,True
https://www.cacib.email/careers/our/business/lines,1,True
https://www.cacib.ltd/careers/our/business/lines,1,True
https://www.cacib.vip/careers/our/business/lines,1,True
https://www.cacib.legal/careers/our/business/lines,1,True
https://www.cacib.me.uk/careers/our/business/lines,0,False
https://www.cacib.house/careers/our/business/lines,1,True
https://www.cacib.studio/careers/our/business/lines,1,True
https://www.cacib.rocks/careers/our/business/lines,1,True
https://www.cacib.support/careers/our/business/lines,1,True
https://www.cacib.company/careers/our/business/lines,1,True
https://www.cacib.fun/careers/our/business/lines,1,True
https://www.cacib.work/careers/our/business/lines,1,True
https://www.cacib.expert/careers/our/business/lines,1,True
https://www.cacib.clinic/careers/our/business/lines,0,False
https://www.cacib.business/careers/our/business/lines,1,True
https://www.cacib.cash/careers/our/business/lines,1,True
https://www.cacib.army/careers/our/business/lines,1,True
https://www.cacib.news/careers/our/business/lines,1,True
https://www.cacib.network/careers/our/business/lines,1,True
https://www.cacib.trade/careers/our/business/lines,1,True
https://www.cacib.best/careers/our/business/lines,1,True
https://www.cacib.gold/careers/our/business/lines,1,True
https://www.cacib.global/careers/our/business/lines,1,True
https://www.cacib.ag/careers/our/business/lines,1,True
https://www.cacib.agency/careers/our/business/lines,1,True
https://www.cacib.ind.in/careers/our/business/lines,0,False
https://www.cacib.farm/careers/our/business/lines,1,True
https://www.cacib.love/careers/our/business/lines,1,True
https://www.cacib.fit/careers/our/business/lines,1,True
http://www.creditsuisse.help/triage,0,False
http://www.creditsuisse.club/triage,0,False
http://www.creditsuisse.com.co/triage,1,True
http://www.creditsuisse.website/triage,1,True
http://www.creditsuisse.tech/triage,0,False
http://www.creditsuisse.art/triage,0,False
http://www.creditsuisse.ink/triage,0,False
http://www.creditsuisse.casa/triage,0,False
http://www.creditsuisse.info.ve/triage,0,False
http://www.creditsuisse.store/au/en/private/banking/manage/your/wealth/investment/solutions.html,1,True
http://www.creditsuisse.website/au/en/private/banking/manage/your/wealth/investment/solutions.html,1,True
http://www.creditsuisse.tech/au/en/private/banking/manage/your/wealth/investment/solutions.html,1,True
http://www.creditsuisse.art/au/en/private/banking/manage/your/wealth/investment/solutions.html,1,True
http://www.creditsuisse.ink/au/en/private/banking/manage/your/wealth/investment/solutions.html,1,True
http://www.creditsuisse.casa/au/en/private/banking/manage/your/wealth/investment/solutions.html,1,True
http://www.creditsuisse.info.ve/au/en/private/banking/manage/your/wealth/investment/solutions.html,1,True
http://www.creditsuisse.help/au/en/private/banking/secure/your/legacy.html,1,True
http://www.creditsuisse.club/au/en/private/banking/secure/your/legacy.html,1,True
http://www.creditsuisse.com.co/au/en/private/banking/secure/your/legacy.html,1,True
http://www.creditsuisse.store/au/en/private/banking/secure/your/legacy.html,1,True
http://www.creditsuisse.website/au/en/private/banking/secure/your/legacy.html,1,True
http://www.creditsuisse.tech/au/en/private/banking/secure/your/legacy.html,1,True
http://www.creditsuisse.art/au/en/private/banking/secure/your/legacy.html,1,True
http://www.creditsuisse.ink/au/en/private/banking/secure/your/legacy.html,1,True
http://www.creditsuisse.casa/au/en/private/banking/secure/your/legacy.html,1,True
http://www.creditsuisse.info.ve/au/en/private/banking/secure/your/legacy.html,1,True
http://www.creditsuisse.me.uk/au/en/private/banking/secure/your/legacy.html,1,True
http://www.creditsuisse.help/au/en/investment/banking/apac/apac/markets.html,0,False
http://www.creditsuisse.club/au/en/investment/banking/apac/apac/markets.html,0,False
http://www.creditsuisse.com.co/au/en/investment/banking/apac/apac/markets.html,1,True
http://www.creditsuisse.store/au/en/investment/banking/apac/apac/markets.html,0,False
http://www.creditsuisse.website/au/en/investment/banking/apac/apac/markets.html,0,False
http://www.creditsuisse.tech/au/en/investment/banking/apac/apac/markets.html,1,True
http://www.creditsuisse.art/au/en/investment/banking/apac/apac/markets.html,0,False
http://www.creditsuisse.ink/au/en/investment/banking/apac/apac/markets.html,0,False
http://www.creditsuisse.casa/au/en/investment/banking/apac/apac/markets.html,0,False
http://www.creditsuisse.info.ve/au/en/investment/banking/apac/apac/markets.html,1,True
http://www.creditsuisse.me.uk/au/en/investment/banking/apac/apac/markets.html,0,False
http://www.creditsuisse.fun/au/en/investment/banking/apac/apac/markets.html,1,True
http://www.creditsuisse.work/au/en/investment/banking/apac/apac/markets.html,0,False
http://www.creditsuisse.hosting/au/en/investment/banking/apac/apac/markets.html,1,True
http://www.creditsuisse.org.pe/au/en/investment/banking/apac/apac/markets.html,1,True
http://www.creditsuisse.cloud/au/en/investment/banking/apac/apac/markets.html,1,True
http://www.google.org.au/support/accounts?hlen,1,True
https://accounts.google.org.au/sign/up?continuehttpsaffplusgooglecomffhlden,1,True
https://accounts.google.org.ph/sign/up?continuehttpsaffplusgooglecomffhlden,1,True
https://accounts.google.org.au/sign/in/recovery?continuehttpsaffplusgooglecomffhlden,1,True
https://accounts.google.org.ph/sign/in/recovery?continuehttpsaffplusgooglecomffhlden,1,True
http://www.dicgc.com.ve,0,False
http://www.dicgc.net.pl,0,False
http://www.dicgc.org.au,0,False
http://www.dicgc.com.pe,0,False
http://www.dicgc.cool,0,False
http://www.dicgc.org.ph,0,False
http://www.dicgc.gs,0,False
http://www.dicgc.co.in,0,False
http://www.dicgc.host,0,False
http://www.dicgc.info.pl,0,False
http://www.dicgc.mobi,0,False
http://www.dicgc.space,0,False
http://www.dicgc.pro,0,False
http://www.dicgc.la,0,False
http://www.dicgc.net.in,0,False
http://www.dicgc.clinic,0,False
http://www.dicgc.business,0,False
http://www.dicgc.cash,0,False
http://www.dicgc.army,0,False
http://www.dicgc.news,0,False
http://www.dicgc.network,0,False
http://www.dicgc.trade,0,False
http://www.dicgc.best,0,False
http://www.dicgc.gold,0,False
http://www.dicgc.global,0,False
http://www.dicgc.ag,0,False
http://www.dicgc.agency,0,False
http://www.dicgc.ind.in,0,False
http://www.dicgc.farm,0,False
http://www.dicgc.love,0,False
http://www.dicgc.fit,0,False
http://www.dicgc.com.ve/premium/payment/through/electronic/mode.html,0,False
http://www.dicgc.net.pl/premium/payment/through/electronic/mode.html,0,False
http://www.dicgc.org.au/premium/payment/through/electronic/mode.html,0,False
http://www.dicgc.com.pe/premium/payment/through/electronic/mode.html,0,False
http://www.dicgc.cool/premium/payment/through/electronic/mode.html,0,False
http://www.dicgc.org.ph/premium/payment/through/electronic/mode.html,0,False
http://www.dicgc.gs/premium/payment/through/electronic/mode.html,0,False
http://www.dicgc.co.in/premium/payment/through/electronic/mode.html,0,False
http://www.dicgc.host/premium/payment/through/electronic/mode.html,0,False
http://www.dicgc.info.pl/premium/payment/through/electronic/mode.html,0,False
http://www.dicgc.mobi/premium/payment/through/electronic/mode.html,0,False
http://www.dicgc.space/premium/payment/through/electronic/mode.html,0,False
http://www.dicgc.pro/premium/payment/through/electronic/mode.html,0,False
http://www.dicgc.la/premium/payment/through/electronic/mode.html,0,False
http://www.dicgc.net.in/premium/payment/through/electronic/mode.html,0,False
http://www.dicgc.org.cn/premium/payment/through/electronic/mode.html,0,False
http://www.dicgc.online/premium/payment/through/electronic/mode.html,0,False
http://www.dicgc.am/premium/payment/through/electronic/mode.html,0,False
http://www.dicgc.live/premium/payment/through/electronic/mode.html,0,False
http://www.dicgc.life/premium/payment/through/electronic/mode.html,0,False
http://www.dicgc.link/premium/payment/through/electronic/mode.html,0,False
http://www.dicgc.center/premium/payment/through/electronic/mode.html,0,False
http://www.dicgc.store/premium/payment/through/electronic/mode.html,0,False
http://www.dicgc.gg/premium/payment/through/electronic/mode.html,0,False
http://www.dicgc.bz/premium/payment/through/electronic/mode.html,0,False
http://www.dicgc.clinic/premium/payment/through/electronic/mode.html,0,False
http://www.dicgc.business/premium/payment/through/electronic/mode.html,0,False
http://www.dicgc.cash/premium/payment/through/electronic/mode.html,0,False
http://www.dicgc.army/premium/payment/through/electronic/mode.html,0,False
http://www.dicgc.news/premium/payment/through/electronic/mode.html,0,False
http://www.dicgc.network/premium/payment/through/electronic/mode.html,0,False
http://www.dicgc.trade/premium/payment/through/electronic/mode.html,0,False
http://www.dicgc.best/premium/payment/through/electronic/mode.html,0,False
http://www.dicgc.gold/premium/payment/through/electronic/mode.html,0,False
http://www.dicgc.global/premium/payment/through/electronic/mode.html,0,False
http://www.dicgc.ag/premium/payment/through/electronic/mode.html,0,False
http://www.dicgc.agency/premium/payment/through/electronic/mode.html,0,False
http://www.dicgc.ind.in/premium/payment/through/electronic/mode.html,0,False
http://www.dicgc.farm/premium/payment/through/electronic/mode.html,0,False
http://www.dicgc.love/premium/payment/through/electronic/mode.html,0,False
http://www.dicgc.fit/premium/payment/through/electronic/mode.html,0,False
http://www.dicgc.click/premium/payment/through/electronic/mode.html,1,True
http://www.dicgc.com.mx/fdl/dr/b/commercial/banks.aspx,1,True
http://www.dicgc.nl/fdl/dr/b/commercial/banks.aspx,0,False
http://www.dicgc.co.za/fdl/dr/b/commercial/banks.aspx,1,True
http://www.dicgc.com.au/fdl/dr/b/commercial/banks.aspx,1,True
http://www.dicgc.ch/fdl/dr/b/commercial/banks.aspx,0,False
http://www.dicgc.org.uk/fdl/dr/b/commercial/banks.aspx,0,False
http://www.dicgc.ca/fdl/dr/b/commercial/banks.aspx,0,False
http://www.dicgc.asia/fdl/dr/b/commercial/banks.aspx,0,False
http://www.dicgc.org.nz/fdl/dr/b/commercial/banks.aspx,0,False
http://www.dicgc.sg/fdl/dr/b/commercial/banks.aspx,0,False
http://www.dicgc.ph/fdl/dr/b/commercial/banks.aspx,1,True
http://www.dicgc.com.cn/fdl/dr/b/commercial/banks.aspx,1,True
http://www.dicgc.com.ve/fdl/dr/b/commercial/banks.aspx,1,True
http://www.dicgc.net.pl/fdl/dr/b/commercial/banks.aspx,1,True
http://www.dicgc.org.au/fdl/dr/b/commercial/banks.aspx,0,False
http://www.dicgc.com.pe/fdl/dr/b/commercial/banks.aspx,1,True
http://www.dicgc.cool/fdl/dr/b/commercial/banks.aspx,0,False
http://www.dicgc.org.ph/fdl/dr/b/commercial/banks.aspx,1,True
http://www.dicgc.gs/fdl/dr/b/commercial/banks.aspx,1,True
http://www.dicgc.co.in/fdl/dr/b/commercial/banks.aspx,0,False
http://www.dicgc.host/fdl/dr/b/commercial/banks.aspx,1,True
http://www.dicgc.info.pl/fdl/dr/b/commercial/banks.aspx,1,True
http://www.dicgc.mobi/fdl/dr/b/commercial/banks.aspx,1,True
http://www.dicgc.space/fdl/dr/b/commercial/banks.aspx,1,True
http://www.dicgc.pro/fdl/dr/b/commercial/banks.aspx,0,False
http://www.dicgc.la/fdl/dr/b/commercial/banks.aspx,0,False
http://www.dicgc.net.in/fdl/dr/b/commercial/banks.aspx,0,False
http://www.dicgc.org.cn/fdl/dr/b/commercial/banks.aspx,1,True
http://www.dicgc.online/fdl/dr/b/commercial/banks.aspx,1,True
http://www.dicgc.am/fdl/dr/b/commercial/banks.aspx,0,False
http://www.dicgc.live/fdl/dr/b/commercial/banks.aspx,0,False
http://www.dicgc.life/fdl/dr/b/commercial/banks.aspx,1,True
http://www.dicgc.link/fdl/dr/b/commercial/banks.aspx,0,False
http://www.dicgc.center/fdl/dr/b/commercial/banks.aspx,1,True
http://www.dicgc.store/fdl/dr/b/commercial/banks.aspx,1,True
http://www.dicgc.gg/fdl/dr/b/commercial/banks.aspx,1,True
http://www.dicgc.bz/fdl/dr/b/commercial/banks.aspx,1,True
http://www.dicgc.ai/fdl/dr/b/commercial/banks.aspx,0,False
http://www.dicgc.today/fdl/dr/b/commercial/banks.aspx,0,False
http://www.dicgc.website/fdl/dr/b/commercial/banks.aspx,0,False
http://www.dicgc.site/fdl/dr/b/commercial/banks.aspx,1,True
http://www.dicgc.navy/fdl/dr/b/commercial/banks.aspx,0,False
http://www.dicgc.tech/fdl/dr/b/commercial/banks.aspx,0,False
http://www.dicgc.app/fdl/dr/b/commercial/banks.aspx,1,True
http://www.dicgc.services/fdl/dr/b/commercial/banks.aspx,0,False
http://www.dicgc.market/fdl/dr/b/commercial/banks.aspx,1,True
http://www.dicgc.art/fdl/dr/b/commercial/banks.aspx,1,True
http://www.dicgc.team/fdl/dr/b/commercial/banks.aspx,0,False
http://www.dicgc.ink/fdl/dr/b/commercial/banks.aspx,0,False
http://www.dicgc.casa/fdl/dr/b/commercial/banks.aspx,0,False
http://www.dicgc.tips/fdl/dr/b/commercial/banks.aspx,1,True
http://www.dicgc.ms/fdl/dr/b/commercial/banks.aspx,1,True
http://www.dicgc.social/fdl/dr/b/commercial/banks.aspx,1,True
http://www.dicgc.group/fdl/dr/b/commercial/banks.aspx,0,False
http://www.dicgc.world/fdl/dr/b/commercial/banks.aspx,1,True
http://www.dicgc.zone/fdl/dr/b/commercial/banks.aspx,0,False
http://www.dicgc.guide/fdl/dr/b/commercial/banks.aspx,0,False
http://www.dicgc.clinic/fdl/dr/b/commercial/banks.aspx,0,False
http://www.dicgc.business/fdl/dr/b/commercial/banks.aspx,1,True
http://www.dicgc.cash/fdl/dr/b/commercial/banks.aspx,0,False
http://www.dicgc.army/fdl/dr/b/commercial/banks.aspx,0,False
http://www.dicgc.news/fdl/dr/b/commercial/banks.aspx,0,False
http://www.dicgc.network/fdl/dr/b/commercial/banks.aspx,1,True
http://www.dicgc.trade/fdl/dr/b/commercial/banks.aspx,1,True
http://www.dicgc.best/fdl/dr/b/commercial/banks.aspx,1,True
http://www.dicgc.gold/fdl/dr/b/commercial/banks.aspx,1,True
http://www.dicgc.global/fdl/dr/b/commercial/banks.aspx,0,False
http://www.dicgc.ag/fdl/dr/b/commercial/banks.aspx,0,False
http://www.dicgc.agency/fdl/dr/b/commercial/banks.aspx,0,False
http://www.dicgc.ind.in/fdl/dr/b/commercial/banks.aspx,0,False
http://www.dicgc.farm/fdl/dr/b/commercial/banks.aspx,0,False
http://www.dicgc.love/fdl/dr/b/commercial/banks.aspx,1,True
http://www.dicgc.fit/fdl/dr/b/commercial/banks.aspx,0,False
http://www.dicgc.click/fdl/dr/b/commercial/banks.aspx,1,True
http://www.db.xyz,0,False
http://www.db.club,0,False
http://www.db.university,0,False
http://www.db.navy,0,False
http://www.db.market,0,False
http://www.db.casa,0,False
http://www.db.info.ve,0,False
http://www.db.house,0,False
http://www.db.rocks,0,False
http://www.db.support,0,False
http://www.db.work,0,False
https://www.db.xyz/responsibility,1,True
https://www.db.club/responsibility,1,True
https://www.db.university/responsibility,1,True
https://www.db.navy/responsibility,1,True
https://www.db.market/responsibility,1,True
https://www.db.casa/responsibility,1,True
https://www.db.info.ve/responsibility,1,True
https://www.db.house/responsibility,1,True
https://www.db.rocks/responsibility,1,True
https://www.db.support/responsibility,1,True
https://www.db.work/responsibility,1,True
https://www.db.org.pe/responsibility,1,True
https://www.selfpointonline.club/portal/portal/portal/e,1,True
https://www.selfpointonline.com.co/portal/portal/portal/e,1,True
https://www.selfpointonline.university/portal/portal/portal/e,1,True
https://www.selfpointonline.net.au/portal/portal/portal/e,1,True
https://www.selfpointonline.ws/portal/portal/portal/e,1,True
https://www.selfpointonline.co/portal/portal/portal/e,1,True
https://www.selfpointonline.co.nz/portal/portal/portal/e,1,True
https://www.selfpointonline.com.ve/portal/portal/portal/e,1,True
https://www.selfpointonline.net.pl/portal/portal/portal/e,1,True
https://www.selfpointonline.org.in/portal/portal/portal/e,1,True
https://www.selfpointonline.org.au/portal/portal/portal/e,1,True
https://www.selfpointonline.com.pe/portal/portal/portal/e,1,True
https://www.selfpointonline.cool/portal/portal/portal/e,1,True
https://www.selfpointonline.org.ph/portal/portal/portal/e,1,True
https://www.selfpointonline.gs/portal/portal/portal/e,1,True
https://www.selfpointonline.legal/portal/portal/portal/e,1,True
https://www.selfpointonline.me.uk/portal/portal/portal/e,1,True
https://www.selfpointonline.house/portal/portal/portal/e,1,True
https://www.selfpointonline.studio/portal/portal/portal/e,1,True
https://www.selfpointonline.rocks/portal/portal/portal/e,1,True
https://www.selfpointonline.support/portal/portal/portal/e,1,True
https://www.selfpointonline.company/portal/portal/portal/e,1,True
https://www.selfpointonline.fun/portal/portal/portal/e,1,True
https://www.selfpointonline.work/portal/portal/portal/e,1,True
https://www.selfpointonline.expert/portal/portal/portal/e,1,True
https://www.selfpointonline.tw/portal/portal/portal/e,1,True
https://www.selfpointonline.hosting/portal/portal/portal/e,1,True
https://www.selfpointonline.org.pe/portal/portal/portal/e,1,True
https://www.selfpointonline.cloud/portal/portal/portal/e,1,True
https://www.selfpointonline.com.es/portal/portal/portal/e,1,True
https://www.selfpointonline.clinic/portal/portal/portal/e,1,True
https://www.selfpointonline.business/portal/portal/portal/e,1,True
https://www.selfpointonline.cash/portal/portal/portal/e,1,True
https://www.selfpointonline.army/portal/portal/portal/e,1,True
https://www.selfpointonline.news/portal/portal/portal/e,1,True
http://www.dbs.club/gsm/c/grp/investors/default.page,0,False
http://www.dbs.com.co/gsm/c/grp/investors/default.page,0,False
http://www.dbs.university/gsm/c/grp/investors/default.page,0,False
http://www.dbs.com.ve/gsm/c/grp/investors/default.page,0,False
http://www.dbs.net.pl/gsm/c/grp/investors/default.page,0,False
http://www.dbs.site/gsm/c/grp/investors/default.page,0,False
http://www.dbs.navy/gsm/c/grp/investors/default.page,0,False
http://www.dbs.market/gsm/c/grp/investors/default.page,0,False
http://www.dbs.art/gsm/c/grp/investors/default.page,0,False
http://www.dbs.team/gsm/c/grp/investors/default.page,0,False
http://www.dbs.ink/gsm/c/grp/investors/default.page,0,False
http://www.dbs.casa/gsm/c/grp/investors/default.page,0,False
http://www.dbs.tips/gsm/c/grp/investors/default.page,0,False
http://www.dbs.guide/gsm/c/grp/investors/default.page,0,False
http://www.dbs.info.ve/gsm/c/grp/investors/default.page,0,False
http://www.dbs.legal/gsm/c/grp/investors/default.page,0,False
http://www.dbs.house/gsm/c/grp/investors/default.page,0,False
http://www.dbs.fit/gsm/c/grp/investors/default.page,0,False
https://www.wish.org.nz/search,0,False
https://www.wish.host/search,1,True
https://www.wish.info.pl/search,1,True
https://www.wish.space/search,0,False
https://offer.alibaba.net.pl,1,True
https://offer.alibaba.org.in,1,True
https://offer.alibaba.org.au,1,True
https://offer.alibaba.info.ve,1,True
https://store.steampowered.com.pe,1,True
https://store.steampowered.cool,1,True
https://store.steampowered.org.ph,1,True
https://store.steampowered.gs,1,True
https://store.steampowered.co.in,1,True
https://store.steampowered.host,1,True
https://store.steampowered.info.pl,1,True
https://store.steampowered.space,1,True
https://store.steampowered.la,1,True
https://store.steampowered.net.in,1,True
https://store.steampowered.org.cn,1,True
https://store.steampowered.online,1,True
https://store.steampowered.work,1,True
https://store.steampowered.expert,1,True
https://store.steampowered.hosting,1,True
https://store.steampowered.org.pe,1,True
https://store.steampowered.com.es,1,True
https://store.steampowered.clinic,1,True
https://store.steampowered.business,1,True
https://store.steampowered.cash,1,True
https://store.steampowered.army,1,True
https://store.steampowered.network,1,True
https://store.steampowered.gold,1,True
https://store.steampowered.global,1,True
https://store.steampowered.ag,1,True
https://store.steampowered.agency,1,True
https://store.steampowered.ind.in,1,True
https://store.steampowered.farm,1,True
https://store.steampowered.love,1,True
https://www.netflix.org.au/au,1,True
https://www.netflix.org.ph/au,1,True
https://www.netflix.info.pl/au,1,True
https://www.netflix.hosting/au,1,True
https://www.netflix.org.pe/au,1,True
https://www.netflix.trade/au,1,True
https://www.netflix.best/au,1,True
https://www.bet.university,1,True
https://www.bet.cool,1,True
https://www.bet.org.ph,1,True
https://www.bet.tech,1,True
https://www.bet.casa,1,True
https://www.bet.info.ve,1,True
https://www.bet.studio,1,True
https://www.apple.org.au/au?afidp,1,True
https://www.apple.org.ph/au?afidp,1,True
https://www.apple.info.ve/au?afidp,1,True
https://www.apple.org.pe/au?afidp,1,True
http://www.nabasia.com.mx/personal/travel/and/overseas/banking,1,True
http://www.nabasia.nl/personal/travel/and/overseas/banking,0,False
http://www.nabasia.co.za/personal/travel/and/overseas/banking,1,True
http://www.nabasia.com.au/personal/travel/and/overseas/banking,1,True
http://www.nabasia.ch/personal/travel/and/overseas/banking,1,True
http://www.nabasia.xyz/personal/travel/and/overseas/banking,1,True
http://www.nabasia.org.uk/personal/travel/and/overseas/banking,0,False
http://www.nabasia.com.ve/personal/travel/and/overseas/banking,1,True
http://www.nabasia.net.pl/personal/travel/and/overseas/banking,1,True
http://www.nabasia.org.in/personal/travel/and/overseas/banking,0,False
http://www.nabasia.org.au/personal/travel/and/overseas/banking,0,False
http://www.nabasia.com.pe/personal/travel/and/overseas/banking,1,True
http://www.nabasia.cool/personal/travel/and/overseas/banking,0,False
http://www.nabasia.org.ph/personal/travel/and/overseas/banking,1,True
http://www.nabasia.gs/personal/travel/and/overseas/banking,1,True
http://www.nabasia.host/personal/travel/and/overseas/banking,1,True
http://www.nabasia.info.pl/personal/travel/and/overseas/banking,1,True
http://www.nabasia.mobi/personal/travel/and/overseas/banking,1,True
http://www.nabasia.space/personal/travel/and/overseas/banking,0,False
http://www.nabasia.pro/personal/travel/and/overseas/banking,1,True
http://www.nabasia.la/personal/travel/and/overseas/banking,1,True
http://www.nabasia.ltd/personal/travel/and/overseas/banking,1,True
http://www.nabasia.vip/personal/travel/and/overseas/banking,0,False
http://www.nabasia.legal/personal/travel/and/overseas/banking,1,True
http://www.nabasia.me.uk/personal/travel/and/overseas/banking,0,False
http://www.nabasia.house/personal/travel/and/overseas/banking,1,True
http://www.nabasia.studio/personal/travel/and/overseas/banking,1,True
http://www.nabasia.rocks/personal/travel/and/overseas/banking,0,False
http://www.nabasia.support/personal/travel/and/overseas/banking,1,True
http://www.nabasia.company/personal/travel/and/overseas/banking,1,True
http://www.nabasia.fun/personal/travel/and/overseas/banking,0,False
http://www.nabasia.work/personal/travel/and/overseas/banking,0,False
http://www.nabasia.expert/personal/travel/and/overseas/banking,1,True
http://www.nabasia.tw/personal/travel/and/overseas/banking,1,True
http://www.nabasia.hosting/personal/travel/and/overseas/banking,1,True
http://www.nabasia.org.pe/personal/travel/and/overseas/banking,1,True
http://www.nabasia.cloud/personal/travel/and/overseas/banking,1,True
http://www.nabasia.com.es/personal/travel/and/overseas/banking,1,True
http://www.nabasia.clinic/personal/travel/and/overseas/banking,0,False
http://www.nabasia.business/personal/travel/and/overseas/banking,1,True
http://www.nabasia.cash/personal/travel/and/overseas/banking,1,True
http://www.nabasia.army/personal/travel/and/overseas/banking,1,True
http://me.ta.apimeta.api.reddit.org.ph,0,False
http://me.ta.apimeta.api.reddit.gs,1,True
http://me.ta.apimeta.api.reddit.info.pl,0,False
http://me.ta.apimeta.api.reddit.net.in,0,False
http://me.ta.apimeta.api.reddit.am,1,True
http://me.ta.apimeta.api.reddit.trade,0,False
http://me.ta.apimeta.api.reddit.ag,0,False
http://me.ta.apimeta.api.reddit.ind.in,0,False
http://me.ta.apimeta.api.reddit.farm,0,False
http://me.ta.apimeta.api.reddit.love,1,True
http://www.nkgsbbank.club/board/of/directors.php,0,False
http://www.nkgsbbank.com.co/board/of/directors.php,1,True
http://www.nkgsbbank.university/board/of/directors.php,0,False
http://www.nkgsbbank.net.au/board/of/directors.php,1,True
http://www.nkgsbbank.ws/board/of/directors.php,1,True
http://www.nkgsbbank.co/board/of/directors.php,0,False
http://www.nkgsbbank.co.nz/board/of/directors.php,0,False
http://www.nkgsbbank.com.ve/board/of/directors.php,1,True
http://www.nkgsbbank.net.pl/board/of/directors.php,1,True
http://www.nkgsbbank.org.au/board/of/directors.php,0,False
http://www.nkgsbbank.com.pe/board/of/directors.php,1,True
http://www.nkgsbbank.cool/board/of/directors.php,0,False
http://www.nkgsbbank.org.ph/board/of/directors.php,1,True
http://www.nkgsbbank.vip/board/of/directors.php,0,False
http://www.nkgsbbank.legal/board/of/directors.php,1,True
http://www.nkgsbbank.me.uk/board/of/directors.php,0,False
http://www.nkgsbbank.house/board/of/directors.php,1,True
http://www.nkgsbbank.studio/board/of/directors.php,1,True
http://www.nkgsbbank.rocks/board/of/directors.php,0,False
http://www.nkgsbbank.support/board/of/directors.php,1,True
http://www.nkgsbbank.company/board/of/directors.php,0,False
http://www.nkgsbbank.fun/board/of/directors.php,0,False
http://www.nkgsbbank.work/board/of/directors.php,0,False
http://www.nkgsbbank.expert/board/of/directors.php,1,True
http://www.nkgsbbank.tw/board/of/directors.php,1,True
http://www.nkgsbbank.hosting/board/of/directors.php,1,True
http://www.nkgsbbank.org.pe/board/of/directors.php,1,True
http://www.nkgsbbank.cloud/board/of/directors.php,1,True
http://www.nkgsbbank.com.es/board/of/directors.php,1,True
http://www.nkgsbbank.clinic/board/of/directors.php,0,False
http://www.nkgsbbank.business/board/of/directors.php,1,True
http://www.nkgsbbank.cash/board/of/directors.php,0,False
http://www.nkgsbbank.army/board/of/directors.php,1,True
http://www.nkgsbbank.news/board/of/directors.php,0,False
http://www.canarabank.co.za/english/pm/jd/y/financial/inclusions,0,False
http://www.canarabank.com.au/english/pm/jd/y/financial/inclusions,0,False
http://www.canarabank.ch/english/pm/jd/y/financial/inclusions,0,False
http://www.canarabank.xyz/english/pm/jd/y/financial/inclusions,1,True
http://www.canarabank.org.uk/english/pm/jd/y/financial/inclusions,0,False
http://www.canarabank.ca/english/pm/jd/y/financial/inclusions,0,False
http://www.canarabank.asia/english/pm/jd/y/financial/inclusions,1,True
http://www.canarabank.org.nz/english/pm/jd/y/financial/inclusions,0,False
http://www.canarabank.sg/english/pm/jd/y/financial/inclusions,0,False
http://www.canarabank.ph/english/pm/jd/y/financial/inclusions,1,True
http://www.canarabank.us/english/pm/jd/y/financial/inclusions,1,True
http://www.canarabank.net.cn/english/pm/jd/y/financial/inclusions,1,True
http://www.canarabank.es/english/pm/jd/y/financial/inclusions,1,True
http://www.canarabank.at/english/pm/jd/y/financial/inclusions,1,True
http://www.canarabank.help/english/pm/jd/y/financial/inclusions,1,True
http://www.canarabank.be/english/pm/jd/y/financial/inclusions,1,True
http://www.canarabank.com.ph/english/pm/jd/y/financial/inclusions,0,False
http://www.canarabank.online/english/pm/jd/y/financial/inclusions,1,True
http://www.canarabank.am/english/pm/jd/y/financial/inclusions,1,True
http://www.canarabank.live/english/pm/jd/y/financial/inclusions,1,True
http://www.canarabank.life/english/pm/jd/y/financial/inclusions,1,True
http://www.canarabank.link/english/pm/jd/y/financial/inclusions,1,True
http://www.canarabank.center/english/pm/jd/y/financial/inclusions,1,True
http://www.canarabank.store/english/pm/jd/y/financial/inclusions,1,True
http://www.canarabank.gg/english/pm/jd/y/financial/inclusions,1,True
http://www.canarabank.bz/english/pm/jd/y/financial/inclusions,0,False
http://www.canarabank.ai/english/pm/jd/y/financial/inclusions,1,True
http://www.canarabank.today/english/pm/jd/y/financial/inclusions,1,True
http://www.canarabank.website/english/pm/jd/y/financial/inclusions,1,True
http://www.canarabank.site/english/pm/jd/y/financial/inclusions,1,True
http://www.canarabank.navy/english/pm/jd/y/financial/inclusions,1,True
http://www.canarabank.tech/english/pm/jd/y/financial/inclusions,1,True
http://www.canarabank.services/english/pm/jd/y/financial/inclusions,1,True
http://www.canarabank.market/english/pm/jd/y/financial/inclusions,1,True
http://www.canarabank.art/english/pm/jd/y/financial/inclusions,1,True
http://www.canarabank.team/english/pm/jd/y/financial/inclusions,1,True
http://www.canarabank.ink/english/pm/jd/y/financial/inclusions,1,True
http://www.canarabank.casa/english/pm/jd/y/financial/inclusions,1,True
http://www.canarabank.tips/english/pm/jd/y/financial/inclusions,1,True
http://www.canarabank.ms/english/pm/jd/y/financial/inclusions,1,True
http://www.canarabank.social/english/pm/jd/y/financial/inclusions,1,True
http://www.canarabank.group/english/pm/jd/y/financial/inclusions,1,True
http://www.canarabank.best/english/pm/jd/y/financial/inclusions,1,True
http://www.canarabank.gold/english/pm/jd/y/financial/inclusions,1,True
http://www.canarabank.global/english/pm/jd/y/financial/inclusions,1,True
http://www.canarabank.ag/english/pm/jd/y/financial/inclusions,1,True
http://www.canarabank.agency/english/pm/jd/y/financial/inclusions,1,True
http://www.canarabank.farm/english/pm/jd/y/financial/inclusions,1,True
http://www.canarabank.love/english/pm/jd/y/financial/inclusions,1,True
http://www.canarabank.fit/english/pm/jd/y/financial/inclusions,1,True
http://www.canarabank.click/english/pm/jd/y/financial/inclusions,1,True
http://www.manage.ws#section,0,False
http://www.manage.com.ve#section,0,False
http://www.manage.net.pl#section,0,False
http://www.manage.org.in#section,0,False
http://www.manage.org.au#section,0,False
http://www.manage.com.pe#section,0,False
http://www.manage.org.ph#section,0,False
http://www.manage.info.ve#section,0,False
http://www.manage.rocks#section,0,False
http://www.manage.org.pe#section,0,False
http://www.manage.cloud#section,0,False
http://www.manage.com.es#section,0,False
http://api.api.pushwoosh.xyz/contact/us,1,True
http://api.api.pushwoosh.org.uk/contact/us,0,False
http://api.api.pushwoosh.ca/contact/us,0,False
http://api.api.pushwoosh.asia/contact/us,0,False
http://api.api.pushwoosh.org.nz/contact/us,0,False
http://api.api.pushwoosh.sg/contact/us,1,True
http://api.api.pushwoosh.ph/contact/us,1,True
http://api.api.pushwoosh.com.cn/contact/us,1,True
http://api.api.pushwoosh.biz/contact/us,1,True
http://api.api.pushwoosh.tk/contact/us,1,True
http://api.api.pushwoosh.us/contact/us,0,False
http://api.api.pushwoosh.net.cn/contact/us,1,True
http://api.api.pushwoosh.es/contact/us,1,True
http://api.api.pushwoosh.at/contact/us,1,True
http://api.api.pushwoosh.help/contact/us,0,False
http://api.api.pushwoosh.be/contact/us,0,False
http://api.api.pushwoosh.com.ph/contact/us,1,True
http://api.api.pushwoosh.com.pl/contact/us,1,True
http://api.api.pushwoosh.club/contact/us,0,False
http://api.api.pushwoosh.com.co/contact/us,1,True
http://api.api.pushwoosh.university/contact/us,1,True
http://api.api.pushwoosh.net.au/contact/us,1,True
http://api.api.pushwoosh.ws/contact/us,1,True
http://api.api.pushwoosh.net.in/contact/us,1,True
http://api.api.pushwoosh.org.cn/contact/us,1,True
http://api.api.pushwoosh.online/contact/us,1,True
http://api.api.pushwoosh.am/contact/us,1,True
http://api.api.pushwoosh.live/contact/us,0,False
http://api.api.pushwoosh.life/contact/us,0,False
http://api.api.pushwoosh.center/contact/us,1,True
http://api.api.pushwoosh.store/contact/us,0,False
http://api.api.pushwoosh.gg/contact/us,1,True
http://api.api.pushwoosh.bz/contact/us,1,True
http://api.api.pushwoosh.ai/contact/us,1,True
http://api.api.pushwoosh.today/contact/us,1,True
http://api.api.pushwoosh.website/contact/us,0,False
http://api.api.pushwoosh.site/contact/us,1,True
http://api.api.pushwoosh.navy/contact/us,0,False
http://api.api.pushwoosh.tech/contact/us,1,True
http://api.api.pushwoosh.app/contact/us,1,True
http://api.api.pushwoosh.services/contact/us,0,False
http://api.api.pushwoosh.market/contact/us,1,True
http://api.api.pushwoosh.art/contact/us,1,True
http://api.api.pushwoosh.team/contact/us,0,False
http://api.api.pushwoosh.global/contact/us,1,True
http://api.api.pushwoosh.ag/contact/us,1,True
http://api.api.pushwoosh.agency/contact/us,0,False
http://api.api.pushwoosh.ind.in/contact/us,0,False
http://api.api.pushwoosh.farm/contact/us,1,True
http://api.api.pushwoosh.love/contact/us,0,False
http://api.api.pushwoosh.fit/contact/us,1,True
http://www.bbkonline.ws/pages/default.aspx,0,False
http://www.bbkonline.co.nz/pages/default.aspx,0,False
http://www.bbkonline.com.ve/pages/default.aspx,0,False
http://www.bbkonline.net.pl/pages/default.aspx,0,False
http://www.bbkonline.org.in/pages/default.aspx,0,False
http://www.bbkonline.org.au/pages/default.aspx,0,False
http://www.bbkonline.com.pe/pages/default.aspx,0,False
http://www.bbkonline.cool/pages/default.aspx,0,False
http://www.bbkonline.org.ph/pages/default.aspx,0,False
http://www.bbkonline.gs/pages/default.aspx,0,False
http://www.bbkonline.group/pages/default.aspx,0,False
http://www.bbkonline.world/pages/default.aspx,0,False
http://www.bbkonline.zone/pages/default.aspx,0,False
http://www.bbkonline.guide/pages/default.aspx,0,False
http://www.bbkonline.info.ve/pages/default.aspx,0,False
http://www.bbkonline.email/pages/default.aspx,0,False
http://www.bbkonline.ltd/pages/default.aspx,0,False
http://www.bbkonline.vip/pages/default.aspx,0,False
http://www.bbkonline.legal/pages/default.aspx,0,False
http://www.bbkonline.me.uk/pages/default.aspx,0,False
http://www.bbkonline.house/pages/default.aspx,0,False
http://www.bbkonline.studio/pages/default.aspx,0,False
http://www.bbkonline.rocks/pages/default.aspx,0,False
http://www.bbkonline.support/pages/default.aspx,0,False
http://www.bbkonline.company/pages/default.aspx,0,False
http://www.bbkonline.fun/pages/default.aspx,0,False
http://www.bbkonline.work/pages/default.aspx,0,False
http://www.bbkonline.expert/pages/default.aspx,0,False
http://www.bbkonline.tw/pages/default.aspx,0,False
http://www.bbkonline.hosting/pages/default.aspx,0,False
http://www.bbkonline.org.pe/pages/default.aspx,0,False
http://www.bbkonline.fit/pages/default.aspx,0,False
http://www.lge.org.uk/au/smartphones/lg/lmv/ebw/v/thinq/smartphone,0,False
http://www.lge.org.nz/au/smartphones/lg/lmv/ebw/v/thinq/smartphone,0,False
http://www.lge.online/au/smartphones/lg/lmv/ebw/v/thinq/smartphone,0,False
http://www.lge.am/au/smartphones/lg/lmv/ebw/v/thinq/smartphone,0,False
http://www.lge.live/au/smartphones/lg/lmv/ebw/v/thinq/smartphone,0,False
http://www.lge.life/au/smartphones/lg/lmv/ebw/v/thinq/smartphone,0,False
http://www.lge.link/au/smartphones/lg/lmv/ebw/v/thinq/smartphone,0,False
http://www.lge.store/au/smartphones/lg/lmv/ebw/v/thinq/smartphone,0,False
http://www.lge.gg/au/smartphones/lg/lmv/ebw/v/thinq/smartphone,0,False
http://www.lge.bz/au/smartphones/lg/lmv/ebw/v/thinq/smartphone,0,False
http://www.lge.today/au/smartphones/lg/lmv/ebw/v/thinq/smartphone,0,False
http://www.lge.website/au/smartphones/lg/lmv/ebw/v/thinq/smartphone,0,False
http://www.lge.site/au/smartphones/lg/lmv/ebw/v/thinq/smartphone,0,False
http://www.lge.navy/au/smartphones/lg/lmv/ebw/v/thinq/smartphone,0,False
http://www.lge.tech/au/smartphones/lg/lmv/ebw/v/thinq/smartphone,0,False
http://www.lge.market/au/smartphones/lg/lmv/ebw/v/thinq/smartphone,0,False
http://www.lge.art/au/smartphones/lg/lmv/ebw/v/thinq/smartphone,0,False
http://www.lge.team/au/smartphones/lg/lmv/ebw/v/thinq/smartphone,0,False
http://www.lge.ink/au/smartphones/lg/lmv/ebw/v/thinq/smartphone,0,False
http://www.lge.casa/au/smartphones/lg/lmv/ebw/v/thinq/smartphone,0,False
http://www.lge.tips/au/smartphones/lg/lmv/ebw/v/thinq/smartphone,0,False
http://www.lge.fit/au/smartphones/lg/lmv/ebw/v/thinq/smartphone,0,False
http://mobile.apimobile.api.yelp.org.nz#pagecontent,0,False
http://mobile.apimobile.api.yelp.university#pagecontent,0,False
http://mobile.apimobile.api.yelp.net.au#pagecontent,0,False
http://mobile.apimobile.api.yelp.ws#pagecontent,0,False
http://mobile.apimobile.api.yelp.center#pagecontent,0,False
http://mobile.apimobile.api.yelp.gg#pagecontent,0,False
http://mobile.apimobile.api.yelp.navy#pagecontent,0,False
http://mobile.apimobile.api.yelp.market#pagecontent,0,False
http://mobile.apimobile.api.yelp.art#pagecontent,0,False
http://mobile.apimobile.api.yelp.team#pagecontent,0,False
http://mobile.apimobile.api.yelp.ink#pagecontent,0,False
http://mobile.apimobile.api.yelp.casa#pagecontent,0,False
http://mobile.apimobile.api.yelp.tips#pagecontent,0,False
http://mobile.apimobile.api.yelp.ms#pagecontent,0,False
http://mobile.apimobile.api.yelp.social#pagecontent,0,False
http://mobile.apimobile.api.yelp.zone#pagecontent,0,False
http://mobile.apimobile.api.yelp.guide#pagecontent,0,False
http://mobile.apimobile.api.yelp.info.ve#pagecontent,0,False
http://mobile.apimobile.api.yelp.fit#pagecontent,0,False
https://www.schwab.net.au/public/schwab/investing/accounts/products/accounts/open/an/account.html,1,True
https://www.schwab.gg/public/schwab/investing/accounts/products/accounts/open/an/account.html,1,True
https://www.schwab.art/public/schwab/investing/accounts/products/accounts/open/an/account.html,0,False
https://www.schwab.casa/public/schwab/investing/accounts/products/accounts/open/an/account.html,1,True
https://www.schwab.ms/public/schwab/investing/accounts/products/accounts/open/an/account.html,0,False
https://www.schwab.info.ve/public/schwab/investing/accounts/products/accounts/open/an/account.html,1,True
https://www.schwab.vip/public/schwab/investing/accounts/products/accounts/open/an/account.html,0,False
https://www.schwab.click/public/schwab/investing/accounts/products/accounts/open/an/account.html,1,True
https://www.netflix.org.nz/au,1,True
https://www.netflix.ink/au,1,True
https://www.paypal.org.in/au/web/apps/mpp/why/paypal,1,True
https://www.paypal.org.au/au/web/apps/mpp/why/paypal,1,True
https://www.paypal.info.pl/au/web/apps/mpp/why/paypal,1,True
https://www.paypal.info.ve/au/web/apps/mpp/why/paypal,1,True
https://www.apple.org.au/au?afidpcsvjghhddcmtidvxupcridpgridcidaosaukwgobrandslidproduct,1,True
https://www.apple.org.ph/au?afidpcsvjghhddcmtidvxupcridpgridcidaosaukwgobrandslidproduct,1,True
https://www.apple.host/au?afidpcsvjghhddcmtidvxupcridpgridcidaosaukwgobrandslidproduct,1,True
https://www.apple.info.ve/au?afidpcsvjghhddcmtidvxupcridpgridcidaosaukwgobrandslidproduct,1,True
https://www.apple.org.pe/au?afidpcsvjghhddcmtidvxupcridpgridcidaosaukwgobrandslidproduct,1,True
https://www.bankofamerica.com.au,1,True
https://www.bankofamerica.net.au,1,True
https://www.bankofamerica.net.pl,0,False
https://www.bankofamerica.org.au,0,False
https://www.bankofamerica.org.ph,1,True
https://www.bankofamerica.info.pl,1,True
https://www.bankofamerica.casa,1,True
https://www.bankofamerica.info.ve,1,True
https://www.bankofamerica.org.pe,0,False
https://www.bankofamerica.ag,1,True
https://www.bankofamerica.ind.in,0,False
https://www.bankofamerica.fit,1,True
https://www.chase.ph,1,True
https://www.wellsfargo.net.pl,1,True
https://www.wellsfargo.org.au,1,True
https://www.wellsfargo.info.pl,1,True
https://www.wellsfargo.pro,1,True
https://www.wellsfargo.bz,1,True
https://www.wellsfargo.fun,1,True
https://www.wellsfargo.love,1,True
https://www.wellsfargo.fit,1,True
https://www.wellsfargo.net.au,1,True
https://www.wellsfargo.ink,1,True
https://www.wellsfargo.casa,1,True
https://www.wellsfargo.ind.in,1,True
https://www.ing.xyz,1,True
https://www.ing.org.nz,0,False
https://www.ing.org.au,0,False
https://www.ing.cool,1,True
https://www.ing.gs,0,False
https://www.ing.online,1,True
https://www.ing.casa,0,False
https://www.ing.info.ve,0,False
https://www.ing.legal,0,False
https://www.ing.house,1,True
https://www.ing.studio,1,True
https://www.ing.support,1,True
https://www.ing.company,0,False
https://www.ing.fun,1,True
https://www.ing.hosting,1,True
https://www.ing.org.pe,0,False
https://www.ing.business,0,False
https://www.ing.cash,0,False
https://www.ing.army,1,True
https://www.ing.trade,1,True
https://www.ing.gold,1,True
https://www.ing.global,1,True
https://www.ing.ind.in,0,False
https://www.bet.org.nz/members/helpers/dr/drs.aspx?rlhttpsaffwwwbetcomaufhofrlhfcbfefbbebebbafkpdlgstmstflslnkmbr,1,True
https://www.bet.university/members/helpers/dr/drs.aspx?rlhttpsaffwwwbetcomaufhofrlhfcbfefbbebebbafkpdlgstmstflslnkmbr,1,True
https://www.bet.cool/members/helpers/dr/drs.aspx?rlhttpsaffwwwbetcomaufhofrlhfcbfefbbebebbafkpdlgstmstflslnkmbr,1,True
https://www.bet.org.ph/members/helpers/dr/drs.aspx?rlhttpsaffwwwbetcomaufhofrlhfcbfefbbebebbafkpdlgstmstflslnkmbr,1,True
https://www.bet.space/members/helpers/dr/drs.aspx?rlhttpsaffwwwbetcomaufhofrlhfcbfefbbebebbafkpdlgstmstflslnkmbr,1,True
https://www.bet.site/members/helpers/dr/drs.aspx?rlhttpsaffwwwbetcomaufhofrlhfcbfefbbebebbafkpdlgstmstflslnkmbr,1,True
https://www.bet.navy/members/helpers/dr/drs.aspx?rlhttpsaffwwwbetcomaufhofrlhfcbfefbbebebbafkpdlgstmstflslnkmbr,1,True
https://www.bet.tech/members/helpers/dr/drs.aspx?rlhttpsaffwwwbetcomaufhofrlhfcbfefbbebebbafkpdlgstmstflslnkmbr,1,True
https://www.bet.casa/members/helpers/dr/drs.aspx?rlhttpsaffwwwbetcomaufhofrlhfcbfefbbebebbafkpdlgstmstflslnkmbr,1,True
https://www.bet.info.ve/members/helpers/dr/drs.aspx?rlhttpsaffwwwbetcomaufhofrlhfcbfefbbebebbafkpdlgstmstflslnkmbr,1,True
https://www.bet.studio/members/helpers/dr/drs.aspx?rlhttpsaffwwwbetcomaufhofrlhfcbfefbbebebbafkpdlgstmstflslnkmbr,1,True
https://www.bet.hosting/members/helpers/dr/drs.aspx?rlhttpsaffwwwbetcomaufhofrlhfcbfefbbebebbafkpdlgstmstflslnkmbr,1,True
https://www.bet.org.pe/members/helpers/dr/drs.aspx?rlhttpsaffwwwbetcomaufhofrlhfcbfefbbebebbafkpdlgstmstflslnkmbr,1,True
https://www.bet.clinic/members/helpers/dr/drs.aspx?rlhttpsaffwwwbetcomaufhofrlhfcbfefbbebebbafkpdlgstmstflslnkmbr,1,True
https://www.bet.army/members/helpers/dr/drs.aspx?rlhttpsaffwwwbetcomaufhofrlhfcbfefbbebebbafkpdlgstmstflslnkmbr,1,True
https://www.bet.fit/members/helpers/dr/drs.aspx?rlhttpsaffwwwbetcomaufhofrlhfcbfefbbebebbafkpdlgstmstflslnkmbr,1,True
https://www.paypal.net.in/au/web/apps/mpp/why/paypal,1,True
https://www.chase.org.nz,1,True
https://www.chase.com.pe,1,True
https://www.chase.org.ph,1,True
https://www.chase.gs,1,True
https://www.chase.host,1,True
https://www.chase.info.pl,1,True
https://www.chase.website,1,True
https://www.chase.art,1,True
https://www.chase.ink,1,True
https://www.chase.casa,1,True
https://www.chase.info.ve,1,True
https://www.chase.vip,1,True
https://www.chase.studio,1,True
https://www.chase.fun,1,True
https://www.chase.hosting,1,True
https://www.chase.org.pe,1,True
https://www.chase.global,1,True
https://www.chase.ag,0,False
https://www.chase.ind.in,0,False
https://www.bankofamerica.sg,1,True
https://www.bankofamerica.fit,1,True
https://www.office.org.nz,1,True
https://www.office.university,1,True
https://www.office.com.pe,1,True
https://www.office.org.ph,1,True
https://www.office.host,1,True
https://www.office.site,1,True
https://www.office.ink,1,True
https://www.office.info.ve,1,True
https://www.office.org.pe,1,True
https://www.office.trade,1,True
https://www.office.ind.in,1,True
https://www.office.love,1,True
https://www.wellsfargo.la,1,True
https://www.wellsfargo.info.ve,1,True
https://www.wellsfargo.fit,1,True
https://www.ing.university,1,True
https://www.ing.net.pl,0,False
https://www.ing.host,1,True
https://www.ing.info.pl,0,False
https://www.ing.space,0,False
https://www.ing.store,1,True
https://www.ing.site,1,True
https://www.ing.navy,0,False
https://www.ing.market,1,True
https://www.itau.org.uk,0,False
https://www.itau.org.nz,1,True
https://www.itau.sg,1,True
https://www.itau.ph,1,True
https://www.itau.net.cn,1,True
https://www.itau.com.ph,1,True
https://www.itau.com.pl,1,True
https://www.itau.university,1,True
https://www.itau.net.au,1,True
https://www.itau.ws,1,True
https://www.itau.co.nz,1,True
https://www.itau.net.pl,1,True
https://www.itau.org.in,1,True
https://www.itau.org.au,1,True
https://www.itau.cool,1,True
https://www.itau.org.ph,1,True
https://www.itau.gs,1,True
https://www.itau.host,1,True
https://www.itau.info.pl,1,True
https://www.itau.space,1,True
https://www.itau.la,1,True
https://www.itau.net.in,1,True
https://www.itau.org.cn,1,True
https://www.itau.am,1,True
https://www.itau.live,1,True
https://www.itau.life,1,True
https://www.itau.center,1,True
https://www.itau.gg,1,True
https://www.itau.bz,1,True
https://www.itau.ai,1,True
https://www.itau.today,1,True
https://www.itau.navy,1,True
https://www.itau.services,1,True
https://www.itau.market,1,True
https://www.itau.art,1,True
https://www.itau.team,1,True
https://www.itau.ink,1,True
https://www.itau.casa,1,True
https://www.itau.tips,1,True
https://www.itau.ms,1,True
https://www.itau.social,1,True
https://www.itau.company,1,True
https://www.itau.fun,1,True
https://www.itau.work,1,True
https://www.itau.expert,1,True
https://www.itau.tw,1,True
https://www.itau.hosting,1,True
https://www.itau.org.pe,1,True
https://www.itau.cloud,1,True
https://www.itau.clinic,1,True
https://www.itau.business,1,True
https://www.itau.cash,1,True
https://www.itau.army,1,True
https://www.itau.news,1,True
https://www.itau.network,1,True
https://www.itau.trade,1,True
https://www.itau.best,1,True
https://www.itau.gold,1,True
https://www.itau.global,1,True
https://www.itau.ag,1,True
https://www.itau.agency,1,True
https://www.itau.ind.in,1,True
https://www.itau.farm,1,True
https://www.itau.love,1,True
https://www.itau.fit,1,True
https://store.steampowered.net.pl,1,True
https://store.steampowered.org.in,1,True
https://store.steampowered.org.au,1,True
https://store.steampowered.news,1,True
https://store.steampowered.global,1,True
http://www.netflix.org.au,0,False
http://www.netflix.info.ve,0,False
http://www.google.info.ve/i/m/g/h/p?hlentabwi,1,True
http://www.google.info.ve/services,1,True
https://www.xbox.net.pl,1,True
https://www.xbox.org.in,0,False
https://www.xbox.org.au,0,False
https://www.xbox.org.ph,1,True
https://www.xbox.me.uk,0,False
https://www.xbox.org.pe,1,True
https://www.microsoft.love/en/au/store/games/windows?icidtopnavwindowsgames,0,False
https://marketing.platform.google.org.ph/home?openintegrationcentertrueutmsourcemarketingplatformgooglecomutmmediumetutmcampaignmarketingplatformgooglecomfaboutfenterprisef,1,True
https://marketing.platform.google.info.ve/home?openintegrationcentertrueutmsourcemarketingplatformgooglecomutmmediumetutmcampaignmarketingplatformgooglecomfaboutfenterprisef,1,True
https://ja.jp.facebook.org.au,1,True
https://ja.jp.facebook.ms,1,True
https://www.messenger.org.nz,0,False
https://www.messenger.net.in,0,False
https://www.messenger.org.cn,0,False
https://www.messenger.online,1,True
https://www.messenger.live,1,True
https://www.messenger.store,1,True
https://www.messenger.gg,0,False
https://www.messenger.navy,1,True
https://www.messenger.tech,1,True
https://www.messenger.ind.in,0,False
https://www.messenger.farm,1,True
https://www.messenger.love,1,True
https://www.messenger.fit,0,False
https://support.microsoft.love/en/us/contact/us,1,True
http://www.google.org.au/search?ieutfqbillrobinsonscientistoiddlecthlenkgmidmhwsaxvedahukewidwdsufzkahxzbxkhtkectiqpqgd,1,True
http://www.google.org.ph/search?ieutfqbillrobinsonscientistoiddlecthlenkgmidmhwsaxvedahukewidwdsufzkahxzbxkhtkectiqpqgd,1,True
http://www.google.info.ve/search?ieutfqbillrobinsonscientistoiddlecthlenkgmidmhwsaxvedahukewidwdsufzkahxzbxkhtkectiqpqgd,1,True
http://www.amazonaws.org.uk/pricing?nchqlpr,0,False
http://www.amazonaws.org.nz/pricing?nchqlpr,1,True
http://www.amazonaws.ph/pricing?nchqlpr,1,True
http://www.amazonaws.net.cn/pricing?nchqlpr,1,True
http://www.amazonaws.com.co/pricing?nchqlpr,1,True
http://www.amazonaws.ws/pricing?nchqlpr,1,True
http://www.amazonaws.art/pricing?nchqlpr,1,True
http://www.amazonaws.ink/pricing?nchqlpr,1,True
http://www.amazonaws.casa/pricing?nchqlpr,1,True
http://www.amazonaws.ms/pricing?nchqlpr,1,True
http://www.amazonaws.info.ve/pricing?nchqlpr,1,True
http://www.amazonaws.me.uk/pricing?nchqlpr,0,False
http://www.amazonaws.work/pricing?nchqlpr,1,True
https://aws.amazon.org.au/fr?nchls,1,True
https://aws.amazon.org.pe/fr?nchls,1,True
http://www.google.org.au/search?ieutfqbillrobinsonscientistoiddlecthlenkgmidmhwsaxvedahukewijlsfzkahwbtkhxsbnqpqgd,1,True
http://www.google.org.ph/search?ieutfqbillrobinsonscientistoiddlecthlenkgmidmhwsaxvedahukewijlsfzkahwbtkhxsbnqpqgd,1,True
http://www.google.info.ve/search?ieutfqbillrobinsonscientistoiddlecthlenkgmidmhwsaxvedahukewijlsfzkahwbtkhxsbnqpqgd,1,True
https://www.skype.org.nz/en/business,0,False
https://www.skype.info.pl/en/business,1,True
https://www.skype.net.in/en/business,0,False
https://www.skype.trade/en/business,0,False
https://www.skype.ind.in/en/business,0,False
https://www.skype.love/en/business,1,True
http://www.youtube.org.nz/upload,1,True
http://www.youtube.info.ve/upload,1,True
http://www.youtube.org.nz/channel/ucyfdidrxbb/qhf/nx/iooyw,1,True
http://www.youtube.net.in/channel/ucyfdidrxbb/qhf/nx/iooyw,1,True
http://www.youtube.info.ve/channel/ucyfdidrxbb/qhf/nx/iooyw,1,True
http://www.youtube.org.nz/watch?vathsoqm,0,False
http://www.youtube.net.in/watch?vathsoqm,0,False
http://www.youtube.info.ve/watch?vathsoqm,0,False
http://www.bing.org.nz?formhylh,0,False
http://www.bing.info.pl?formhylh,0,False
http://www.bing.trade?formhylh,0,False
http://www.bing.love?formhylh,0,False
http://www.bing.fit?formhylh,0,False
https://products.office.org.nz/en/au/business/new/business/software/suites,0,False
https://products.office.site/en/au/business/new/business/software/suites,1,True
https://products.office.ind.in/en/au/business/new/business/software/suites,0,False
https://products.office.love/en/au/business/new/business/software/suites,1,True
https://products.office.org.nz/en/au/excel,1,True
https://products.office.gg/en/au/excel,1,True
https://products.office.ai/en/au/excel,1,True
https://products.office.site/en/au/excel,1,True
https://products.office.org.pe/en/au/excel,1,True
https://products.office.trade/en/au/excel,1,True
https://products.office.ind.in/en/au/excel,1,True
https://products.office.love/en/au/excel,1,True
http://www.yahoo.org.au,0,False
http://www.yahoo.info.ve,0,False
http://www.yahoo.org.pe,0,False
https://au.mobile.yahoo.org.au,1,True
https://au.mobile.yahoo.info.ve,1,True
https://au.mobile.yahoo.org.pe,1,True
https://au.lifestyle.yahoo.org.au/channel/seven/axes/sunday/night/network/cuts.html,1,True
https://au.lifestyle.yahoo.info.ve/channel/seven/axes/sunday/night/network/cuts.html,1,True
https://au.lifestyle.yahoo.org.pe/channel/seven/axes/sunday/night/network/cuts.html,1,True
https://au.lifestyle.yahoo.love/channel/seven/axes/sunday/night/network/cuts.html,1,True
http://www.fbcdn.com.mx/login,1,True
http://www.fbcdn.nl/login,1,True
http://www.fbcdn.co.za/login,1,True
http://www.fbcdn.ch/login,1,True
http://www.fbcdn.org.uk/login,1,True
http://www.fbcdn.ca/login,1,True
http://www.fbcdn.asia/login,1,True
http://www.fbcdn.org.nz/login,1,True
http://www.fbcdn.sg/login,1,True
http://www.fbcdn.ph/login,1,True
http://www.fbcdn.com.cn/login,1,True
http://www.fbcdn.biz/login,1,True
http://www.fbcdn.us/login,1,True
http://www.fbcdn.net.cn/login,1,True
http://www.fbcdn.es/login,1,True
http://www.fbcdn.at/login,1,True
http://www.fbcdn.be/login,1,True
http://www.fbcdn.com.ph/login,1,True
http://www.fbcdn.com.pl/login,1,True
http://www.fbcdn.club/login,1,True
http://www.fbcdn.com.co/login,1,True
http://www.fbcdn.university/login,1,True
http://www.fbcdn.org.cn/login,1,True
http://www.fbcdn.online/login,1,True
http://www.fbcdn.am/login,1,True
http://www.fbcdn.life/login,1,True
http://www.fbcdn.center/login,1,True
http://www.fbcdn.store/login,1,True
http://www.fbcdn.gg/login,1,True
http://www.fbcdn.bz/login,1,True
http://www.fbcdn.ai/login,1,True
http://www.fbcdn.today/login,1,True
http://www.fbcdn.website/login,1,True
http://www.fbcdn.site/login,1,True
http://www.fbcdn.navy/login,1,True
http://www.fbcdn.tech/login,1,True
http://www.fbcdn.app/login,1,True
http://www.fbcdn.services/login,1,True
http://www.fbcdn.market/login,1,True
http://www.fbcdn.art/login,1,True
http://www.fbcdn.team/login,1,True
http://www.fbcdn.ink/login,1,True
http://www.fbcdn.casa/login,1,True
http://www.fbcdn.tips/login,1,True
http://www.fbcdn.ind.in/login,1,True
http://www.fbcdn.farm/login,1,True
http://www.fbcdn.love/login,1,True
http://www.fbcdn.fit/login,1,True
