url,predicted,correct
https://store.steampoweredv.com,1,True
https://store.steampowereda.com,1,True
https://store.steampoweredj.com,1,True
https://store.steampoweredb.com,1,True
https://store.staampowered.com,1,True
https://store.steampoweredc.com,1,True
https://store.steampoweredo.com,1,True
https://store.steampoweredr.com,1,True
https://store.steampoweredu.com,1,True
https://store.steampowerod.com,1,True
https://store.stiampowered.com,1,True
https://store.steampowered-game-inspired.com,1,True
https://store.s5teampowered.com,1,True
https://store.steaympowered.com,1,True
https://store.steampowerezd.com,1,True
https://store.stdeampowered.com,1,True
https://store.steampoiwered.com,1,True
https://store.steawmpowered.com,1,True
https://store.steampowired.com,1,True
https://store.steam-based-steampowered.com,1,True
https://store.game-inspiredsteampowered.com,1,True
https://store.steampoawered.com,1,True
https://store.stuampowered.com,1,True
https://store.tall-mastedsteampowered.com,1,True
https://store.steamworkssteampowered.com,1,True
https://store.syteampowered.com,1,True
https://store.steampower5ed.com,1,True
https://store.steampoweredtestosterone-infused.com,1,True
https://store.steampoweredreskined.com,1,True
https://store.steampowerid.com,1,True
https://store.steampowe4red.com,1,True
https://store.steazmpowered.com,1,True
https://store.steampow3ered.com,1,True
https://store.steampow2ered.com,1,True
https://store.steampoweredsail-powered.com,1,True
https://store.szteampowered.com,1,True
https://store.steampowetred.com,1,True
https://store.steampoweredp.com,1,True
https://store.steampiowered.com,1,True
https://store.sterampowered.com,1,True
https://store.steajmpowered.com,1,True
https://store.steampowaered.com,1,True
https://store.steaepowered.com,1,True
https://store.muscle-powered-steampowered.com,1,True
https://store.st4eampowered.com,1,True
https://store.ste1ampowered.com,1,True
https://store.steampowefred.com,1,True
https://store.steampoweredsteamworks.com,1,True
https://store.steampoweredw.com,1,True
https://store.hovercraftssteampowered.com,1,True
https://store.smartphone-poweredsteampowered.com,1,True
https://store.steampoweredgame-inspired.com,1,True
https://store.steampoweredsteampunk-themed.com,1,True
https://store.steampoqwered.com,1,True
https://store.steampowerud.com,1,True
https://store.computer-linkedsteampowered.com,1,True
https://store.styeampowered.com,1,True
https://store.steampowere3d.com,1,True
https://store.steampowgred.com,1,True
https://store.smartphone-powered-steampowered.com,1,True
https://store.sgteampowered.com,1,True
https://store.steumpowered.com,1,True
https://store.steampowe5red.com,1,True
https://store.steyampowered.com,1,True
https://store.steampow4ered.com,1,True
https://store.steel-jacketed-steampowered.com,1,True
https://store.steampowxered.com,1,True
https://store.stoampowered.com,1,True
https://store.pre-upgraded-steampowered.com,1,True
https://store.steampo-wered.com,1,True
https://store.steampo0wered.com,1,True
https://store.stealmpowered.com,1,True
https://store.steamp-owered.com,1,True
https://store.steamlpowered.com,1,True
https://store.game-inspired-steampowered.com,1,True
https://store.steampower-ed.com,1,True
https://store.steampowzered.com,1,True
https://store.steampo7ered.com,1,True
https://store.garage-built-steampowered.com,1,True
https://store.reskinedsteampowered.com,1,True
https://store.steampowered-steel-jacketed.com,1,True
https://store.steam0powered.com,1,True
https://store.ai-assisted-steampowered.com,1,True
https://store.steampowered-self-modified.com,1,True
https://store.steampovered.com,1,True
https://store.steqampowered.com,1,True
https://store.steampowe3red.com,1,True
https://store.steampoweredcomputer-run.com,1,True
https://store.steampmwered.com,1,True
https://store.steampo3wered.com,1,True
https://store.steampoxwered.com,1,True
https://store.steampowered-muscle-powered.com,1,True
https://store.steamxowered.com,1,True
https://store.8-wheeled-steampowered.com,1,True
https://store.hand-propelledsteampowered.com,1,True
https://store.store.steampowered.comsteampowered.com,1,True
https://store.steampowered-console-type.com,1,True
https://store.steampoweredcomputer-connected.com,1,True
https://store.anime-styled-steampowered.com,1,True
https://store.steampowered-peterb.com,1,True
https://store.single-wheeled-steampowered.com,1,True
https://store.steampowered-moddified.com,1,True
https://store.stedampowered.com,1,True
https://store.3teampowered.com,1,True
https://store.missile-equipped-steampowered.com,1,True
https://store.battlebot-steampowered.com,1,True
https://store.steampoweredauto-linked.com,1,True
https://store.steampowered-smartphone-enabled.com,1,True
https://store.steamforgedsteampowered.com,1,True
https://store.steampoweredsmartphone-powered.com,1,True
https://store.human-pilotedsteampowered.com,1,True
https://store.steampowered-steam-powered.com,1,True
https://store.steampoweredengine-powered.com,1,True
https://store.steampowerednvited.com,1,True
https://store.steampoweredflanneled.com,1,True
https://store.moddified-steampowered.com,1,True
https://store.steqmpowered.com,1,True
https://store.steampogered.com,1,True
https://store.steampowmred.com,1,True
https://store.cartoon-styled-steampowered.com,1,True
https://store.stweampowered.com,1,True
https://store.steampowered-auto-linked.com,1,True
https://store.dual-screened-steampowered.com,1,True
https://store.steampowered-steamforged.com,1,True
https://store.steampowerdd.com,1,True
https://store.dual-screenedsteampowered.com,1,True
https://store.hand-propelled-steampowered.com,1,True
https://store.steampowered-touchscreen-equipped.com,1,True
https://store.assambledsteampowered.com,1,True
https://store.peterbsteampowered.com,1,True
https://store.computer-connectedsteampowered.com,1,True
https://store.sail-poweredsteampowered.com,1,True
https://store.steampowdred.com,1,True
https://store.steampgwered.com,1,True
https://store.butter-fingered-steampowered.com,1,True
https://store.steampowezed.com,1,True
https://store.semi-sentient-steampowered.com,1,True
https://store.steampoweredcomputer-linked.com,1,True
https://store.steampoweredx.com,1,True
https://store.steampoweredcoal-powered.com,1,True
https://store.computer-managed-steampowered.com,1,True
https://store.steampunk-steampowered.com,1,True
https://store.self-purchased-steampowered.com,1,True
https://store.steampoweredhovercraft.com,1,True
https://store.store.steampowered.comsteampowered.com,1,True
https://store.steampowe2ed.com,1,True
https://store.steampowered-mandroid.com,1,True
https://store.steampowered-single-wheeled.com,1,True
https://store.moddifiedsteampowered.com,1,True
https://store.steampowered-renforced.com,1,True
https://store.pre-upgradedsteampowered.com,1,True
https://store.console-type-steampowered.com,1,True
https://store.steampoweredgarage-built.com,1,True
https://store.cartoon-styledsteampowered.com,1,True
https://store.steampoweredpropeller-powered.com,1,True
https://store.human-piloted-steampowered.com,1,True
https://store.steampoweredh.com,1,True
https://store.steampowered-garage-built.com,1,True
https://store.stecmpowered.com,1,True
https://store.renforced-steampowered.com,1,True
https://store.steampowergd.com,1,True
https://store.hovercraft-steampowered.com,1,True
https://store.steam-poweredsteampowered.com,1,True
https://store.steaopowered.com,1,True
https://store.ste4ampowered.com,1,True
https://store.mandroid-steampowered.com,1,True
https://store.inegrated-steampowered.com,1,True
https://store.steam0owered.com,1,True
https://store.steampowered-semi-sentient.com,1,True
https://store.butter-fingeredsteampowered.com,1,True
https://store.steampmowered.com,1,True
https://store.steampoweved.com,1,True
https://store.steampoweredhovercrafts.com,1,True
https://store.anime-styledsteampowered.com,1,True
https://store.steapmpowered.com,1,True
https://store.coal-poweredsteampowered.com,1,True
https://store.touchscreen-equipped-steampowered.com,1,True
https://store.steampowere4d.com,1,True
https://store.steampoweredwater-propelled.com,1,True
https://store.steampoweredsteam-based.com,1,True
https://store.steampoweredpre-upgraded.com,1,True
https://store.stfeampowered.com,1,True
https://store.steampoweredbutter-fingered.com,1,True
https://store.engine-poweredsteampowered.com,1,True
https://store.propeller-powered-steampowered.com,1,True
https://store.steampoweredsemi-sentient.com,1,True
https://store.auto-linkedsteampowered.com,1,True
https://store.self-modifiedsteampowered.com,1,True
https://store.midi-controlled-steampowered.com,1,True
https://store.pre-overclocked-steampowered.com,1,True
https://store.steaipowered.com,1,True
https://store.steampouered.com,1,True
https://store.steampoweredsteampunk-inspired.com,1,True
https://store.smartphone-enabledsteampowered.com,1,True
https://store.engine-powered-steampowered.com,1,True
https://store.steampowered-coal-powered.com,1,True
https://store.steampowered-hovercrafts.com,1,True
https://store.steampowered-8-wheeled.com,1,True
https://store.steampoweredmidi-controlled.com,1,True
https://store.steampoweredfusion-powered.com,1,True
https://store.steel-jacketedsteampowered.com,1,True
https://store.water-propelled-steampowered.com,1,True
https://store.magic-powered-steampowered.com,1,True
https://store.fusion-powered-steampowered.com,1,True
https://store.s-teampowered.com,1,True
https://store.magic-poweredsteampowered.com,1,True
https://store.steampoweredbattlebot.com,1,True
https://store.propeller-poweredsteampowered.com,1,True
https://store.dual-wielded-steampowered.com,1,True
https://store.steampoweredsteamforged.com,1,True
https://store.steampowered-dual-screened.com,1,True
https://store.steampunk-inspired-steampowered.com,1,True
https://store.steampoweret.com,1,True
https://store.steampowermd.com,1,True
https://store.steampowered-one-wheeled.com,1,True
https://store.stea-powered.com,1,True
https://store.stealpowered.com,1,True
https://store.steampoweredself-modified.com,1,True
https://store.steampowered-steam-driven.com,1,True
https://store.steam-powered-steampowered.com,1,True
https://store.self-modified-steampowered.com,1,True
https://store.pre-overclockedsteampowered.com,1,True
https://store.peterb-steampowered.com,1,True
https://store.steampunk-inspiredsteampowered.com,1,True
https://store.steam-drivensteampowered.com,1,True
https://store.4-wheeledsteampowered.com,1,True
https://store.steampoweredhuman-piloted.com,1,True
https://store.steampowered-assambled.com,1,True
https://store.steampoweredmissile-equipped.com,1,True
https://store.4-wheeled-steampowered.com,1,True
https://store.steam-driven-steampowered.com,1,True
https://store.steampowebed.com,1,True
https://store.precipitation-hardened-steampowered.com,1,True
https://store.steampowered-pre-played.com,1,True
https://store.computer-managedsteampowered.com,1,True
https://store.mandroidsteampowered.com,1,True
https://store.steampowqered.com,1,True
https://store.inegratedsteampowered.com,1,True
https://store.steampo9wered.com,1,True
https://store.steampoweredpre-played.com,1,True
https://store.steampoweredassambled.com,1,True
https://store.console-typesteampowered.com,1,True
https://store.steampoweredinegrated.com,1,True
https://store.wteampowered.com,1,True
https://store.steamposered.com,1,True
https://store.steampowered-hand-propelled.com,1,True
https://store.s4eampowered.com,1,True
https://store.one-wheeledsteampowered.com,1,True
https://store.steampoweredf.com,1,True
https://store.steampoweredconsole-type.com,1,True
https://store.sdeampowered.com,1,True
https://store.steampowered-computer-connected.com,1,True
https://store.steamp0owered.com,1,True
https://store.store.steampowered.com-steampowered.com,1,True
https://store.fusion-poweredsteampowered.com,1,True
https://store.stseampowered.com,1,True
https://store.steam-basedsteampowered.com,1,True
https://store.computer-runsteampowered.com,1,True
https://store.steamp9owered.com,1,True
https://store.stea1mpowered.com,1,True
https://store.steampowared.com,1,True
https://store.8-wheeledsteampowered.com,1,True
https://store.steamjpowered.com,1,True
https://store.steampowered-steampunk-themed.com,1,True
https://store.sfteampowered.com,1,True
https://store.steampowered-smartphone-powered.com,1,True
https://store.steampowered-testosterone-infused.com,1,True
https://store.steampoweresd.com,1,True
https://store.steampoweredt.com,1,True
https://store.steampoweredz.com,1,True
https://store.ste2ampowered.com,1,True
https://store.s6teampowered.com,1,True
https://store.steampoweredk.com,1,True
https://store.steampowerzed.com,1,True
https://store.steampowerewd.com,1,True
https://store.steampowered-steamworks.com,1,True
https://store.steampoweredy.com,1,True
https://store.steampawered.com,1,True
https://store.srteampowered.com,1,True
https://store.steampolwered.com,1,True
https://store.steamqowered.com,1,True
https://store.stea2mpowered.com,1,True
https://store.steampowered-magic-powered.com,1,True
https://store.steamworks-steampowered.com,1,True
https://store.steampower3ed.com,1,True
https://store.steampunk-themedsteampowered.com,1,True
https://store.steaqmpowered.com,1,True
https://store.steampowerwed.com,1,True
https://store.steamplowered.com,1,True
https://store.precipitation-hardenedsteampowered.com,1,True
https://store.stmampowered.com,1,True
https://store.steampowered-dual-wielded.com,1,True
https://store.reskined-steampowered.com,1,True
https://store.steampowereddual-wielded.com,1,True
https://store.dual-wieldedsteampowered.com,1,True
https://store.touchscreen-equippedsteampowered.com,1,True
https://store.flanneled-steampowered.com,1,True
https://store.ai-assistedsteampowered.com,1,True
https://store.steampow-ered.com,1,True
https://store.steampowered-steam-based.com,1,True
https://store.steampowered-reskined.com,1,True
https://store.water-propelledsteampowered.com,1,True
https://store.steampoweredsteam-powered.com,1,True
https://store.steampowerad.com,1,True
https://store.steampowered-ai-assisted.com,1,True
https://store.steampoweredmagic-powered.com,1,True
https://store.steampowere-d.com,1,True
https://store.tall-masted-steampowered.com,1,True
https://store.ste-ampowered.com,1,True
https://store.stea-mpowered.com,1,True
https://store.steampowesed.com,1,True
https://store.stesampowered.com,1,True
https://store.self-purchasedsteampowered.com,1,True
https://store.sueampowered.com,1,True
https://store.steampoweredsteampunk.com,1,True
https://store.steampnwered.com,1,True
https://store.st3eampowered.com,1,True
https://store.steakmpowered.com,1,True
https://store.testosterone-infusedsteampowered.com,1,True
https://store.garage-builtsteampowered.com,1,True
https://store.steampowedred.com,1,True
https://store.ste3ampowered.com,1,True
https://store.muscle-poweredsteampowered.com,1,True
https://store.steampoweredsingle-wheeled.com,1,True
https://store.steampowered-missile-equipped.com,1,True
https://store.single-wheeledsteampowered.com,1,True
https://store.steampowered-hovercraft.com,1,True
https://store.pre-played-steampowered.com,1,True
https://store.pre-playedsteampowered.com,1,True
https://store.steampowered-anime-styled.com,1,True
https://store.steampowered-tall-masted.com,1,True
https://store.steampowered-flanneled.com,1,True
https://store.st5eampowered.com,1,True
https://store.steampowe-red.com,1,True
https://store.steampowered-computer-run.com,1,True
https://store.steampkwered.com,1,True
https://store.battlebotsteampowered.com,1,True
https://store.steampowered-self-purchased.com,1,True
https://store.coal-powered-steampowered.com,1,True
https://store.steampowered-gene-engineered.com,1,True
https://store.one-wheeled-steampowered.com,1,True
https://store.steampowered-computer-managed.com,1,True
https://store.steampowered4-wheeled.com,1,True
https://store.steampoweredgene-engineered.com,1,True
https://store.nvited-steampowered.com,1,True
https://store.steampoweredrenforced.com,1,True
https://store.renforcedsteampowered.com,1,True
https://store.hovercraftsteampowered.com,1,True
https://store.steampowered-nvited.com,1,True
https://store.store.steampowered.com-steampowered.com,1,True
https://store.flanneledsteampowered.com,1,True
https://store.steampoweredcartoon-styled.com,1,True
https://store.steampower4ed.com,1,True
https://store.assambled-steampowered.com,1,True
https://store.gene-engineered-steampowered.com,1,True
https://store.steampowereddual-screened.com,1,True
https://store.steampowered-4-wheeled.com,1,True
https://store.nvitedsteampowered.com,1,True
https://store.steampunk-themed-steampowered.com,1,True
https://store.steampowesred.com,1,True
https://store.steampowewred.com,1,True
https://store.stezampowered.com,1,True
https://store.steampoweredm.com,1,True
https://store.steampoweredsteel-jacketed.com,1,True
https://store.steampowerfed.com,1,True
https://store.steampuwered.com,1,True
https://store.steampowezred.com,1,True
https://store.steampowersed.com,1,True
https://store.steimpowered.com,1,True
https://store.steampowered8-wheeled.com,1,True
https://store.sail-powered-steampowered.com,1,True
https://store.steampo2wered.com,1,True
https://store.testosterone-infused-steampowered.com,1,True
https://store.steamopowered.com,1,True
https://store.stgeampowered.com,1,True
https://store.steampowered-water-propelled.com,1,True
https://store.steanmpowered.com,1,True
https://store.rteampowered.com,1,True
https://store.hovercrafts-steampowered.com,1,True
https://store.steampowered-pre-upgraded.com,1,True
https://store.stzeampowered.com,1,True
https://store.steampoweredq.com,1,True
https://store.sveampowered.com,1,True
https://store.steamforged-steampowered.com,1,True
https://store.stgampowered.com,1,True
https://store.auto-linked-steampowered.com,1,True
https://store.steampoweredsmartphone-enabled.com,1,True
https://store.steampowered-propeller-powered.com,1,True
https://store.steampowered-fusion-powered.com,1,True
https://store.steampoweredprecipitation-hardened.com,1,True
https://store.steampoweredanime-styled.com,1,True
https://store.steampowered-engine-powered.com,1,True
https://store.steampoweredmuscle-powered.com,1,True
https://store.steampowered-human-piloted.com,1,True
https://store.steampoweredpeterb.com,1,True
https://store.steampunksteampowered.com,1,True
https://store.steamposwered.com,1,True
https://store.steampowered-computer-linked.com,1,True
https://store.steampoweredmandroid.com,1,True
https://store.midi-controlledsteampowered.com,1,True
https://store.steampoweredtall-masted.com,1,True
https://store.steampoweredhand-propelled.com,1,True
https://store.steampkowered.com,1,True
https://store.steampowered-butter-fingered.com,1,True
https://store.steampowered-pre-overclocked.com,1,True
https://store.steampowsered.com,1,True
https://store.steamnpowered.com,1,True
https://store.steampowered-sail-powered.com,1,True
https://store.steampoweredcomputer-managed.com,1,True
https://store.stdampowered.com,1,True
https://store.computer-run-steampowered.com,1,True
https://store.steampokwered.com,1,True
https://store.steampowered-midi-controlled.com,1,True
https://store.steampoweredmoddified.com,1,True
https://store.steampowered-precipitation-hardened.com,1,True
https://store.steampowered-steampunk-inspired.com,1,True
https://store.computer-linked-steampowered.com,1,True
https://store.steampowered-battlebot.com,1,True
https://store.steampowered-cartoon-styled.com,1,True
https://store.st6eampowered.com,1,True
https://store.steampoweredg.com,1,True
https://store.steampoweredai-assisted.com,1,True
https://store.steampoweredsteam-driven.com,1,True
https://store.steamkpowered.com,1,True
https://store.semi-sentientsteampowered.com,1,True
https://store.steamrowered.com,1,True
https://store.steampowered-steampunk.com,1,True
https://store.gene-engineeredsteampowered.com,1,True
https://store.steompowered.com,1,True
https://store.steampoweredself-purchased.com,1,True
https://store.steampoweredpre-overclocked.com,1,True
https://store.steampoweredtouchscreen-equipped.com,1,True
https://store.smartphone-enabled-steampowered.com,1,True
https://store.steamtowered.com,1,True
https://store.qteampowered.com,1,True
https://store.steampowered-inegrated.com,1,True
https://store.steampoweredone-wheeled.com,1,True
https://store.cteampowered.com,1,True
https://store.computer-connected-steampowered.com,1,True
https://store.steampoweredn.com,1,True
https://store.st-eampowered.com,1,True
https://store.store.steampowered.comsteampowered.com,1,True
https://store.missile-equippedsteampowered.com,1,True
https://store.hydraulically-actuated-steampowered.com,1,True
https://store.steampunk-style-steampowered.com,1,True
https://store.steampowered-gumph.com,1,True
https://store.steampoweredgoggle-wearing.com,1,True
https://store.hydraulically-operatedsteampowered.com,1,True
https://store.hydraulically-actuatedsteampowered.com,1,True
https://store.steampowered-monocle-wearing.com,1,True
https://store.steampoweredhydraulically-actuated.com,1,True
https://store.steampoweredcrank-powered.com,1,True
https://store.steampowered-hydro-powered.com,1,True
https://store.exporedsteampowered.com,1,True
https://store.steampowered.water-propelled.com,1,True
https://store.steampowered-transistorised.com,1,True
https://store.steampowered-steampunk-style.com,1,True
https://store.steampoweredre-amped.com,1,True
https://store.steampoweredgumph.com,1,True
https://store.gumphsteampowered.com,1,True
https://store.store.steampowered.com-steampowered.com,1,True
https://store.steampoweredmotorized.com,1,True
https://store.steampowered.butter-fingered.com,1,True
https://store.re-subbed-steampowered.com,1,True
https://store.steampowered-high-wheeled.com,1,True
https://store.steampowered.human-piloted.com,1,True
https://store.steampowered-hydraulically-actuated.com,1,True
https://store.hatcheted-steampowered.com,1,True
https://store.steampowered.computer-linked.com,1,True
https://store.steampowered.propeller-powered.com,1,True
https://store.co2-powered-steampowered.com,1,True
https://store.steampoweredatomic-powered.com,1,True
https://store.steampowered-hovercars.com,1,True
https://store.steampowered-black-hulled.com,1,True
https://store.steampowered.renforced.com,1,True
https://store.horse-powered-steampowered.com,1,True
https://store.government-assigned-steampowered.com,1,True
https://store.english-built-steampowered.com,1,True
https://store.steampowered.reskined.com,1,True
https://store.steampowered.propeller-powered.com,1,True
https://store.console-exclusive-steampowered.com,1,True
https://store.retweakedsteampowered.com,1,True
https://store.computer-modeledsteampowered.com,1,True
https://store.steampowered-dragon-headed.com,1,True
https://store.non-crippled-steampowered.com,1,True
https://store.steampoweredwater-powered.com,1,True
https://store.steampoweredcomputer-rendered.com,1,True
https://store.steampowered.single-wheeled.com,1,True
https://store.power-armored-steampowered.com,1,True
https://store.steam-hauled-steampowered.com,1,True
https://store.steampoweredhydraulically-operated.com,1,True
https://store.steampoweredpistoleer.com,1,True
https://store.steampowered.self-purchased.com,1,True
https://store.steampowered.8-wheeled.com,1,True
https://store.single-mastedsteampowered.com,1,True
https://store.steampowered.steel-jacketed.com,1,True
https://store.steampowerediron-hulled.com,1,True
https://store.steampoweredpower-armored.com,1,True
https://store.steampowered.inegrated.com,1,True
https://store.hovercars-steampowered.com,1,True
https://store.steampowered.willy-waving.com,1,True
https://store.steampowered-kinect-powered.com,1,True
https://store.steampoweredre-subbed.com,1,True
https://store.steampowered.steampunk-themed.com,1,True
https://store.steampunk-stylesteampowered.com,1,True
https://store.human-operated-steampowered.com,1,True
https://store.steampowered.zelda-inspired.com,1,True
https://store.steampowered.dual-wielded.com,1,True
https://store.willy-wavingsteampowered.com,1,True
https://store.steampowered.steam-driven.com,1,True
https://store.steampowered.iron-hulled.com,1,True
https://store.steampowered.nonpowered.com,1,True
https://store.muzzle-loaded-steampowered.com,1,True
https://store.steampoweredmidi-enabled.com,1,True
https://store.steampowered-atomic-powered.com,1,True
https://store.steampowered.dual-screened.com,1,True
https://store.steampowered.console-level.com,1,True
https://store.steampowered.magic-powered.com,1,True
https://store.steampowered-iron-hulled.com,1,True
https://store.steampowered.console-level.com,1,True
https://store.steampowered.computer-connected.com,1,True
https://store.steampowerednon-crippled.com,1,True
https://store.steampoweredconsole-exclusive.com,1,True
https://store.steampowered.sci-fi-inspired.com,1,True
https://store.firetwirlingsteampowered.com,1,True
https://store.optomized-steampowered.com,1,True
https://store.man-powered-steampowered.com,1,True
https://store.steampowered.dual-wielded.com,1,True
https://store.steampoweredoptomized.com,1,True
https://store.steampoweredhalf-tracked.com,1,True
https://store.steampowered-sallow-faced.com,1,True
https://store.steampoweredretweaked.com,1,True
https://store.steampoweredhorse-powered.com,1,True
https://store.steampowered-hydraulically-operated.com,1,True
https://store.steampowered.hydro-powered.com,1,True
https://store.iron-hulledsteampowered.com,1,True
https://store.steampowered-computer-rendered.com,1,True
https://store.man-poweredsteampowered.com,1,True
https://store.steampowereddragon-headed.com,1,True
https://store.sallow-facedsteampowered.com,1,True
https://store.steampowered.inegrated.com,1,True
https://store.motorized-steampowered.com,1,True
https://store.steampowered.precipitation-hardened.com,1,True
https://store.steampowered-hatcheted.com,1,True
https://store.steampowered-steam-punk.com,1,True
https://store.steampowered-pedal-assisted.com,1,True
https://store.steampowered.sail-powered.com,1,True
https://store.steampowered.hydraulically-actuated.com,1,True
https://store.steampowerednonpowered.com,1,True
https://store.computer-operatedsteampowered.com,1,True
https://store.steampowered.computer-connected.com,1,True
https://store.steampowered.smartphone-powered.com,1,True
https://store.steampoweredman-powered.com,1,True
https://store.optomizedsteampowered.com,1,True
https://store.hatchetedsteampowered.com,1,True
https://store.steampowered.hand-propelled.com,1,True
https://store.steampowered.reskined.com,1,True
https://store.steampoweredsingle-masted.com,1,True
https://store.steampowered.renforced.com,1,True
https://store.steampowered.butter-fingered.com,1,True
https://store.steampowered-siliconera.com,1,True
https://store.steampoweredmuzzle-loaded.com,1,True
https://store.computer-renderedsteampowered.com,1,True
https://store.steampowered-english-built.com,1,True
https://store.steampunked-steampowered.com,1,True
https://store.dragon-headedsteampowered.com,1,True
https://store.retweaked-steampowered.com,1,True
https://store.steampoweredelderscrolls.com,1,True
https://store.steampowered-came-out.com,1,True
https://store.gumph-steampowered.com,1,True
https://store.steampowered.touchscreen-equipped.com,1,True
https://store.steampoweredfast-fingered.com,1,True
https://store.dragon-headed-steampowered.com,1,True
https://store.nonpowered-steampowered.com,1,True
https://store.steampoweredgovernment-assigned.com,1,True
https://store.spergingsteampowered.com,1,True
https://store.steampowered-re-subbed.com,1,True
https://store.steampowered.precipitation-hardened.com,1,True
https://store.steampowered.hydro-powered.com,1,True
https://store.black-hulled-steampowered.com,1,True
https://store.government-assignedsteampowered.com,1,True
https://store.steampowered.moddified.com,1,True
https://store.knited-steampowered.com,1,True
https://store.atomic-poweredsteampowered.com,1,True
https://store.steampoweredmonocle-wearing.com,1,True
https://store.steampowered.fusion-powered.com,1,True
https://store.steampowered.human-piloted.com,1,True
https://store.muzzle-loadedsteampowered.com,1,True
https://store.english-builtsteampowered.com,1,True
https://store.steampowered-console-exclusive.com,1,True
https://store.steampowered.computer-operated.com,1,True
https://store.steampowered-computer-modeled.com,1,True
https://store.steampoweredsteampunk-style.com,1,True
https://store.willy-waving-steampowered.com,1,True
https://store.steampowered.water-propelled.com,1,True
https://store.re-ampedsteampowered.com,1,True
https://store.steampowered.smartassed.com,1,True
https://store.smartassedsteampowered.com,1,True
https://store.steampowered-willy-waving.com,1,True
https://store.zelda-inspired-steampowered.com,1,True
https://store.high-wheeled-steampowered.com,1,True
https://store.steampowered.pre-overclocked.com,1,True
https://store.nonpoweredsteampowered.com,1,True
https://store.monocle-wearingsteampowered.com,1,True
https://store.auto-mobile-steampowered.com,1,True
https://store.steampowered.8-wheeled.com,1,True
https://store.computer-operated-steampowered.com,1,True
https://store.steampowered-power-armored.com,1,True
https://store.steampowered.steam-hauled.com,1,True
https://store.steampowered-self-piloted.com,1,True
https://store.atomic-powered-steampowered.com,1,True
https://store.steampoweredkinect-powered.com,1,True
https://store.steampowered.single-wheeled.com,1,True
https://store.steampowered-zelda-inspired.com,1,True
https://store.self-pilotedsteampowered.com,1,True
https://store.motorizedsteampowered.com,1,True
https://store.steampowered.power-armored.com,1,True
https://store.steampoweredsiliconera.com,1,True
https://store.steampowered.pedal-assisted.com,1,True
https://store.steampoweredtransistorised.com,1,True
https://store.steampowered.pedal-assisted.com,1,True
https://store.steampowered.tall-masted.com,1,True
https://store.steampowered.steam-based.com,1,True
https://store.steampoweredzelda-inspired.com,1,True
https://store.steampowered.computer-linked.com,1,True
https://store.firetwirling-steampowered.com,1,True
https://store.transistorised-steampowered.com,1,True
https://store.single-masted-steampowered.com,1,True
https://store.steampowered.coal-powered.com,1,True
https://store.steampowered.steampunk-themed.com,1,True
https://store.hydro-poweredsteampowered.com,1,True
https://store.steampowered-dual-headed.com,1,True
https://store.steampoweredfiretwirling.com,1,True
https://store.steampowered-un-modded.com,1,True
https://store.steampowered.midi-controlled.com,1,True
https://store.steampowered.smartphone-powered.com,1,True
https://store.steampoweredsteampunkish.com,1,True
https://store.sallow-faced-steampowered.com,1,True
https://store.steampowered.iron-hulled.com,1,True
https://store.water-powered-steampowered.com,1,True
https://store.steampoweredhuman-operated.com,1,True
https://store.steampoweredsteampunked.com,1,True
https://store.steampowered-government-assigned.com,1,True
https://store.steampowered-console-level.com,1,True
https://store.water-poweredsteampowered.com,1,True
https://store.steampowered.high-wheeled.com,1,True
https://store.steampowered.goggle-wearing.com,1,True
https://store.steampowered.hydraulically-actuated.com,1,True
https://store.steampoweredsallow-faced.com,1,True
https://store.steampowered.sperging.com,1,True
https://store.steampowered-steam-hauled.com,1,True
https://store.steampowered-re-amped.com,1,True
https://store.steampowered.engine-powered.com,1,True
https://store.steampowered.hand-propelled.com,1,True
https://store.steampowered.kerosene-fueled.com,1,True
https://store.compeared-steampowered.com,1,True
https://store.steampowered.kinect-powered.com,1,True
https://store.steampowered.self-purchased.com,1,True
https://store.steampowered.computer-rendered.com,1,True
https://store.steam-hauledsteampowered.com,1,True
https://store.steampowered-auto-mobile.com,1,True
https://store.kinect-poweredsteampowered.com,1,True
https://store.kerosene-fueledsteampowered.com,1,True
https://store.steampowered-horse-powered.com,1,True
https://store.steampoweredself-piloted.com,1,True
https://store.steampowered.cartoon-styled.com,1,True
https://store.steampoweredhigh-wheeled.com,1,True
https://store.steampowered-elderscrolls.com,1,True
https://store.steampowered.missile-equipped.com,1,True
https://store.steampowered.steampunk-inspired.com,1,True
https://store.steampoweredkerosene-fueled.com,1,True
https://store.steampoweredsmartassed.com,1,True
https://store.steampowered.un-modded.com,1,True
https://store.steampoweredsci-fi-inspired.com,1,True
https://store.steam-punksteampowered.com,1,True
https://store.compearedsteampowered.com,1,True
https://store.steampoweredhovercars.com,1,True
https://store.steampowered.kerosene-fueled.com,1,True
https://store.steampowered.pre-upgraded.com,1,True
https://store.pulp-inspiredsteampowered.com,1,True
https://store.steampowered-fast-fingered.com,1,True
https://store.console-level-steampowered.com,1,True
https://store.steampowered.power-armored.com,1,True
https://store.goggle-wearing-steampowered.com,1,True
https://store.steampowered.game-inspired.com,1,True
https://store.dual-headed-steampowered.com,1,True
https://store.knitedsteampowered.com,1,True
https://store.steampowered.man-powered.com,1,True
https://store.hovercarssteampowered.com,1,True
https://store.steampowered-retrogame.com,1,True
https://store.steampoweredsteam-hauled.com,1,True
https://store.dual-headedsteampowered.com,1,True
https://store.steampowered-pistoleer.com,1,True
https://store.steampowered.coal-powered.com,1,True
https://store.steampowered.one-wheeled.com,1,True
https://store.steampowered.goggle-wearing.com,1,True
https://store.steampoweredcompeared.com,1,True
https://store.steampoweredwilly-waving.com,1,True
https://store.smartassed-steampowered.com,1,True
https://store.steampowered.missile-equipped.com,1,True
https://store.steampowered-co2-powered.com,1,True
https://store.steampoweredauto-mobile.com,1,True
https://store.steampowered.midi-controlled.com,1,True
https://store.steampowered-steampunkish.com,1,True
https://store.steampowered.smartphone-enabled.com,1,True
https://store.steampowered-steampunked.com,1,True
https://store.pistoleersteampowered.com,1,True
https://store.steampowered-goggle-wearing.com,1,True
https://store.steampowered-non-crippled.com,1,True
https://store.steampowered-man-powered.com,1,True
https://store.steampowered-water-powered.com,1,True
https://store.steampoweredco2-powered.com,1,True
https://store.transistorisedsteampowered.com,1,True
https://store.steampowered.smartassed.com,1,True
https://store.self-piloted-steampowered.com,1,True
https://store.steampowered.tall-masted.com,1,True
https://store.steampowered-nonpowered.com,1,True
https://store.pistoleer-steampowered.com,1,True
https://store.steampowered-kerosene-fueled.com,1,True
https://store.steampoweredexpored.com,1,True
https://store.steampowered.steam-based.com,1,True
https://store.steampowered.willy-waving.com,1,True
https://store.steampowered.dual-screened.com,1,True
https://store.steampowered.smartphone-enabled.com,1,True
https://store.crank-powered-steampowered.com,1,True
https://store.midi-enabledsteampowered.com,1,True
https://store.siliconerasteampowered.com,1,True
https://store.sperging-steampowered.com,1,True
https://store.steampowered.pre-played.com,1,True
https://store.retrofited-steampowered.com,1,True
https://store.elderscrollssteampowered.com,1,True
https://store.expored-steampowered.com,1,True
https://store.came-out-steampowered.com,1,True
https://store.steampowered.magic-powered.com,1,True
https://store.steampowered-sperging.com,1,True
https://store.elderscrolls-steampowered.com,1,True
https://store.basketedsteampowered.com,1,True
https://store.fast-fingeredsteampowered.com,1,True
https://store.steampowered.testosterone-infused.com,1,True
https://store.co2-poweredsteampowered.com,1,True
https://store.un-moddedsteampowered.com,1,True
https://store.steampowered-motorised.com,1,True
https://store.pulp-inspired-steampowered.com,1,True
https://store.steampowered.computer-rendered.com,1,True
https://store.steampowered.sail-powered.com,1,True
https://store.steampunkishsteampowered.com,1,True
https://store.steampowered.pre-upgraded.com,1,True
https://store.steampunkish-steampowered.com,1,True
https://store.steampoweredcomputer-modeled.com,1,True
https://store.computer-rendered-steampowered.com,1,True
https://store.steampowered.steam-driven.com,1,True
https://store.steampowered.man-powered.com,1,True
https://store.steampowered.anime-styled.com,1,True
https://store.steampowered.computer-operated.com,1,True
https://store.steampowered-muzzle-loaded.com,1,True
https://store.steampowered.cartoon-styled.com,1,True
https://store.iron-hulled-steampowered.com,1,True
https://store.steampowered.fusion-powered.com,1,True
https://store.retrogame-steampowered.com,1,True
https://store.steampowered.self-modified.com,1,True
https://store.hydraulically-operated-steampowered.com,1,True
https://store.steampowered.pre-overclocked.com,1,True
https://store.fast-fingered-steampowered.com,1,True
https://store.steampowered.un-modded.com,1,True
https://store.steampoweredretrofited.com,1,True
https://store.horse-poweredsteampowered.com,1,True
https://store.motorisedsteampowered.com,1,True
https://store.steampowered.steampunk-inspired.com,1,True
https://store.kinect-powered-steampowered.com,1,True
https://store.re-amped-steampowered.com,1,True
https://store.steampoweredsperging.com,1,True
https://store.steampoweredpulp-inspired.com,1,True
https://store.human-operatedsteampowered.com,1,True
https://store.steampoweredretrogame.com,1,True
https://store.steampowered.kinect-powered.com,1,True
https://store.steampowered.high-wheeled.com,1,True
https://store.steam-punk-steampowered.com,1,True
https://store.steampoweredconsole-level.com,1,True
https://store.steampowered.computer-managed.com,1,True
https://store.steampowered.moddified.com,1,True
https://store.steampowered-retweaked.com,1,True
https://store.steampowered.touchscreen-equipped.com,1,True
https://store.steampowered.zelda-inspired.com,1,True
https://store.steampowered.game-inspired.com,1,True
https://store.zelda-inspiredsteampowered.com,1,True
https://store.steampoweredhydro-powered.com,1,True
https://store.steampoweredblack-hulled.com,1,True
https://store.steampowered-retrofited.com,1,True
https://store.steampowered.one-wheeled.com,1,True
https://store.steampowered.anime-styled.com,1,True
https://store.steampowered.console-type.com,1,True
https://store.steampowered-smartassed.com,1,True
https://store.console-exclusivesteampowered.com,1,True
https://store.came-outsteampowered.com,1,True
https://store.half-trackedsteampowered.com,1,True
https://store.steampowered.self-modified.com,1,True
https://store.steampowered-computer-operated.com,1,True
https://store.steampoweredmotorised.com,1,True
https://store.sci-fi-inspired-steampowered.com,1,True
https://store.midi-enabled-steampowered.com,1,True
https://store.steampowered.console-type.com,1,True
https://store.re-subbedsteampowered.com,1,True
https://store.steampoweredhatcheted.com,1,True
https://store.basketed-steampowered.com,1,True
https://store.high-wheeledsteampowered.com,1,True
https://store.steampowered-knited.com,1,True
https://store.steampoweredpedal-assisted.com,1,True
https://store.steampowered.dragon-headed.com,1,True
https://store.steampowered.sperging.com,1,True
https://store.steampowered-firetwirling.com,1,True
https://store.steampowered.engine-powered.com,1,True
https://store.steampowered.pre-played.com,1,True
https://store.steampowered.testosterone-infused.com,1,True
https://store.steampoweredcomputer-operated.com,1,True
https://store.steampunkedsteampowered.com,1,True
https://store.steampoweredenglish-built.com,1,True
https://store.motorised-steampowered.com,1,True
https://store.kerosene-fueled-steampowered.com,1,True
https://store.steampowered-midi-enabled.com,1,True
https://store.non-crippledsteampowered.com,1,True
https://store.pedal-assisted-steampowered.com,1,True
https://store.steampowereddual-headed.com,1,True
https://store.steampowered.4-wheeled.com,1,True
https://store.steampoweredbasketed.com,1,True
https://store.steampowered-compeared.com,1,True
https://store.goggle-wearingsteampowered.com,1,True
https://store.steampowered-pulp-inspired.com,1,True
https://store.sci-fi-inspiredsteampowered.com,1,True
https://store.steampoweredcame-out.com,1,True
https://store.crank-poweredsteampowered.com,1,True
https://store.steampowered.dragon-headed.com,1,True
https://store.steampowered.hatcheted.com,1,True
https://store.steampoweredun-modded.com,1,True
https://store.steampowered-half-tracked.com,1,True
https://store.un-modded-steampowered.com,1,True
https://store.steampowered-single-masted.com,1,True
https://store.pedal-assistedsteampowered.com,1,True
https://store.console-levelsteampowered.com,1,True
https://store.retrogamesteampowered.com,1,True
https://store.steampoweredknited.com,1,True
https://store.steampowered.4-wheeled.com,1,True
https://store.steampowered-expored.com,1,True
https://store.steampowered-sci-fi-inspired.com,1,True
https://store.monocle-wearing-steampowered.com,1,True
https://store.retrofitedsteampowered.com,1,True
https://store.steampowered-optomized.com,1,True
https://store.siliconera-steampowered.com,1,True
https://store.steampowered-human-operated.com,1,True
https://store.half-tracked-steampowered.com,1,True
https://store.steampowered-motorized.com,1,True
https://store.power-armoredsteampowered.com,1,True
https://store.computer-modeled-steampowered.com,1,True
https://store.black-hulledsteampowered.com,1,True
https://store.steampowered.nonpowered.com,1,True
https://store.steampoweredsteam-punk.com,1,True
https://store.steampowered.steel-jacketed.com,1,True
https://store.steampowered.sci-fi-inspired.com,1,True
https://store.steampowered.hatcheted.com,1,True
https://store.auto-mobilesteampowered.com,1,True
https://store.steampowered-basketed.com,1,True
https://store.steampowered-crank-powered.com,1,True
https://store.hydro-powered-steampowered.com,1,True
https://store.steampowered.computer-managed.com,1,True
https://store.steampowered.steam-hauled.com,1,True
https://store.steampowered.muzzle-loaded.com,1,True
https://www.netflicksnetflix.com/au,1,True
https://www.cabletv-netflix.com/au,1,True
https://www.netflixcinemax.com/au,1,True
https://store.steampowered.monocle-wearing.com,1,True
https://store.steampowered.dual-headed.com,1,True
https://store.steampowered.came-out.com,1,True
https://www.unblock-us-netflix.com/au,1,True
https://store.steampowered.came-out.com,1,True
https://www.netflix-atv2.com/au,1,True
https://store.steampowered.government-assigned.com,1,True
https://www.netflix-hbogo.com/au,1,True
https://www.blueraynetflix.com/au,1,True
https://store.steampowered.government-assigned.com,1,True
https://www.netflexnetflix.com/au,1,True
https://store.steampowered.non-crippled.com,1,True
https://www.gameflynetflix.com/au,1,True
https://www.brighthouse-netflix.com/au,1,True
https://www.netflix-appletv.com/au,1,True
https://store.steampowered.computer-modeled.com,1,True
https://store.steampowered.single-masted.com,1,True
https://www.netflixunblock-us.com/au,1,True
https://www.roku-netflix.com/au,1,True
https://www.netflixnetflex.com/au,1,True
https://store.steampowered.muzzle-loaded.com,1,True
https://www.atv2-netflix.com/au,1,True
https://www.appletv-netflix.com/au,1,True
https://store.steampowered.hydraulically-operated.com,1,True
https://store.steampowered.computer-modeled.com,1,True
https://store.steampowered.crank-powered.com,1,True
https://www.1channel-netflix.com/au,1,True
https://store.steampowered.retrofited.com,1,True
https://www.netflix-getflix.com/au,1,True
https://www.netflix-cinemax.com/au,1,True
https://www.netflixsnetflix.com/au,1,True
https://store.steampowered.monocle-wearing.com,1,True
https://www.netflix-netflixing.com/au,1,True
https://www.netflix-netflex.com/au,1,True
https://www.netflix-roku3.com/au,1,True
https://store.steampowered.midi-enabled.com,1,True
https://store.steampowered.re-subbed.com,1,True
https://www.netflixnetflixing.com/au,1,True
https://store.steampowered.human-operated.com,1,True
https://store.steampowered.co2-powered.com,1,True
https://www.netflixnetflixnetflix.com/au,1,True
https://store.steampowered.re-subbed.com,1,True
https://www.netflixnetflixes.com/au,1,True
https://www.blue-raynetflix.com/au,1,True
https://www.netflix-style-netflix.com/au,1,True
https://store.steampowered.retrofited.com,1,True
https://www.netflixing-netflix.com/au,1,True
https://www.netflixnextflix.com/au,1,True
https://www.netflixlionsgate.com/au,1,True
https://www.netflixbinge-watching.com/au,1,True
https://www.unblock-usnetflix.com/au,1,True
https://www.netflixgetflix.com/au,1,True
https://store.steampowered.human-operated.com,1,True
https://www.netflix-nexflix.com/au,1,True
https://www.wdtv-netflix.com/au,1,True
https://store.steampowered.fast-fingered.com,1,True
https://www.chromcastnetflix.com/au,1,True
https://www.netflixquickflix.com/au,1,True
https://www.nextflix-netflix.com/au,1,True
https://www.netflixgaikai.com/au,1,True
https://www.nflx-netflix.com/au,1,True
https://www.mediacom-netflix.com/au,1,True
https://www.bluraysnetflix.com/au,1,True
https://www.netflix-redbox.com/au,1,True
https://www.netflixwdtv.com/au,1,True
https://store.steampowered.hydraulically-operated.com,1,True
https://store.steampowered.console-exclusive.com,1,True
https://www.netflixblu-ray.com/au,1,True
https://www.netflixvudu.com/au,1,True
https://www.netflix-movies.com/au,1,True
https://www.netflex-netflix.com/au,1,True
https://www.netflix-netflx.com/au,1,True
https://www.serviionetflix.com/au,1,True
https://www.netflixesnetflix.com/au,1,True
https://www.xfinitynetflix.com/au,1,True
https://www.nextflixnetflix.com/au,1,True
https://www.starznetflix.com/au,1,True
https://www.netflix-wdtv.com/au,1,True
https://www.netflix-boxee.com/au,1,True
https://www.ps4-netflix.com/au,1,True
https://www.netflixnetflixs.com/au,1,True
https://www.crunchyroll-netflix.com/au,1,True
https://www.wifinetflix.com/au,1,True
https://www.cinemax-netflix.com/au,1,True
https://www.netflixtv-series.com/au,1,True
https://www.netflix-chromcast.com/au,1,True
https://www.netflix-blue-ray.com/au,1,True
https://www.netflix-binge-watching.com/au,1,True
https://www.netflix-serviio.com/au,1,True
https://www.netflix1channel.com/au,1,True
https://www.netflix-starz.com/au,1,True
https://www.netflix-bluray.com/au,1,True
https://www.netflix-blu-rays.com/au,1,True
https://www.tvshownetflix.com/au,1,True
https://www.flixnetflix.com/au,1,True
https://www.kindlefirenetflix.com/au,1,True
https://store.steampowered.sallow-faced.com,1,True
https://www.netflixchromebox.com/au,1,True
https://www.netflix-netflixed.com/au,1,True
https://www.netflicks-netflix.com/au,1,True
https://www.netflix-crunchyroll.com/au,1,True
https://www.netflix-huluplus.com/au,1,True
https://www.getflix-netflix.com/au,1,True
https://www.tvshow-netflix.com/au,1,True
https://www.brighthousenetflix.com/au,1,True
https://www.netflixfiretv.com/au,1,True
https://www.firetv-netflix.com/au,1,True
https://store.steampowered.pulp-inspired.com,1,True
https://www.netflixnexflix.com/au,1,True
https://www.getflixnetflix.com/au,1,True
https://www.mediacomnetflix.com/au,1,True
https://www.netflix-dlna.com/au,1,True
https://www.netflix-mobdro.com/au,1,True
https://www.netfixnetflix.com/au,1,True
https://www.binge-watchnetflix.com/au,1,True
https://www.netflix-chromebox.com/au,1,True
https://www.netflixnetflix-netflix.com/au,1,True
https://www.xbmc-netflix.com/au,1,True
https://www.stramingnetflix.com/au,1,True
https://www.nexflix-netflix.com/au,1,True
https://www.netflix-xfinity.com/au,1,True
https://www.netflixnetfix.com/au,1,True
https://www.netflixbinge-watched.com/au,1,True
https://www.blu-raynetflix.com/au,1,True
https://www.roku3-netflix.com/au,1,True
https://www.netflixcrunchyroll.com/au,1,True
https://www.showbox-netflix.com/au,1,True
https://www.chromebox-netflix.com/au,1,True
https://www.netflix-tvshow.com/au,1,True
https://www.hbogonetflix.com/au,1,True
https://www.netflix-roku.com/au,1,True
https://www.slingplayer-netflix.com/au,1,True
https://www.chromeboxnetflix.com/au,1,True
https://www.iplayernetflix.com/au,1,True
https://www.smarttvnetflix.com/au,1,True
https://www.netflixhuluplus.com/au,1,True
https://www.netflix-firetv.com/au,1,True
https://www.netflixdirecttv.com/au,1,True
https://www.netflix-flix.com/au,1,True
https://www.netflixshowbox.com/au,1,True
https://www.wifi-netflix.com/au,1,True
https://www.netflix.i-netflix.com/au,1,True
https://www.netflixdlna.com/au,1,True
https://www.dlnanetflix.com/au,1,True
https://www.netflix-iplayer.com/au,1,True
https://www.netflix-netflix-like.com/au,1,True
https://www.netflix-youtube.com/au,1,True
https://www.lionsgate-netflix.com/au,1,True
https://www.netflixstraming.com/au,1,True
https://www.netflix-movie-streaming.com/au,1,True
https://www.netflixblue-ray.com/au,1,True
https://www.gaikainetflix.com/au,1,True
https://www.tv-series-netflix.com/au,1,True
https://www.netflixhbogo.com/au,1,True
https://www.movie-streamingnetflix.com/au,1,True
https://www.netflixlovefilm.com/au,1,True
https://www.hbogo-netflix.com/au,1,True
https://www.netflix-cabletv.com/au,1,True
https://www.netflix-slingbox.com/au,1,True
https://www.huluplusnetflix.com/au,1,True
https://www.flixster-netflix.com/au,1,True
https://www.binge-watched-netflix.com/au,1,True
https://www.netflixxfinity.com/au,1,True
https://www.netflixplaystation.com/au,1,True
https://www.directtv-netflix.com/au,1,True
https://www.netflixkindlefire.com/au,1,True
https://www.netflixatv2.com/au,1,True
https://www.netflix-unblock-us.com/au,1,True
https://www.blu-rays-netflix.com/au,1,True
https://www.1channelnetflix.com/au,1,True
https://www.bluray-netflix.com/au,1,True
https://www.straming-netflix.com/au,1,True
https://store.steampowered.self-piloted.com,1,True
https://www.netflix-netflixnetflix.com/au,1,True
https://www.movie-streaming-netflix.com/au,1,True
https://www.blurays-netflix.com/au,1,True
https://www.netflix-smarttv.com/au,1,True
https://www.netflx-netflix.com/au,1,True
https://www.netflix-amazon.com/au,1,True
https://www.netflix-onlive.com/au,1,True
https://www.netflix-playstation.com/au,1,True
https://store.steampowered.black-hulled.com,1,True
https://store.steampowered-steampowered.com,1,True
https://www.netflix-stylenetflix.com/au,1,True
https://www.rokunetflix.com/au,1,True
https://www.itunes-netflix.com/au,1,True
https://www.netflixnetflx.com/au,1,True
https://www.netflixchromcast.com/au,1,True
https://www.xbmcnetflix.com/au,1,True
https://www.netflix-filmon.com/au,1,True
https://www.atv2netflix.com/au,1,True
https://www.netflixitunes.com/au,1,True
https://www.netflix-netfix.com/au,1,True
https://www.t.v-netflix.com/au,1,True
https://www.smart-tv-netflix.com/au,1,True
https://www.dvr-netflix.com/au,1,True
https://www.netflixblinkbox.com/au,1,True
https://www.xbox-netflix.com/au,1,True
https://www.netflix-playstation3.com/au,1,True
https://www.netflixes-netflix.com/au,1,True
https://www.netflixnetflix-style.com/au,1,True
https://www.flixsternetflix.com/au,1,True
https://www.slingplayernetflix.com/au,1,True
https://www.redbox-netflix.com/au,1,True
https://www.playstation-netflix.com/au,1,True
https://www.netflixroku.com/au,1,True
https://www.netflix-chromecast.com/au,1,True
https://www.netflix-straming.com/au,1,True
https://store.steampowered.self-piloted.com,1,True
https://www.netflix-nettv.com/au,1,True
https://www.netflix-lionsgate.com/au,1,True
https://www.netflix-flixster.com/au,1,True
https://store.steampowered.sallow-faced.com,1,True
https://www.netflix-lovefilm.com/au,1,True
https://www.freeboxnetflix.com/au,1,True
https://www.xboxnetflix.com/au,1,True
https://www.netflix-mediacom.com/au,1,True
https://www.netflixboxee.com/au,1,True
https://www.netflixxbox.com/au,1,True
https://www.netflix-foxtel.com/au,1,True
https://www.netflix-netflicks.com/au,1,True
https://www.netflix-xbmc.com/au,1,True
https://www.roku3netflix.com/au,1,True
https://www.netflix-quickflix.com/au,1,True
https://www.netflixgamefly.com/au,1,True
https://www.netflixslingbox.com/au,1,True
https://www.netflix-1channel.com/au,1,True
https://www.smart-tvnetflix.com/au,1,True
https://www.netflix-brighthouse.com/au,1,True
https://www.netflixspotify.com/au,1,True
https://www.xfinity-netflix.com/au,1,True
https://www.showboxnetflix.com/au,1,True
https://www.netflix-showbox.com/au,1,True
https://www.netflixfreebox.com/au,1,True
https://www.lovefilmnetflix.com/au,1,True
https://www.chromecastnetflix.com/au,1,True
https://www.netflix-wifi.com/au,1,True
https://www.netflix-likenetflix.com/au,1,True
https://www.netflix-kindlefire.com/au,1,True
https://www.tvshowsnetflix.com/au,1,True
https://www.wdtvnetflix.com/au,1,True
https://www.nettvnetflix.com/au,1,True
https://www.netflixroku3.com/au,1,True
https://www.netflix-vudu.com/au,1,True
https://www.blinkboxnetflix.com/au,1,True
https://www.vudunetflix.com/au,1,True
https://www.playstation3-netflix.com/au,1,True
https://www.dlna-netflix.com/au,1,True
https://www.iplayer-netflix.com/au,1,True
https://www.blue-ray-netflix.com/au,1,True
https://www.netflixmovie-streaming.com/au,1,True
https://www.nettv-netflix.com/au,1,True
https://www.redboxnetflix.com/au,1,True
https://www.binge-watch-netflix.com/au,1,True
https://www.netflix-binge-watch.com/au,1,True
https://www.binge-watchednetflix.com/au,1,True
https://www.netflix-directtv.com/au,1,True
https://www.tvshows-netflix.com/au,1,True
https://www.netflix-freebox.com/au,1,True
https://www.lionsgatenetflix.com/au,1,True
https://www.netflixserviio.com/au,1,True
https://www.filmonnetflix.com/au,1,True
https://www.netflix-ps4.com/au,1,True
https://www.gaikai-netflix.com/au,1,True
https://www.netflix-netflixes.com/au,1,True
https://www.netflix-vpn.com/au,1,True
https://www.boxeenetflix.com/au,1,True
https://www.netflixblu-rays.com/au,1,True
https://www.netflixfoxtel.com/au,1,True
https://www.netflix-tvshows.com/au,1,True
https://www.quickflix-netflix.com/au,1,True
https://www.netflixbrighthouse.com/au,1,True
https://www.netflix-cablevision.com/au,1,True
https://www.netflxnetflix.com/au,1,True
https://www.netflixnettv.com/au,1,True
https://www.quickflixnetflix.com/au,1,True
https://www.netflix-xbox.com/au,1,True
https://www.netflix-netflixs.com/au,1,True
https://www.cinemaxnetflix.com/au,1,True
https://www.blu-ray-netflix.com/au,1,True
https://www.cablevisionnetflix.com/au,1,True
https://www.onlive-netflix.com/au,1,True
https://www.netflix-binge-watched.com/au,1,True
https://www.netflixmobdro.com/au,1,True
https://www.netflixbluray.com/au,1,True
https://www.netflixps4.com/au,1,True
https://www.netflix-blurays.com/au,1,True
https://www.mobdronetflix.com/au,1,True
https://www.lovefilm-netflix.com/au,1,True
https://www.netflix-blinkbox.com/au,1,True
https://store.steampowered.half-tracked.com,1,True
https://www.netflix.the-netflix.com/au,1,True
https://www.blinkbox-netflix.com/au,1,True
https://www.tv-seriesnetflix.com/au,1,True
https://www.dvrnetflix.com/au,1,True
https://www.cabletvnetflix.com/au,1,True
https://www.netflixsmart-tv.com/au,1,True
https://www.netflixednetflix.com/au,1,True
https://www.netflix-blu-ray.com/au,1,True
https://www.youtube-netflix.com/au,1,True
https://www.starz-netflix.com/au,1,True
https://www.gamefly-netflix.com/au,1,True
https://www.appletvnetflix.com/au,1,True
https://www.netflixblurays.com/au,1,True
https://www.netflixbinge-watch.com/au,1,True
https://www.netflix-dvr.com/au,1,True
https://www.slingboxnetflix.com/au,1,True
https://www.netflix-nextflix.com/au,1,True
https://www.filmon-netflix.com/au,1,True
https://www.netflixingnetflix.com/au,1,True
https://store.steampowered.black-hulled.com,1,True
https://www.netflixappletv.com/au,1,True
https://store.steampowered.console-exclusive.com,1,True
https://www.playstationnetflix.com/au,1,True
https://www.netflixslingplayer.com/au,1,True
https://www.binge-watchingnetflix.com/au,1,True
https://www.vudu-netflix.com/au,1,True
https://store.steampowered.non-crippled.com,1,True
https://www.huluplus-netflix.com/au,1,True
https://www.blueray-netflix.com/au,1,True
https://www.foxtelnetflix.com/au,1,True
https://www.nexflixnetflix.com/au,1,True
https://www.netflixnetflixed.com/au,1,True
https://www.netflixs-netflix.com/au,1,True
https://www.netflixcablevision.com/au,1,True
https://www.slingbox-netflix.com/au,1,True
https://www.netflix-hbo.com/au,1,True
https://www.netflix-directv.com/au,1,True
https://www.netflix-blueray.com/au,1,True
https://www.directv-netflix.com/au,1,True
https://www.netfix-netflix.com/au,1,True
https://www.netflixcabletv.com/au,1,True
https://www.netflix-slingplayer.com/au,1,True
https://store.steampowered.crank-powered.com,1,True
https://www.netflixchromecast.com/au,1,True
https://store.steampowered.dual-headed.com,1,True
https://www.spotifynetflix.com/au,1,True
https://www.binge-watching-netflix.com/au,1,True
https://www.netflixiplayer.com/au,1,True
https://www.netflix-itunes.com/au,1,True
https://www.netflix-netflix.com/au,1,True
https://www.nflxnetflix.com/au,1,True
https://www.directtvnetflix.com/au,1,True
https://www.netflixflixster.com/au,1,True
https://www.chromecast-netflix.com/au,1,True
https://www.flix-netflix.com/au,1,True
https://www.netflixmediacom.com/au,1,True
https://www.netflix-gamefly.com/au,1,True
https://www.directvnetflix.com/au,1,True
https://www.smarttv-netflix.com/au,1,True
https://www.netflixdirectv.com/au,1,True
https://www.netflixnetflicks.com/au,1,True
https://www.netflix-smart-tv.com/au,1,True
https://store.steampowered.half-tracked.com,1,True
https://www.netflixxbmc.com/au,1,True
https://www.cablevision-netflix.com/au,1,True
https://www.netflixj.com/au,1,True
https://www.netflix-like-netflix.com/au,1,True
https://store.steampowered.pulp-inspired.com,1,True
https://www.netflix-gaikai.com/au,1,True
https://www.freebox-netflix.com/au,1,True
https://www.netflixstarz.com/au,1,True
https://store.steampowered.midi-enabled.com,1,True
https://www.serviio-netflix.com/au,1,True
https://www.ps4netflix.com/au,1,True
https://www.netflix-tv-series.com/au,1,True
https://www.netflix-netflix-style.com/au,1,True
https://www.kindlefire-netflix.com/au,1,True
https://www.netflixfilmon.com/au,1,True
https://www.bluraynetflix.com/au,1,True
https://www.netflixblueray.com/au,1,True
https://www.netflixnetflix-like.com/au,1,True
https://www.netflixdvr.com/au,1,True
https://www.boxee-netflix.com/au,1,True
https://www.chromcast-netflix.com/au,1,True
https://www.itunesnetflix.com/au,1,True
https://www.crunchyrollnetflix.com/au,1,True
https://store.steampowered.co2-powered.com,1,True
https://www.netflixg.com/au,1,True
https://www.netflix-nflx.com/au,1,True
https://www.netflixredbox.com/au,1,True
https://www.netflixwifi.com/au,1,True
https://www.netflixtvshow.com/au,1,True
https://www.foxtel-netflix.com/au,1,True
https://store.steampowered.fast-fingered.com,1,True
https://store.steampowered.single-masted.com,1,True
https://www.hbo-netflix.com/au,1,True
https://www.mobdro-netflix.com/au,1,True
https://www.netflixplaystation3.com/au,1,True
https://www.playstation3netflix.com/au,1,True
https://www.netflixed-netflix.com/au,1,True
https://www.firetvnetflix.com/au,1,True
https://www.blu-raysnetflix.com/au,1,True
https://www.netflixmegavideo.com/au,1,True
https://www.netflix-cablebox.com/au,1,True
https://www.deadpool-netflix.com/au,1,True
https://www.onlivenetflix.com/au,1,True
https://www.paypal-wepay.com/au/web/apps,1,True
https://www.paypalu.com/au/web/apps,1,True
https://www.payoneer-paypal.com/au/web/apps,1,True
https://www.paypal-e-cheque.com/au/web/apps,1,True
https://www.zencartpaypal.com/au/web/apps,1,True
https://www.paypaledpaypal.com/au/web/apps,1,True
https://www.payza-paypal.com/au/web/apps,1,True
https://www.wire-transfer-paypal.com/au/web/apps,1,True
https://www.paypal-paypalled.com/au/web/apps,1,True
https://www.wepay-paypal.com/au/web/apps,1,True
https://www.paypal-webmoney.com/au/web/apps,1,True
https://www.payzapaypal.com/au/web/apps,1,True
https://www.moneypakpaypal.com/au/web/apps,1,True
https://www.paypal-alertpay.com/au/web/apps,1,True
https://www.paypalpaypalled.com/au/web/apps,1,True
https://www.paypalb.com/au/web/apps,1,True
https://www.2checkout-paypal.com/au/web/apps,1,True
https://www.moneygrampaypal.com/au/web/apps,1,True
https://www.westernunionpaypal.com/au/web/apps,1,True
https://www.ebay-paypal.com/au/web/apps,1,True
https://www.authorize.net-paypal.com/au/web/apps,1,True
https://www.alertpay-paypal.com/au/web/apps,1,True
https://www.e-junkie-paypal.com/au/web/apps,1,True
https://www.netflix.binge-watched.com/au,1,True
https://www.paypals-paypal.com/au/web/apps,1,True
https://www.alipay-paypal.com/au/web/apps,1,True
https://www.netflix-megavideo.com/au,1,True
https://www.e-chequepaypal.com/au/web/apps,1,True
https://www.alertpaypaypal.com/au/web/apps,1,True
https://www.paypal-tradehill.com/au/web/apps,1,True
https://www.paypal-cryptsy.com/au/web/apps,1,True
https://www.netflix-funimation.com/au,1,True
https://www.payoneerpaypal.com/au/web/apps,1,True
https://www.netflixdeadpool.com/au,1,True
https://www.paypal-egold.com/au/web/apps,1,True
https://www.paypal-2checkout.com/au/web/apps,1,True
https://www.zencart-paypal.com/au/web/apps,1,True
https://www.netflix.binge-watched.com/au,1,True
https://www.banktransferpaypal.com/au/web/apps,1,True
https://www.plimuspaypal.com/au/web/apps,1,True
https://www.dwollapaypal.com/au/web/apps,1,True
https://www.funimation-netflix.com/au,1,True
https://www.aramexpaypal.com/au/web/apps,1,True
https://www.accnt-paypal.com/au/web/apps,1,True
https://www.paypalpayoneer.com/au/web/apps,1,True
https://www.paypass-paypal.com/au/web/apps,1,True
https://www.mastercardspaypal.com/au/web/apps,1,True
https://www.paypal-venmo.com/au/web/apps,1,True
https://www.cableboxnetflix.com/au,1,True
https://www.paypal-stormpay.com/au/web/apps,1,True
https://www.paypalpaypall.com/au/web/apps,1,True
https://www.paypalstormpay.com/au/web/apps,1,True
https://www.paypale-junkie.com/au/web/apps,1,True
https://www.wire-transferpaypal.com/au/web/apps,1,True
https://www.tosh.0-netflix.com/au,1,True
https://www.echeck-paypal.com/au/web/apps,1,True
https://www.paypal-aramex.com/au/web/apps,1,True
https://www.paypalmastercards.com/au/web/apps,1,True
https://www.cryptsypaypal.com/au/web/apps,1,True
https://www.echecks-paypal.com/au/web/apps,1,True
https://www.paypalmoneybooker.com/au/web/apps,1,True
https://www.bitpaypaypal.com/au/web/apps,1,True
https://www.moneygram-paypal.com/au/web/apps,1,True
https://www.netflix.netflix-style.com/au,1,True
https://www.paypalwebmoney.com/au/web/apps,1,True
https://www.paypal-accoutn.com/au/web/apps,1,True
https://www.shippngpaypal.com/au/web/apps,1,True
https://www.2checkoutpaypal.com/au/web/apps,1,True
https://www.paypale-transfer.com/au/web/apps,1,True
https://www.moneypak-paypal.com/au/web/apps,1,True
https://www.paypal-creditcard.com/au/web/apps,1,True
https://www.tradehill-paypal.com/au/web/apps,1,True
https://www.paypall-paypal.com/au/web/apps,1,True
https://www.webmoney-paypal.com/au/web/apps,1,True
https://www.paypal-neteller.com/au/web/apps,1,True
https://www.paypal-skrill.com/au/web/apps,1,True
https://www.paypalcreditcards.com/au/web/apps,1,True
https://www.paypaltradehill.com/au/web/apps,1,True
https://www.paypal-dwolla.com/au/web/apps,1,True
https://www.moneybookerspaypal.com/au/web/apps,1,True
https://www.megavideonetflix.com/au,1,True
https://www.paypaldwolla.com/au/web/apps,1,True
https://www.paypalpaypaled.com/au/web/apps,1,True
https://www.venmo-paypal.com/au/web/apps,1,True
https://www.paypale-cheque.com/au/web/apps,1,True
https://www.stormpay-paypal.com/au/web/apps,1,True
https://www.paypal-paypall.com/au/web/apps,1,True
https://www.aramex-paypal.com/au/web/apps,1,True
https://www.paypal-moneybookers.com/au/web/apps,1,True
https://www.paypal-echecks.com/au/web/apps,1,True
https://www.paypal-e-junkie.com/au/web/apps,1,True
https://www.moneybookers-paypal.com/au/web/apps,1,True
https://www.fedex-paypal.com/au/web/apps,1,True
https://www.paypalwepay.com/au/web/apps,1,True
https://www.funimationnetflix.com/au,1,True
https://www.netflix.netflix-like.com/au,1,True
https://www.paypal-plimus.com/au/web/apps,1,True
https://www.paypalperfectmoney.com/au/web/apps,1,True
https://www.paypal-netbanking.com/au/web/apps,1,True
https://www.paypaypaypal.com/au/web/apps,1,True
https://www.creditcardspaypal.com/au/web/apps,1,True
https://www.paypal-payoneer.com/au/web/apps,1,True
https://www.perfectmoneypaypal.com/au/web/apps,1,True
https://www.paypal-shippng.com/au/web/apps,1,True
https://www.dwolla-paypal.com/au/web/apps,1,True
https://www.paypalskrill.com/au/web/apps,1,True
https://www.paypalshippng.com/au/web/apps,1,True
https://www.westernunion-paypal.com/au/web/apps,1,True
https://www.cryptsy-paypal.com/au/web/apps,1,True
https://www.moneybookerpaypal.com/au/web/apps,1,True
https://www.perfectmoney-paypal.com/au/web/apps,1,True
https://www.accoutn-paypal.com/au/web/apps,1,True
https://www.paypal-echeck.com/au/web/apps,1,True
https://www.paysafecardpaypal.com/au/web/apps,1,True
https://www.paypaled-paypal.com/au/web/apps,1,True
https://www.paypal-wire-transfer.com/au/web/apps,1,True
https://www.mastercardpaypal.com/au/web/apps,1,True
https://www.paypal-fedex.com/au/web/apps,1,True
https://www.paypal.me-paypal.com/au/web/apps,1,True
https://www.pay-pal-paypal.com/au/web/apps,1,True
https://www.paypalalertpay.com/au/web/apps,1,True
https://www.netflixcablebox.com/au,1,True
https://www.paypalvenmo.com/au/web/apps,1,True
https://www.fedxpaypal.com/au/web/apps,1,True
https://www.mastercards-paypal.com/au/web/apps,1,True
https://www.paypalmoneygram.com/au/web/apps,1,True
https://www.paypal-paypaled.com/au/web/apps,1,True
https://www.paypal-moneypak.com/au/web/apps,1,True
https://www.paypalpayza.com/au/web/apps,1,True
https://www.netbanking-paypal.com/au/web/apps,1,True
https://www.fedexpaypal.com/au/web/apps,1,True
https://www.paypal-fedx.com/au/web/apps,1,True
https://www.fedx-paypal.com/au/web/apps,1,True
https://www.paypalpay-pal.com/au/web/apps,1,True
https://www.paypal-e-transfer.com/au/web/apps,1,True
https://www.paypalled-paypal.com/au/web/apps,1,True
https://www.paypal2checkout.com/au/web/apps,1,True
https://www.paypalnon-paypal.com/au/web/apps,1,True
https://www.paypal-paypals.com/au/web/apps,1,True
https://www.netellerpaypal.com/au/web/apps,1,True
https://www.paypal-payement.com/au/web/apps,1,True
https://www.paypalbanktransfer.com/au/web/apps,1,True
https://www.moneybooker-paypal.com/au/web/apps,1,True
https://www.paypalpaypals.com/au/web/apps,1,True
https://www.creditcards-paypal.com/au/web/apps,1,True
https://www.payement-paypal.com/au/web/apps,1,True
https://www.paypal-non-paypal.com/au/web/apps,1,True
https://www.paypal-mastercards.com/au/web/apps,1,True
https://www.moneyorder-paypal.com/au/web/apps,1,True
https://www.paypal-pay-pal.com/au/web/apps,1,True
https://www.creditcardpaypal.com/au/web/apps,1,True
https://www.paypalfedx.com/au/web/apps,1,True
https://www.creditcard-paypal.com/au/web/apps,1,True
https://www.skrillpaypal.com/au/web/apps,1,True
https://www.e-transfers-paypal.com/au/web/apps,1,True
https://www.netbankingpaypal.com/au/web/apps,1,True
https://www.paypal-paypass.com/au/web/apps,1,True
https://www.paypal-paypay.com/au/web/apps,1,True
https://www.netflixfunimation.com/au,1,True
https://www.paypallpaypal.com/au/web/apps,1,True
https://www.paypalnetbanking.com/au/web/apps,1,True
https://www.e-transfer-paypal.com/au/web/apps,1,True
https://www.mastercard-paypal.com/au/web/apps,1,True
https://www.paypale-transfers.com/au/web/apps,1,True
https://www.paypal-e-transfers.com/au/web/apps,1,True
https://www.netflix.netflix-like.com/au,1,True
https://www.skrill-paypal.com/au/web/apps,1,True
https://www.paypalcryptsy.com/au/web/apps,1,True
https://www.netflix-deadpool.com/au,1,True
https://www.paypay-paypal.com/au/web/apps,1,True
https://www.paypalaramex.com/au/web/apps,1,True
https://www.paypalmoneyorder.com/au/web/apps,1,True
https://www.paypalwesternunion.com/au/web/apps,1,True
https://www.paypal-paysafecard.com/au/web/apps,1,True
https://www.echeckpaypal.com/au/web/apps,1,True
https://www.paypalalipay.com/au/web/apps,1,True
https://www.plimus-paypal.com/au/web/apps,1,True
https://www.paypalmoneybookers.com/au/web/apps,1,True
https://www.e-transferpaypal.com/au/web/apps,1,True
https://www.paypalmoneypak.com/au/web/apps,1,True
https://www.e-junkiepaypal.com/au/web/apps,1,True
https://www.netflix.netflix-style.com/au,1,True
https://www.paypalegold.com/au/web/apps,1,True
https://www.paypalplimus.com/au/web/apps,1,True
https://www.cablebox-netflix.com/au,1,True
https://www.paypalaccoutn.com/au/web/apps,1,True
https://www.paysafecard-paypal.com/au/web/apps,1,True
https://www.paypalpayement.com/au/web/apps,1,True
https://www.non-paypalpaypal.com/au/web/apps,1,True
https://www.paypal-westernunion.com/au/web/apps,1,True
https://www.wepaypaypal.com/au/web/apps,1,True
https://www.paypalspaypal.com/au/web/apps,1,True
https://www.non-paypal-paypal.com/au/web/apps,1,True
https://www.paypal-perfectmoney.com/au/web/apps,1,True
https://www.webmoneypaypal.com/au/web/apps,1,True
https://www.paypalpaypass.com/au/web/apps,1,True
https://www.paypalledpaypal.com/au/web/apps,1,True
https://www.bitpay-paypal.com/au/web/apps,1,True
https://www.paypalpaysafecard.com/au/web/apps,1,True
https://www.egoldpaypal.com/au/web/apps,1,True
https://www.e-transferspaypal.com/au/web/apps,1,True
https://www.paypal-banktransfer.com/au/web/apps,1,True
https://www.paypasspaypal.com/au/web/apps,1,True
https://www.e-cheque-paypal.com/au/web/apps,1,True
https://www.tradehillpaypal.com/au/web/apps,1,True
https://www.paypalbitpay.com/au/web/apps,1,True
https://www.pay-palpaypal.com/au/web/apps,1,True
https://www.paypal-zencart.com/au/web/apps,1,True
https://www.paypal-mastercard.com/au/web/apps,1,True
https://www.paypal-moneyorder.com/au/web/apps,1,True
https://www.shippng-paypal.com/au/web/apps,1,True
https://www.paypalpaypay.com/au/web/apps,1,True
https://www.paypalg.com/au/web/apps,1,True
https://www.stormpaypaypal.com/au/web/apps,1,True
https://www.paypalecheck.com/au/web/apps,1,True
https://www.deadpoolnetflix.com/au,1,True
https://www.payementpaypal.com/au/web/apps,1,True
https://www.echeckspaypal.com/au/web/apps,1,True
https://www.megavideo-netflix.com/au,1,True
https://www.banktransfer-paypal.com/au/web/apps,1,True
https://www.paypalwire-transfer.com/au/web/apps,1,True
https://www.paypalfedex.com/au/web/apps,1,True
https://www.moneyorderpaypal.com/au/web/apps,1,True
https://www.paypalf.com/au/web/apps,1,True
https://www.paypalzencart.com/au/web/apps,1,True
https://www.paypal-payza.com/au/web/apps,1,True
https://www.egold-paypal.com/au/web/apps,1,True
https://www.paypalneteller.com/au/web/apps,1,True
https://www.accoutnpaypal.com/au/web/apps,1,True
https://www.venmopaypal.com/au/web/apps,1,True
https://www.paypal-moneybooker.com/au/web/apps,1,True
https://www.neteller-paypal.com/au/web/apps,1,True
https://www.paypalechecks.com/au/web/apps,1,True
https://www.paypal-alipay.com/au/web/apps,1,True
https://www.paypal-bitpay.com/au/web/apps,1,True
https://www.paypalpayumoney.com/au/web/apps,1,True
https://www.paypalepassporte.com/au/web/apps,1,True
https://www.payumoney-paypal.com/au/web/apps,1,True
https://www.epassportepaypal.com/au/web/apps,1,True
https://www.googlecheckout-paypal.com/au/web/apps,1,True
https://www.tipjar-paypal.com/au/web/apps,1,True
https://www.paypalblockexplorer.com/au/web/apps,1,True
https://www.paypal-onlinr.com/au/web/apps,1,True
https://www.paypalonlinr.com/au/web/apps,1,True
https://www.refferer-paypal.com/au/web/apps,1,True
https://www.bovadapaypal.com/au/web/apps,1,True
https://www.clickbank-paypal.com/au/web/apps,1,True
https://www.paypalgooglecheckout.com/au/web/apps,1,True
https://www.paypal-refferer.com/au/web/apps,1,True
https://www.e-bankpaypal.com/au/web/apps,1,True
https://www.paypal-acocunt.com/au/web/apps,1,True
https://www.usbank-paypal.com/au/web/apps,1,True
https://www.paypalgreendot.com/au/web/apps,1,True
https://www.e-check-paypal.com/au/web/apps,1,True
https://www.bacs-paypal.com/au/web/apps,1,True
https://www.paypalrefferer.com/au/web/apps,1,True
https://www.depost-paypal.com/au/web/apps,1,True
https://www.depoist-paypal.com/au/web/apps,1,True
https://www.paypal-mybitcoin.com/au/web/apps,1,True
https://www.trialpay-paypal.com/au/web/apps,1,True
https://www.ipnpaypal.com/au/web/apps,1,True
https://www.paypalepayment.com/au/web/apps,1,True
https://www.epaymentpaypal.com/au/web/apps,1,True
https://www.paypal-accoutns.com/au/web/apps,1,True
https://www.onlinrpaypal.com/au/web/apps,1,True
https://www.flattr-paypal.com/au/web/apps,1,True
https://www.debit-paypal.com/au/web/apps,1,True
https://www.debitpaypal.com/au/web/apps,1,True
https://www.chequepaypal.com/au/web/apps,1,True
https://www.e-currencypaypal.com/au/web/apps,1,True
https://www.accoundpaypal.com/au/web/apps,1,True
https://www.paypal-epayment.com/au/web/apps,1,True
https://www.paypal.paypalled.com/au/web/apps,1,True
https://www.paypalwoocommerce.com/au/web/apps,1,True
https://www.ppusd-paypal.com/au/web/apps,1,True
https://www.paypalmtgox.com/au/web/apps,1,True
https://www.paypal-accnt.com/au/web/apps,1,True
https://www.paypal-maild.com/au/web/apps,1,True
https://www.paypaltipjar.com/au/web/apps,1,True
https://www.coinbasepaypal.com/au/web/apps,1,True
https://www.envato-paypal.com/au/web/apps,1,True
https://www.paypalaccoutns.com/au/web/apps,1,True
https://www.ccnowpaypal.com/au/web/apps,1,True
https://www.paypal-ukash.com/au/web/apps,1,True
https://www.paypalcheque.com/au/web/apps,1,True
https://www.paypal.paypaled.com/au/web/apps,1,True
https://www.paypointpaypal.com/au/web/apps,1,True
https://www.envatopaypal.com/au/web/apps,1,True
https://www.paypalusbank.com/au/web/apps,1,True
https://www.paypalccnow.com/au/web/apps,1,True
https://www.flattrpaypal.com/au/web/apps,1,True
https://www.paypoint-paypal.com/au/web/apps,1,True
https://www.paypal-mtgox.com/au/web/apps,1,True
https://www.epaypaypal.com/au/web/apps,1,True
https://www.shipingpaypal.com/au/web/apps,1,True
https://www.paypalmybitcoin.com/au/web/apps,1,True
https://www.shopifypaypal.com/au/web/apps,1,True
https://www.paypalamazon.com/au/web/apps,1,True
https://www.paypal-fulltilt.com/au/web/apps,1,True
https://www.paypal-epassporte.com/au/web/apps,1,True
https://www.paypal-ebays.com/au/web/apps,1,True
https://www.apple-basedapple.com/au?afidp,1,True
https://www.paypal-debit.com/au/web/apps,1,True
https://www.paypal.paypaled.com/au/web/apps,1,True
https://www.paypal.accoutns.com/au/web/apps,1,True
https://www.paypal-interac.com/au/web/apps,1,True
https://www.paypalinterac.com/au/web/apps,1,True
https://www.paypale-check.com/au/web/apps,1,True
https://www.paypalshopify.com/au/web/apps,1,True
https://www.paypalaccound.com/au/web/apps,1,True
https://www.woocommercepaypal.com/au/web/apps,1,True
https://www.maild-paypal.com/au/web/apps,1,True
https://www.gumroadpaypal.com/au/web/apps,1,True
https://www.e-gold-paypal.com/au/web/apps,1,True
https://www.epassporte-paypal.com/au/web/apps,1,True
https://www.paypal-coinbase.com/au/web/apps,1,True
https://www.accoutns-paypal.com/au/web/apps,1,True
https://www.paypal-acct.com/au/web/apps,1,True
https://www.interac-paypal.com/au/web/apps,1,True
https://www.paypal-epay.com/au/web/apps,1,True
https://www.paypal-trialpay.com/au/web/apps,1,True
https://www.tipjarpaypal.com/au/web/apps,1,True
https://www.paypale-gold.com/au/web/apps,1,True
https://www.paypal-usbank.com/au/web/apps,1,True
https://www.paypalclickbank.com/au/web/apps,1,True
https://www.paypal-accound.com/au/web/apps,1,True
https://www.paypal-ccnow.com/au/web/apps,1,True
https://www.amazon-paypal.com/au/web/apps,1,True
https://www.paypalmaild.com/au/web/apps,1,True
https://www.paypalchipin.com/au/web/apps,1,True
https://www.paypal-gumroad.com/au/web/apps,1,True
https://www.paymen-paypal.com/au/web/apps,1,True
https://www.onlonepaypal.com/au/web/apps,1,True
https://www.paypal-amazon.com/au/web/apps,1,True
https://www.netpay-paypal.com/au/web/apps,1,True
https://www.accntpaypal.com/au/web/apps,1,True
https://www.trialpaypaypal.com/au/web/apps,1,True
https://www.payumoneypaypal.com/au/web/apps,1,True
https://www.acct-paypal.com/au/web/apps,1,True
https://www.paypal-e-check.com/au/web/apps,1,True
https://www.mybitcoin-paypal.com/au/web/apps,1,True
https://www.paypal-shiping.com/au/web/apps,1,True
https://www.paypaldebit.com/au/web/apps,1,True
https://www.paypal-singup.com/au/web/apps,1,True
https://www.interacpaypal.com/au/web/apps,1,True
https://www.paypal-googlecheckout.com/au/web/apps,1,True
https://www.apple-braeburn.com/au?afidp,1,True
https://www.woocommerce-paypal.com/au/web/apps,1,True
https://www.paypalpaiement.com/au/web/apps,1,True
https://www.fulltiltpaypal.com/au/web/apps,1,True
https://www.acocuntpaypal.com/au/web/apps,1,True
https://www.paypalebanking.com/au/web/apps,1,True
https://www.paypal.accoutns.com/au/web/apps,1,True
https://www.fulltilt-paypal.com/au/web/apps,1,True
https://www.paypalsingup.com/au/web/apps,1,True
https://www.paypal-e-bank.com/au/web/apps,1,True
https://www.applesapple.com/au?afidp,1,True
https://www.applebraeburn.com/au?afidp,1,True
https://www.paypal-bovada.com/au/web/apps,1,True
https://www.paypal-e-currency.com/au/web/apps,1,True
https://www.paypal-flattr.com/au/web/apps,1,True
https://www.bacspaypal.com/au/web/apps,1,True
https://www.paypal-envato.com/au/web/apps,1,True
https://www.ukash-paypal.com/au/web/apps,1,True
https://www.apple-based-apple.com/au?afidp,1,True
https://www.paypalonlone.com/au/web/apps,1,True
https://www.ebankingpaypal.com/au/web/apps,1,True
https://www.ukashpaypal.com/au/web/apps,1,True
https://www.debitcardpaypal.com/au/web/apps,1,True
https://www.accound-paypal.com/au/web/apps,1,True
https://www.paiementpaypal.com/au/web/apps,1,True
https://www.hushmail-paypal.com/au/web/apps,1,True
https://www.paypal-depoist.com/au/web/apps,1,True
https://www.paypal-chipin.com/au/web/apps,1,True
https://www.apple-crapple.com/au?afidp,1,True
https://www.acocunt-paypal.com/au/web/apps,1,True
https://www.paypal-ebanking.com/au/web/apps,1,True
https://www.paypal-debitcard.com/au/web/apps,1,True
https://www.apple-apple-based.com/au?afidp,1,True
https://www.paypal.paypalled.com/au/web/apps,1,True
https://www.crapple-apple.com/au?afidp,1,True
https://www.paymenpaypal.com/au/web/apps,1,True
https://www.paypalacct.com/au/web/apps,1,True
https://www.paypal-payumoney.com/au/web/apps,1,True
https://www.paypalhushmail.com/au/web/apps,1,True
https://www.googlecheckoutpaypal.com/au/web/apps,1,True
https://www.paypal-netpay.com/au/web/apps,1,True
https://www.paypaltrialpay.com/au/web/apps,1,True
https://www.ipn-paypal.com/au/web/apps,1,True
https://www.paiement-paypal.com/au/web/apps,1,True
https://www.paypal-greendot.com/au/web/apps,1,True
https://www.ebanking-paypal.com/au/web/apps,1,True
https://www.mtgoxpaypal.com/au/web/apps,1,True
https://www.paypal-cheque.com/au/web/apps,1,True
https://www.depostpaypal.com/au/web/apps,1,True
https://www.paypal-woocommerce.com/au/web/apps,1,True
https://www.paypal-tipjar.com/au/web/apps,1,True
https://www.coinbase-paypal.com/au/web/apps,1,True
https://www.paypal.acocunt.com/au/web/apps,1,True
https://www.crappleapple.com/au?afidp,1,True
https://www.greendot-paypal.com/au/web/apps,1,True
https://www.blockexplorerpaypal.com/au/web/apps,1,True
https://www.paypalacocunt.com/au/web/apps,1,True
https://www.netpaypaypal.com/au/web/apps,1,True
https://www.ebayspaypal.com/au/web/apps,1,True
https://www.paypalukash.com/au/web/apps,1,True
https://www.braeburn-apple.com/au?afidp,1,True
https://www.paypal.accound.com/au/web/apps,1,True
https://www.paypal.acocunt.com/au/web/apps,1,True
https://www.maildpaypal.com/au/web/apps,1,True
https://www.paypalppusd.com/au/web/apps,1,True
https://www.paypal-blockexplorer.com/au/web/apps,1,True
https://www.paypalcoinbase.com/au/web/apps,1,True
https://www.e-currency-paypal.com/au/web/apps,1,True
https://www.paypal-ppusd.com/au/web/apps,1,True
https://www.paypalfulltilt.com/au/web/apps,1,True
https://www.clickbankpaypal.com/au/web/apps,1,True
https://www.accoutnspaypal.com/au/web/apps,1,True
https://www.appleapple-based.com/au?afidp,1,True
https://www.paypalenvato.com/au/web/apps,1,True
https://www.paypal.non-paypal.com/au/web/apps,1,True
https://www.paypalbacs.com/au/web/apps,1,True
https://www.depoistpaypal.com/au/web/apps,1,True
https://www.paypal.non-paypal.com/au/web/apps,1,True
https://www.ccnow-paypal.com/au/web/apps,1,True
https://www.paypal-depost.com/au/web/apps,1,True
https://www.paypalpaymen.com/au/web/apps,1,True
https://www.mtgox-paypal.com/au/web/apps,1,True
https://www.hushmailpaypal.com/au/web/apps,1,True
https://www.singuppaypal.com/au/web/apps,1,True
https://www.paypalshiping.com/au/web/apps,1,True
https://www.singup-paypal.com/au/web/apps,1,True
https://www.acctpaypal.com/au/web/apps,1,True
https://www.paypal.accound.com/au/web/apps,1,True
https://www.gumroad-paypal.com/au/web/apps,1,True
https://www.paypal-clickbank.com/au/web/apps,1,True
https://www.cheque-paypal.com/au/web/apps,1,True
https://www.epay-paypal.com/au/web/apps,1,True
https://www.paypalgumroad.com/au/web/apps,1,True
https://www.shiping-paypal.com/au/web/apps,1,True
https://www.paypale-bank.com/au/web/apps,1,True
https://www.paypalflattr.com/au/web/apps,1,True
https://www.paypal-shopify.com/au/web/apps,1,True
https://www.paypal-paypoint.com/au/web/apps,1,True
https://www.usbankpaypal.com/au/web/apps,1,True
https://www.paypal-e-gold.com/au/web/apps,1,True
https://www.paypalaccnt.com/au/web/apps,1,True
https://www.paypal-bacs.com/au/web/apps,1,True
https://www.epayment-paypal.com/au/web/apps,1,True
https://www.paypalebays.com/au/web/apps,1,True
https://www.shopify-paypal.com/au/web/apps,1,True
https://www.bovada-paypal.com/au/web/apps,1,True
https://www.blockexplorer-paypal.com/au/web/apps,1,True
https://www.paypale-currency.com/au/web/apps,1,True
https://www.ppusdpaypal.com/au/web/apps,1,True
https://www.paypal-onlone.com/au/web/apps,1,True
https://www.ebays-paypal.com/au/web/apps,1,True
https://www.e-checkpaypal.com/au/web/apps,1,True
https://www.paypalbovada.com/au/web/apps,1,True
https://www.paypal-paymen.com/au/web/apps,1,True
https://www.debitcard-paypal.com/au/web/apps,1,True
https://www.paypaldepost.com/au/web/apps,1,True
https://www.paypal-ipn.com/au/web/apps,1,True
https://www.onlone-paypal.com/au/web/apps,1,True
https://www.paypalnetpay.com/au/web/apps,1,True
https://www.apples-apple.com/au?afidp,1,True
https://www.mybitcoinpaypal.com/au/web/apps,1,True
https://www.greendotpaypal.com/au/web/apps,1,True
https://www.chipinpaypal.com/au/web/apps,1,True
https://www.apple-apples.com/au?afidp,1,True
https://www.paypal-hushmail.com/au/web/apps,1,True
https://www.chipin-paypal.com/au/web/apps,1,True
https://www.reffererpaypal.com/au/web/apps,1,True
https://www.e-bank-paypal.com/au/web/apps,1,True
https://www.paypaldepoist.com/au/web/apps,1,True
https://www.onlinr-paypal.com/au/web/apps,1,True
https://www.paypalpaypoint.com/au/web/apps,1,True
https://www.appleapple-like.com/au?afidp,1,True
https://www.orchard-apple.com/au?afidp,1,True
https://www.apple-apple-pear.com/au?afidp,1,True
https://www.appleblackberry.com/au?afidp,1,True
https://www.bramley-apple.com/au?afidp,1,True
https://www.apple-pippin.com/au?afidp,1,True
https://www.apple-producing-apple.com/au?afidp,1,True
https://www.apple-apple-cranberry.com/au?afidp,1,True
https://www.peache-apple.com/au?afidp,1,True
https://www.applesauceapple.com/au?afidp,1,True
https://www.redberryapple.com/au?afidp,1,True
https://www.apple-cranberry.com/au?afidp,1,True
https://www.peacheapple.com/au?afidp,1,True
https://www.appleapple-pear.com/au?afidp,1,True
https://www.appleapple2.com/au?afidp,1,True
https://www.jucieapple.com/au?afidp,1,True
https://www.apple-pomegranate.com/au?afidp,1,True
https://www.apple-carrott.com/au?afidp,1,True
https://www.non-fruitapple.com/au?afidp,1,True
https://www.applesauce-apple.com/au?afidp,1,True
https://www.banana-apple.com/au?afidp,1,True
https://www.manzana-apple.com/au?afidp,1,True
https://www.russetingapple.com/au?afidp,1,True
https://www.apple-cranberryapple.com/au?afidp,1,True
https://www.applecarrott.com/au?afidp,1,True
https://www.applepomegrante.com/au?afidp,1,True
https://www.cranapple-apple.com/au?afidp,1,True
https://www.apricot-apple.com/au?afidp,1,True
https://www.pears-apple.com/au?afidp,1,True
https://www.carrott-apple.com/au?afidp,1,True
https://www.applepomegranate.com/au?afidp,1,True
https://www.apple-acorn.com/au?afidp,1,True
https://www.apple-apple-like.com/au?afidp,1,True
https://www.bumbleberryapple.com/au?afidp,1,True
https://www.apple2-apple.com/au?afidp,1,True
https://www.apple-peache.com/au?afidp,1,True
https://www.apple-cranberry-apple.com/au?afidp,1,True
https://www.blueberry-apple.com/au?afidp,1,True
https://www.juice-apple.com/au?afidp,1,True
https://www.aples-apple.com/au?afidp,1,True
https://www.calvados-apple.com/au?afidp,1,True
https://www.apple-non-fruit.com/au?afidp,1,True
https://www.apple-pears.com/au?afidp,1,True
https://www.macintosh-apple.com/au?afidp,1,True
https://www.apple-russeting.com/au?afidp,1,True
https://www.apple-chestnut.com/au?afidp,1,True
https://www.apple-ciderapple.com/au?afidp,1,True
https://www.apple-filledapple.com/au?afidp,1,True
https://www.apple-flavored-apple.com/au?afidp,1,True
https://www.pomme-apple.com/au?afidp,1,True
https://www.clementine-apple.com/au?afidp,1,True
https://www.blossumapple.com/au?afidp,1,True
https://www.apple-manzana.com/au?afidp,1,True
https://www.pine-apple-apple.com/au?afidp,1,True
https://www.apple-themed-apple.com/au?afidp,1,True
https://www.apple-blossum.com/au?afidp,1,True
https://www.carrottapple.com/au?afidp,1,True
https://www.apple-tree-apple.com/au?afidp,1,True
https://www.non-browningapple.com/au?afidp,1,True
https://www.red-fleshedapple.com/au?afidp,1,True
https://www.appley-apple.com/au?afidp,1,True
https://www.apple-walnut.com/au?afidp,1,True
https://www.apple1-apple.com/au?afidp,1,True
https://www.appleapple-shaped.com/au?afidp,1,True
https://www.apple-apple-cider.com/au?afidp,1,True
https://www.jucie-apple.com/au?afidp,1,True
https://www.apple-apple-shaped.com/au?afidp,1,True
https://www.cinamon-apple.com/au?afidp,1,True
https://www.apple-growingapple.com/au?afidp,1,True
https://www.appleapplesauce.com/au?afidp,1,True
https://www.applenon-fruit.com/au?afidp,1,True
https://www.pecan-apple.com/au?afidp,1,True
https://www.pomegranateapple.com/au?afidp,1,True
https://www.appleappley.com/au?afidp,1,True
https://www.pine-appleapple.com/au?afidp,1,True
https://www.apple-apricot.com/au?afidp,1,True
https://www.pippin-apple.com/au?afidp,1,True
https://www.apple-caramel.com/au?afidp,1,True
https://www.apple-cinnamon.com/au?afidp,1,True
https://www.apple-marionberry.com/au?afidp,1,True
https://www.applecidar.com/au?afidp,1,True
https://www.persimmon-apple.com/au?afidp,1,True
https://www.raisinapple.com/au?afidp,1,True
https://www.applehoneycrisp.com/au?afidp,1,True
https://www.apple-apple2.com/au?afidp,1,True
https://www.apple-apple-themed.com/au?afidp,1,True
https://www.apple-red-fleshed.com/au?afidp,1,True
https://www.apple-blackbery.com/au?afidp,1,True
https://www.chestnutapple.com/au?afidp,1,True
https://www.apple-strawberry.com/au?afidp,1,True
https://www.apple-pear-apple.com/au?afidp,1,True
https://www.pyrusapple.com/au?afidp,1,True
https://www.apple-appple.com/au?afidp,1,True
https://www.appleapple-cranberry.com/au?afidp,1,True
https://www.applepomme.com/au?afidp,1,True
https://www.scrumpingapple.com/au?afidp,1,True
https://www.tamarilloapple.com/au?afidp,1,True
https://www.tartinapple.com/au?afidp,1,True
https://www.apple-almond.com/au?afidp,1,True
https://www.mulberry-apple.com/au?afidp,1,True
https://www.fruit-apple.com/au?afidp,1,True
https://www.applepeache.com/au?afidp,1,True
https://www.apple-crostada.com/au?afidp,1,True
https://www.apple-raspberry.com/au?afidp,1,True
https://www.appleredberry.com/au?afidp,1,True
https://www.strawberry-apple.com/au?afidp,1,True
https://www.apple-tatin.com/au?afidp,1,True
https://www.russeting-apple.com/au?afidp,1,True
https://www.potato-apple.com/au?afidp,1,True
https://www.calvadosapple.com/au?afidp,1,True
https://www.appleapple-filled.com/au?afidp,1,True
https://www.apple-applesauce.com/au?afidp,1,True
https://www.pie.but-apple.com/au?afidp,1,True
https://www.applepumpkin.com/au?afidp,1,True
https://www.red-fleshed-apple.com/au?afidp,1,True
https://www.appleclementine.com/au?afidp,1,True
https://www.apple-tamarillo.com/au?afidp,1,True
https://www.apple-likeapple.com/au?afidp,1,True
https://www.applestarwberry.com/au?afidp,1,True
https://www.apple-bramley.com/au?afidp,1,True
https://www.apple-applestore.com/au?afidp,1,True
https://www.apple-caramel-covered.com/au?afidp,1,True
https://www.mango-apple.com/au?afidp,1,True
https://www.apple-pomme.com/au?afidp,1,True
https://www.apple-potato.com/au?afidp,1,True
https://www.apple-like-apple.com/au?afidp,1,True
https://www.cidarapple.com/au?afidp,1,True
https://www.chestnut-apple.com/au?afidp,1,True
https://www.apple-crab-apple.com/au?afidp,1,True
https://www.apple-y-apple.com/au?afidp,1,True
https://www.anti-apple-apple.com/au?afidp,1,True
https://www.honeycrisp-apple.com/au?afidp,1,True
https://www.applecranapple.com/au?afidp,1,True
https://www.blackbery-apple.com/au?afidp,1,True
https://www.acorn-apple.com/au?afidp,1,True
https://www.apple-friut.com/au?afidp,1,True
https://www.appleappletree.com/au?afidp,1,True
https://www.appletangerine.com/au?afidp,1,True
https://www.applezestar.com/au?afidp,1,True
https://www.apple-pomegrante.com/au?afidp,1,True
https://www.apple-redberry.com/au?afidp,1,True
https://www.appleacorn.com/au?afidp,1,True
https://www.applepersimmon.com/au?afidp,1,True
https://www.apple-filled-apple.com/au?afidp,1,True
https://www.walnutapple.com/au?afidp,1,True
https://www.currantapple.com/au?afidp,1,True
https://www.appleapple-y.com/au?afidp,1,True
https://www.tomato-apple.com/au?afidp,1,True
https://www.mulberryapple.com/au?afidp,1,True
https://www.pippins-apple.com/au?afidp,1,True
https://www.persimmonapple.com/au?afidp,1,True
https://www.non-fruit-apple.com/au?afidp,1,True
https://www.appleapple-producing.com/au?afidp,1,True
https://www.marionberryapple.com/au?afidp,1,True
https://www.apple-apple1.com/au?afidp,1,True
https://www.pippinsapple.com/au?afidp,1,True
https://www.crabapple-apple.com/au?afidp,1,True
https://www.pomegranate-apple.com/au?afidp,1,True
https://www.cidar-apple.com/au?afidp,1,True
https://www.applenon-browning.com/au?afidp,1,True
https://www.apple-appley.com/au?afidp,1,True
https://www.apple-tangerine.com/au?afidp,1,True
https://www.apple-starwberry.com/au?afidp,1,True
https://www.apple-shapedapple.com/au?afidp,1,True
https://www.applecrab-apple.com/au?afidp,1,True
https://www.apple-sweetango.com/au?afidp,1,True
https://www.apple-apple-y.com/au?afidp,1,True
https://www.starwberryapple.com/au?afidp,1,True
https://www.melon-apple.com/au?afidp,1,True
https://www.apple-clementine.com/au?afidp,1,True
https://www.appletreeapple.com/au?afidp,1,True
https://www.raisin-apple.com/au?afidp,1,True
https://www.apple-producingapple.com/au?afidp,1,True
https://www.apple-carrot.com/au?afidp,1,True
https://www.apple-bumbleberry.com/au?afidp,1,True
https://www.apple-raisin.com/au?afidp,1,True
https://www.clementineapple.com/au?afidp,1,True
https://www.applestore-apple.com/au?afidp,1,True
https://www.wedgerapple.com/au?afidp,1,True
https://www.applecalvados.com/au?afidp,1,True
https://www.crab-applesapple.com/au?afidp,1,True
https://www.rubarb-apple.com/au?afidp,1,True
https://www.snapple-apple.com/au?afidp,1,True
https://www.apple-crabapple.com/au?afidp,1,True
https://www.appleapple-sauce.com/au?afidp,1,True
https://www.apple-tomato.com/au?afidp,1,True
https://www.appletree-apple.com/au?afidp,1,True
https://www.apple-apple-growing.com/au?afidp,1,True
https://www.pie-apple.com/au?afidp,1,True
https://www.apple-mapple.com/au?afidp,1,True
https://www.pineapple-apple.com/au?afidp,1,True
https://www.scrumping-apple.com/au?afidp,1,True
https://www.cranberry-apple.com/au?afidp,1,True
https://www.applepecan.com/au?afidp,1,True
https://www.applefriut.com/au?afidp,1,True
https://www.apple-yapple.com/au?afidp,1,True
https://www.pippinapple.com/au?afidp,1,True
https://www.apple-cran-apple.com/au?afidp,1,True
https://www.apple-pineapple.com/au?afidp,1,True
https://www.apple-treeapple.com/au?afidp,1,True
https://www.almond-apple.com/au?afidp,1,True
https://www.apple-oranges.com/au?afidp,1,True
https://www.pomegranteapple.com/au?afidp,1,True
https://www.apple-calvados.com/au?afidp,1,True
https://www.applemulberry.com/au?afidp,1,True
https://www.applepippins.com/au?afidp,1,True
https://www.orangesapple.com/au?afidp,1,True
https://www.apple-sauceapple.com/au?afidp,1,True
https://www.applecrabapple.com/au?afidp,1,True
https://www.apple-cider-apple.com/au?afidp,1,True
https://www.applecrab-apples.com/au?afidp,1,True
https://www.apple-snapple.com/au?afidp,1,True
https://www.crab-apple-apple.com/au?afidp,1,True
https://www.pomegraniteapple.com/au?afidp,1,True
https://www.applesweetango.com/au?afidp,1,True
https://www.cranberry-appleapple.com/au?afidp,1,True
https://www.friut-apple.com/au?afidp,1,True
https://www.apple-rhubard.com/au?afidp,1,True
https://www.appletartin.com/au?afidp,1,True
https://www.apple-anti-apple.com/au?afidp,1,True
https://www.apple-growing-apple.com/au?afidp,1,True
https://www.cranberry-apple-apple.com/au?afidp,1,True
https://www.oranges-apple.com/au?afidp,1,True
https://www.applecaramel-covered.com/au?afidp,1,True
https://www.apple.apple-based.com/au?afidp,1,True
https://www.crostadaapple.com/au?afidp,1,True
https://www.appleapplestore.com/au?afidp,1,True
https://www.applepyrus.com/au?afidp,1,True
https://www.mappleapple.com/au?afidp,1,True
https://www.appleapple-growing.com/au?afidp,1,True
https://www.applepine-apple.com/au?afidp,1,True
https://www.apricotapple.com/au?afidp,1,True
https://www.appleapple-themed.com/au?afidp,1,True
https://www.crab-apples-apple.com/au?afidp,1,True
https://www.apple-plum.com/au?afidp,1,True
https://www.bumbleberry-apple.com/au?afidp,1,True
https://www.apple-pippins.com/au?afidp,1,True
https://www.applechestnut.com/au?afidp,1,True
https://www.apple-persimmon.com/au?afidp,1,True
https://www.wedger-apple.com/au?afidp,1,True
https://www.apppleapple.com/au?afidp,1,True
https://www.apple-flavoredapple.com/au?afidp,1,True
https://www.non-browning-apple.com/au?afidp,1,True
https://www.manzanaapple.com/au?afidp,1,True
https://www.caramel-covered-apple.com/au?afidp,1,True
https://www.applecran-apple.com/au?afidp,1,True
https://www.appple-apple.com/au?afidp,1,True
https://www.apple-shaped-apple.com/au?afidp,1,True
https://www.pumpkin-apple.com/au?afidp,1,True
https://www.blossum-apple.com/au?afidp,1,True
https://www.pomegranite-apple.com/au?afidp,1,True
https://www.blueberryapple.com/au?afidp,1,True
https://www.mapple-apple.com/au?afidp,1,True
https://www.applecrabapples.com/au?afidp,1,True
https://www.cranappleapple.com/au?afidp,1,True
https://www.applepotato.com/au?afidp,1,True
https://www.appleyapple.com/au?afidp,1,True
https://www.apple-pearapple.com/au?afidp,1,True
https://www.apple-wedger.com/au?afidp,1,True
https://www.apple-non-browning.com/au?afidp,1,True
https://www.applewedger.com/au?afidp,1,True
https://www.pearsapple.com/au?afidp,1,True
https://www.applerhubard.com/au?afidp,1,True
https://www.plum-apple.com/au?afidp,1,True
https://www.walnut-apple.com/au?afidp,1,True
https://www.apple-orchards.com/au?afidp,1,True
https://www.applerubarb.com/au?afidp,1,True
https://www.apple-honeycrisp.com/au?afidp,1,True
https://www.tartin-apple.com/au?afidp,1,True
https://www.tamarillo-apple.com/au?afidp,1,True
https://www.pomegrante-apple.com/au?afidp,1,True
https://www.applemarionberry.com/au?afidp,1,True
https://www.applecrostada.com/au?afidp,1,True
https://www.appletatin.com/au?afidp,1,True
https://www.apple-tartin.com/au?afidp,1,True
https://www.applepomegranite.com/au?afidp,1,True
https://www.currant-apple.com/au?afidp,1,True
https://www.redberry-apple.com/au?afidp,1,True
https://www.apple-apple-flavored.com/au?afidp,1,True
https://www.applebramley.com/au?afidp,1,True
https://www.apple-scrumping.com/au?afidp,1,True
https://www.apple-cidar.com/au?afidp,1,True
https://www.berry-apple.com/au?afidp,1,True
https://www.apple-pomegranite.com/au?afidp,1,True
https://www.crab-appleapple.com/au?afidp,1,True
https://www.apple-rubarb.com/au?afidp,1,True
https://www.raspberry-apple.com/au?afidp,1,True
https://www.apple-currant.com/au?afidp,1,True
https://www.apple-apple-filled.com/au?afidp,1,True
https://www.tatinapple.com/au?afidp,1,True
https://www.applerusseting.com/au?afidp,1,True
https://www.rhubard-apple.com/au?afidp,1,True
https://www.cinamonapple.com/au?afidp,1,True
https://www.apple-zestar.com/au?afidp,1,True
https://www.apple-appletree.com/au?afidp,1,True
https://www.starwberry-apple.com/au?afidp,1,True
https://www.apple.apple-based.com/au?afidp,1,True
https://www.apple-themedapple.com/au?afidp,1,True
https://www.apple-apple-tree.com/au?afidp,1,True
https://www.apple1apple.com/au?afidp,1,True
https://www.appleapple-tree.com/au?afidp,1,True
https://www.carrot-apple.com/au?afidp,1,True
https://www.appleblackbery.com/au?afidp,1,True
https://www.cinnamon-apple.com/au?afidp,1,True
https://www.carrotapple.com/au?afidp,1,True
https://www.crostada-apple.com/au?afidp,1,True
https://www.appletamarillo.com/au?afidp,1,True
https://www.orchards-apple.com/au?afidp,1,True
https://www.applecurrant.com/au?afidp,1,True
https://www.apple-cranapple.com/au?afidp,1,True
https://www.apple-aples.com/au?afidp,1,True
https://www.appleapple1.com/au?afidp,1,True
https://www.apple-pecan.com/au?afidp,1,True
https://www.cran-apple-apple.com/au?afidp,1,True
https://www.appleapple-flavored.com/au?afidp,1,True
https://www.friutapple.com/au?afidp,1,True
https://www.rhubardapple.com/au?afidp,1,True
https://www.apple-pumpkin.com/au?afidp,1,True
https://www.apple-blueberry.com/au?afidp,1,True
https://www.blackberyapple.com/au?afidp,1,True
https://www.apple-crab-apples.com/au?afidp,1,True
https://www.apple-pine-apple.com/au?afidp,1,True
https://www.marionberry-apple.com/au?afidp,1,True
https://www.anti-appleapple.com/au?afidp,1,True
https://www.crabapples-apple.com/au?afidp,1,True
https://www.pie.butapple.com/au?afidp,1,True
https://www.pecanapple.com/au?afidp,1,True
https://www.crabapplesapple.com/au?afidp,1,True
https://www.applebumbleberry.com/au?afidp,1,True
https://www.cran-appleapple.com/au?afidp,1,True
https://www.appleblueberry.com/au?afidp,1,True
https://www.apple-crabapples.com/au?afidp,1,True
https://www.appleappple.com/au?afidp,1,True
https://www.caramel-coveredapple.com/au?afidp,1,True
https://www.zestar-apple.com/au?afidp,1,True
https://www.apple-sauce-apple.com/au?afidp,1,True
https://www.rubarbapple.com/au?afidp,1,True
https://www.apple-pyrus.com/au?afidp,1,True
https://www.apple-applecare.com/au?afidp,1,True
https://www.applecinamon.com/au?afidp,1,True
https://www.applejucie.com/au?afidp,1,True
https://www.apple-jucie.com/au?afidp,1,True
https://www.apple-mulberry.com/au?afidp,1,True
https://www.applecranberry-apple.com/au?afidp,1,True
https://www.appleanti-apple.com/au?afidp,1,True
https://www.apple-cinamon.com/au?afidp,1,True
https://www.grape-apple.com/au?afidp,1,True
https://www.tangerine-apple.com/au?afidp,1,True
https://www.apple-apple-sauce.com/au?afidp,1,True
https://www.pyrus-apple.com/au?afidp,1,True
https://www.orchardsapple.com/au?afidp,1,True
https://www.tatin-apple.com/au?afidp,1,True
https://www.appleapple-cider.com/au?afidp,1,True
https://www.apple-apple-producing.com/au?afidp,1,True
https://www.crabappleapple.com/au?afidp,1,True
https://www.blackberry-apple.com/au?afidp,1,True
https://www.appleaples.com/au?afidp,1,True
https://www.acornapple.com/au?afidp,1,True
https://www.applered-fleshed.com/au?afidp,1,True
https://www.aplesapple.com/au?afidp,1,True
https://www.apple-cranberry.com/au?afidp,1,True
https://www.apple-cranberry.com/au?afidp,1,True
https://www.chaseescape.com,1,True
https://www.apple.cran-apple.com/au?afidp,1,True
https://www.scampering-chase.com,1,True
https://www.chasejump.com,1,True
https://www.apple.apple-filled.com/au?afidp,1,True
https://www.cut-chase.com,1,True
https://www.apple.apple-y.com/au?afidp,1,True
https://www.apple.apple-filled.com/au?afidp,1,True
https://www.apple.apple-growing.com/au?afidp,1,True
https://www.apple.red-fleshed.com/au?afidp,1,True
https://www.cranberry-apple.com/au?afidp,1,True
https://www.chasemove.com,1,True
https://www.apple.apple-shaped.com/au?afidp,1,True
https://www.cranberry-apple.com/au?afidp,1,True
https://www.chaseleaping.com,1,True
https://www.apple.crab-apples.com/au?afidp,1,True
https://www.chaserchase.com,1,True
https://www.chase-kill.com,1,True
https://www.chasethrow.com,1,True
https://www.shotchase.com,1,True
https://www.chase-jump.com,1,True
https://www.chasepursue.com,1,True
https://www.seizechase.com,1,True
https://www.chaselure.com,1,True
https://www.apple.apple-pear.com/au?afidp,1,True
https://www.swoopchase.com,1,True
https://www.chasecatching.com,1,True
https://www.chase-break.com,1,True
https://www.chasepursuing.com,1,True
https://www.capture-chase.com,1,True
https://www.chaseoutrunning.com,1,True
https://www.chaseevade.com,1,True
https://www.chaseovertake.com,1,True
https://www.chase-kick.com,1,True
https://www.chasin-chase.com,1,True
https://www.houndschase.com,1,True
https://www.capturechase.com,1,True
https://www.snatch-chase.com,1,True
https://www.chase-escape.com,1,True
https://www.apple.apple-themed.com/au?afidp,1,True
https://www.chase-fleeing.com,1,True
https://www.chasejumping.com,1,True
https://www.chase-outrunning.com,1,True
https://www.shot-chase.com,1,True
https://www.fetchchase.com,1,True
https://www.pursuing-chase.com,1,True
https://www.fetch-chase.com,1,True
https://www.evadechase.com,1,True
https://www.apple.red-fleshed.com/au?afidp,1,True
https://www.chase-chaser.com,1,True
https://www.jumpchase.com,1,True
https://www.shootchase.com,1,True
https://www.chase-scampering.com,1,True
https://www.rushchase.com,1,True
https://www.apple.apple-y.com/au?afidp,1,True
https://www.chase-elude.com,1,True
https://www.jump-chase.com,1,True
https://www.snatchchase.com,1,True
https://www.outrunning-chase.com,1,True
https://www.evade-chase.com,1,True
https://www.apple.anti-apple.com/au?afidp,1,True
https://www.fleeingchase.com,1,True
https://www.chasefling.com,1,True
https://www.sweepchase.com,1,True
https://www.chasegrab.com,1,True
https://www.elude-chase.com,1,True
https://www.chasesnatch.com,1,True
https://www.apple.caramel-covered.com/au?afidp,1,True
https://www.chasechaser.com,1,True
https://www.scamperingchase.com,1,True
https://www.apple.non-browning.com/au?afidp,1,True
https://www.slay-chase.com,1,True
https://www.shoo-ing-chase.com,1,True
https://www.chase-move.com,1,True
https://www.seize-chase.com,1,True
https://www.catchingchase.com,1,True
https://www.chase-persuit.com,1,True
https://www.persuitchase.com,1,True
https://www.chasechasin.com,1,True
https://www.jumping-chase.com,1,True
https://www.chase-steal.com,1,True
https://www.killchase.com,1,True
https://www.throwchase.com,1,True
https://www.grabchase.com,1,True
https://www.fling-chase.com,1,True
https://www.slaychase.com,1,True
https://www.chasescamper.com,1,True
https://www.chase-slay.com,1,True
https://www.gobble-chase.com,1,True
https://www.chaseslay.com,1,True
https://www.chase-lure.com,1,True
https://www.chase-hound.com,1,True
https://www.go-chase.com,1,True
https://www.chase-throw.com,1,True
https://www.leapingchase.com,1,True
https://www.gobblechase.com,1,True
https://www.chase-get.com,1,True
https://www.chasingschase.com,1,True
https://www.gunning-chase.com,1,True
https://www.shoo-ingchase.com,1,True
https://www.chase-grab.com,1,True
https://www.chase-cut.com,1,True
https://www.chaserush.com,1,True
https://www.chaseswoop.com,1,True
https://www.chasebeat.com,1,True
https://www.swervechase.com,1,True
https://www.catching-chase.com,1,True
https://www.take-chase.com,1,True
https://www.chase-evade.com,1,True
https://www.apple.apple-producing.com/au?afidp,1,True
https://www.overtake-chase.com,1,True
https://www.leaping-chase.com,1,True
https://www.chasefight.com,1,True
https://www.smashchase.com,1,True
https://www.chase-beat.com,1,True
https://www.chase-chasin.com,1,True
https://www.chase-catching.com,1,True
https://www.apple.apple-pear.com/au?afidp,1,True
https://www.drivechase.com,1,True
https://www.chasepersuit.com,1,True
https://www.apple.apple-themed.com/au?afidp,1,True
https://www.chase-go.com,1,True
https://www.apple.crostada.com/au?afidp,1,True
https://www.chase-seize.com,1,True
https://www.swerve-chase.com,1,True
https://www.chase-overtake.com,1,True
https://www.stealchase.com,1,True
https://www.chaseshoot.com,1,True
https://www.apple.apple-producing.com/au?afidp,1,True
https://www.chase-scare.com,1,True
https://www.rush-chase.com,1,True
https://www.steal-chase.com,1,True
https://www.chasesmash.com,1,True
https://www.apple.apple-flavored.com/au?afidp,1,True
https://www.chase-smash.com,1,True
https://www.beat-chase.com,1,True
https://www.apple.caramel-covered.com/au?afidp,1,True
https://www.fight-chase.com,1,True
https://www.outrunningchase.com,1,True
https://www.lurechase.com,1,True
https://www.chase-hounds.com,1,True
https://www.chase-snatch.com,1,True
https://www.chasekill.com,1,True
https://www.chasechasings.com,1,True
https://www.pursuingchase.com,1,True
https://www.chaseswerve.com,1,True
https://www.chase-scamper.com,1,True
https://www.chase-leaping.com,1,True
https://www.frolic-chase.com,1,True
https://www.chaseget.com,1,True
https://www.chase-rush.com,1,True
https://www.apple.cran-apple.com/au?afidp,1,True
https://www.overtakechase.com,1,True
https://www.drive-chase.com,1,True
https://www.get-chase.com,1,True
https://www.apple.apple-growing.com/au?afidp,1,True
https://www.chasesweep.com,1,True
https://www.hounds-chase.com,1,True
https://www.chase-take.com,1,True
https://www.apple.non-browning.com/au?afidp,1,True
https://www.chasegunning.com,1,True
https://www.scare-chase.com,1,True
https://www.chasescampering.com,1,True
https://www.chase-shot.com,1,True
https://www.frolicchase.com,1,True
https://www.chasefrolic.com,1,True
https://www.chase-chasers.com,1,True
https://www.chase-frolic.com,1,True
https://www.break-chase.com,1,True
https://www.apple.non-fruit.com/au?afidp,1,True
https://www.apple.non-fruit.com/au?afidp,1,True
https://www.houndchase.com,1,True
https://www.fleechase.com,1,True
https://www.sweep-chase.com,1,True
https://www.chase-shoo-ing.com,1,True
https://www.eludechase.com,1,True
https://www.chaseseize.com,1,True
https://www.chaserschase.com,1,True
https://www.apple.anti-apple.com/au?afidp,1,True
https://www.chase-pursuing.com,1,True
https://www.apple.apple-shaped.com/au?afidp,1,True
https://www.apple.crostada.com/au?afidp,1,True
https://www.escape-chase.com,1,True
https://www.flee-chase.com,1,True
https://www.chase-capture.com,1,True
https://www.chasefleeing.com,1,True
https://www.chase-shoot.com,1,True
https://www.takechase.com,1,True
https://www.chaseelude.com,1,True
https://www.scamper-chase.com,1,True
https://www.kill-chase.com,1,True
https://www.chaser-chase.com,1,True
https://www.beatchase.com,1,True
https://www.chase-flee.com,1,True
https://www.apple.crab-apples.com/au?afidp,1,True
https://www.chasers-chase.com,1,True
https://www.lure-chase.com,1,True
https://www.chaseshoo-ing.com,1,True
https://www.pursuechase.com,1,True
https://www.chase-swoop.com,1,True
https://www.pursue-chase.com,1,True
https://www.scarechase.com,1,True
https://www.gunningchase.com,1,True
https://www.flingchase.com,1,True
https://www.chasings-chase.com,1,True
https://www.chase-sweep.com,1,True
https://www.chasehound.com,1,True
https://www.chasehounds.com,1,True
https://www.chase-swerve.com,1,True
https://www.fleeing-chase.com,1,True
https://www.move-chase.com,1,True
https://www.movechase.com,1,True
https://www.chase-drive.com,1,True
https://www.escapechase.com,1,True
https://www.chase-fight.com,1,True
https://www.chaseshot.com,1,True
https://www.chaseflee.com,1,True
https://www.chase-jumping.com,1,True
https://www.chasetake.com,1,True
https://www.breakchase.com,1,True
https://www.grab-chase.com,1,True
https://www.shoot-chase.com,1,True
https://www.kick-chase.com,1,True
https://www.chasegobble.com,1,True
https://www.chase-fetch.com,1,True
https://www.hound-chase.com,1,True
https://www.chasescare.com,1,True
https://www.chase-chasings.com,1,True
https://www.chase-gobble.com,1,True
https://www.chase-gunning.com,1,True
https://www.chase-fling.com,1,True
https://www.swoop-chase.com,1,True
https://www.chasekick.com,1,True
https://www.chasefetch.com,1,True
https://www.scamperchase.com,1,True
https://www.persuit-chase.com,1,True
https://www.chase-pursue.com,1,True
https://www.chasesteal.com,1,True
https://www.smash-chase.com,1,True
https://www.throw-chase.com,1,True
https://www.apple.apple-flavored.com/au?afidp,1,True
https://www.jumpingchase.com,1,True
https://www.chasepush.com,1,True
https://www.chaseknock.com,1,True
https://www.chase-drift.com,1,True
https://www.chatchchase.com,1,True
https://www.runningchase.com,1,True
https://www.bouncechase.com,1,True
https://www.rescue-chase.com,1,True
https://www.chasefinish-off.com,1,True
https://www.flitchase.com,1,True
https://www.climbchase.com,1,True
https://www.jumpt-chase.com,1,True
https://www.escaped-chase.com,1,True
https://www.dodgechase.com,1,True
https://www.ripchase.com,1,True
https://www.chase-smashing.com,1,True
https://www.scuttle-chase.com,1,True
https://www.chase-dawdle.com,1,True
https://www.devourchase.com,1,True
https://www.chaseshoo.com,1,True
https://www.chasescramble.com,1,True
https://www.chaseeluding.com,1,True
https://www.chase-shoo.com,1,True
https://www.eluding-chase.com,1,True
https://www.chasestalk.com,1,True
https://www.dodge-chase.com,1,True
https://www.chaseescaped.com,1,True
https://www.man-hunt-chase.com,1,True
https://www.snatching-chase.com,1,True
https://www.chase-stick.com,1,True
https://www.chase-stalk.com,1,True
https://www.play-fight-chase.com,1,True
https://www.run-a-waychase.com,1,True
https://www.chase-wrestle.com,1,True
https://www.cannock-chase.com,1,True
https://www.chasedrift.com,1,True
https://www.chasepounce.com,1,True
https://www.chase-give.com,1,True
https://www.chasesmashing.com,1,True
https://www.chase-zig-zagging.com,1,True
https://www.chase-climb.com,1,True
https://www.chase-dodge.com,1,True
https://www.chase-ride.com,1,True
https://www.chase-scramble.com,1,True
https://www.chase-knock.com,1,True
https://www.seek-chase.com,1,True
https://www.nabchase.com,1,True
https://www.chasechatch.com,1,True
https://www.pushchase.com,1,True
https://www.chase-rescue.com,1,True
https://www.chasebeating.com,1,True
https://www.turnchase.com,1,True
https://www.tussle-chase.com,1,True
https://www.rip-chase.com,1,True
https://www.devour-chase.com,1,True
https://www.chase-re-steal.com,1,True
https://www.chaserun-a-way.com,1,True
https://www.chasechace.com,1,True
https://www.escapedchase.com,1,True
https://www.chase.shoo-ing.com,1,True
https://www.chaseoutrace.com,1,True
https://www.flit-chase.com,1,True
https://www.chase-chace.com,1,True
https://www.dawdlechase.com,1,True
https://www.scampered-chase.com,1,True
https://www.chasezig-zagging.com,1,True
https://www.chasecannock.com,1,True
https://www.chaseclimb.com,1,True
https://www.haul-chase.com,1,True
https://www.chaseretrieve.com,1,True
https://www.re-stealchase.com,1,True
https://www.chasescampered.com,1,True
https://www.chase-retrieve.com,1,True
https://www.escapingchase.com,1,True
https://www.chase.shoo-ing.com,1,True
https://www.chase-kidnap.com,1,True
https://www.kidnap-chase.com,1,True
https://www.chase-gallop.com,1,True
https://www.recapture-chase.com,1,True
https://www.chasesped.com,1,True
https://www.chase-hunting.com,1,True
https://www.beatingchase.com,1,True
https://www.bring-chase.com,1,True
https://www.scramblechase.com,1,True
https://www.tosschase.com,1,True
https://www.running-chase.com,1,True
https://www.give-chase.com,1,True
https://www.stickchase.com,1,True
https://www.chase-racing.com,1,True
https://www.chase-eluding.com,1,True
https://www.chase-bring.com,1,True
https://www.pullchase.com,1,True
https://www.chasehaul.com,1,True
https://www.chasing-chase.com,1,True
https://www.chase-jumpt.com,1,True
https://www.tailingchase.com,1,True
https://www.chase-wander.com,1,True
https://www.chase-run-a-way.com,1,True
https://www.chaserunaway.com,1,True
https://www.chase-walk.com,1,True
https://www.chacechase.com,1,True
https://www.chasedarting.com,1,True
https://www.dragchase.com,1,True
https://www.chasere-capture.com,1,True
https://www.racing-chase.com,1,True
https://www.shooingchase.com,1,True
https://www.chase-drag.com,1,True
https://www.chaseflit.com,1,True
https://www.scurrychase.com,1,True
https://www.chasejumpt.com,1,True
https://www.shoo-chase.com,1,True
https://www.chase-rip.com,1,True
https://www.chase-escaped.com,1,True
https://www.chasesurrend.com,1,True
https://www.chasewanting.com,1,True
https://www.retrieve-chase.com,1,True
https://www.walkchase.com,1,True
https://www.chasehunting.com,1,True
https://www.knock-chase.com,1,True
https://www.chasechasing.com,1,True
https://www.re-capturechase.com,1,True
https://www.chase-play-fight.com,1,True
https://www.chasewrestle.com,1,True
https://www.tusslechase.com,1,True
https://www.chaserescue.com,1,True
https://www.chase-fighting.com,1,True
https://www.chasescurry.com,1,True
https://www.seekchase.com,1,True
https://www.chase-tailing.com,1,True
https://www.spedchase.com,1,True
https://www.stick-chase.com,1,True
https://www.chaserunning.com,1,True
https://www.racedchase.com,1,True
https://www.haulchase.com,1,True
https://www.chaseswerving.com,1,True
https://www.gallopchase.com,1,True
https://www.outrace-chase.com,1,True
https://www.run-a-way-chase.com,1,True
https://www.climb-chase.com,1,True
https://www.nab-chase.com,1,True
https://www.walk-chase.com,1,True
https://www.hurrying-chase.com,1,True
https://www.shoochase.com,1,True
https://www.chase-raced.com,1,True
https://www.chase-surrend.com,1,True
https://www.wrestlechase.com,1,True
https://www.stalk-chase.com,1,True
https://www.wrestle-chase.com,1,True
https://www.chasedrag.com,1,True
https://www.chase-escaping.com,1,True
https://www.chase-runaway.com,1,True
https://www.chase-running.com,1,True
https://www.chasedawdle.com,1,True
https://www.chaseshooing.com,1,True
https://www.swervingchase.com,1,True
https://www.swerving-chase.com,1,True
https://www.raced-chase.com,1,True
https://www.play-chase.com,1,True
https://www.fly-chase.com,1,True
https://www.chasere-steal.com,1,True
https://www.chase-play.com,1,True
https://www.chase-recapture.com,1,True
https://www.roam-chase.com,1,True
https://www.stalkchase.com,1,True
https://www.chase-tail.com,1,True
https://www.track-chase.com,1,True
https://www.zig-zagging-chase.com,1,True
https://www.fighting-chase.com,1,True
https://www.chase-turn.com,1,True
https://www.re-capture-chase.com,1,True
https://www.runaway-chase.com,1,True
https://www.retrievechase.com,1,True
https://www.gallop-chase.com,1,True
https://www.finish-offchase.com,1,True
https://www.chase-flit.com,1,True
https://www.chase-devour.com,1,True
https://www.jumptchase.com,1,True
https://www.chasehurrying.com,1,True
https://www.turn-chase.com,1,True
https://www.ride-chase.com,1,True
https://www.re-steal-chase.com,1,True
https://www.recapturechase.com,1,True
https://www.chase-sneak.com,1,True
https://www.chasestick.com,1,True
https://www.chasebounce.com,1,True
https://www.eludingchase.com,1,True
https://www.chasetussle.com,1,True
https://www.toss-chase.com,1,True
https://www.wanderchase.com,1,True
https://www.drag-chase.com,1,True
https://www.chase-mow.com,1,True
https://www.chase-snatching.com,1,True
https://www.smashingchase.com,1,True
https://www.mow-chase.com,1,True
https://www.chase-wanting.com,1,True
https://www.chaseswooping.com,1,True
https://www.roamchase.com,1,True
https://www.chasegallop.com,1,True
https://www.chase-scampered.com,1,True
https://www.scuttlechase.com,1,True
https://www.chase-outrace.com,1,True
https://www.chase-swooping.com,1,True
https://www.chaserecapture.com,1,True
https://www.push-chase.com,1,True
https://www.let-chase.com,1,True
https://www.swooping-chase.com,1,True
https://www.chase-finish-off.com,1,True
https://www.chase-nab.com,1,True
https://www.chase-re-capture.com,1,True
https://www.surrendchase.com,1,True
https://www.chaseescaping.com,1,True
https://www.chase-fly.com,1,True
https://www.shooing-chase.com,1,True
https://www.chase-bounce.com,1,True
https://www.chasemow.com,1,True
https://www.dawdle-chase.com,1,True
https://www.bounce-chase.com,1,True
https://www.play-fightchase.com,1,True
https://www.zig-zaggingchase.com,1,True
https://www.beating-chase.com,1,True
https://www.hunting-chase.com,1,True
https://www.chasefighting.com,1,True
https://www.scramble-chase.com,1,True
https://www.snatchingchase.com,1,True
https://www.outracechase.com,1,True
https://www.fightingchase.com,1,True
https://www.sped-chase.com,1,True
https://www.chase-cannock.com,1,True
https://www.chasetailing.com,1,True
https://www.hurryingchase.com,1,True
https://www.sneak-chase.com,1,True
https://www.smashing-chase.com,1,True
https://www.chase-beating.com,1,True
https://www.chaseturn.com,1,True
https://www.chase-sped.com,1,True
https://www.wantingchase.com,1,True
https://www.pouncechase.com,1,True
https://www.chase-pounce.com,1,True
https://www.scurry-chase.com,1,True
https://www.chasedevour.com,1,True
https://www.knockchase.com,1,True
https://www.swoopingchase.com,1,True
https://www.chaseroam.com,1,True
https://www.chatch-chase.com,1,True
https://www.chasekidnap.com,1,True
https://www.chase-seek.com,1,True
https://www.chasepull.com,1,True
https://www.chase-chasing.com,1,True
https://www.chase-tussle.com,1,True
https://www.chasesneak.com,1,True
https://www.pull-chase.com,1,True
https://www.hit-chase.com,1,True
https://www.chasegive.com,1,True
https://www.chase-toss.com,1,True
https://www.chase-hurrying.com,1,True
https://www.chaserip.com,1,True
https://www.dartingchase.com,1,True
https://www.man-huntchase.com,1,True
https://www.chace-chase.com,1,True
https://www.chase-darting.com,1,True
https://www.trackchase.com,1,True
https://www.escaping-chase.com,1,True
https://www.chase-swerving.com,1,True
https://www.chase-hit.com,1,True
https://www.chasewander.com,1,True
https://www.chasebring.com,1,True
https://www.chasetoss.com,1,True
https://www.letchase.com,1,True
https://www.chase-push.com,1,True
https://www.kidnapchase.com,1,True
https://www.drift-chase.com,1,True
https://www.runawaychase.com,1,True
https://www.chase-chatch.com,1,True
https://www.tailing-chase.com,1,True
https://www.wanting-chase.com,1,True
https://www.chaseplay-fight.com,1,True
https://www.sneakchase.com,1,True
https://www.chase-let.com,1,True
https://www.chaseraced.com,1,True
https://www.chase-scurry.com,1,True
https://www.surrend-chase.com,1,True
https://www.chasesnatching.com,1,True
https://www.chase-man-hunt.com,1,True
https://www.chase-haul.com,1,True
https://www.chasenab.com,1,True
https://www.chase-track.com,1,True
https://www.chase-roam.com,1,True
https://www.darting-chase.com,1,True
https://www.scamperedchase.com,1,True
https://www.chase-scuttle.com,1,True
https://www.chase-pull.com,1,True
https://www.chase-shooing.com,1,True
https://www.chaseman-hunt.com,1,True
https://www.mowchase.com,1,True
https://www.chasescuttle.com,1,True
https://www.wander-chase.com,1,True
https://www.pounce-chase.com,1,True
https://www.finish-off-chase.com,1,True
https://www.bankofamer8ica.com,1,True
https://www.bankofa-merica.com,1,True
https://www.bankofimerica.com,1,True
https://www.baynkofamerica.com,1,True
https://www.bankovfamerica.com,1,True
https://www.office.he-office.com,1,True
https://www.chase.zig-zagging.com,1,True
https://www.bankof1america.com,1,True
https://www.fankofamerica.com,1,True
https://www.bankofam3erica.com,1,True
https://www.officeoffic.com,1,True
https://www.chase.finish-off.com,1,True
https://www.b2ankofamerica.com,1,True
https://www.office-sub-office.com,1,True
https://www.banko-famerica.com,1,True
https://www.bankofamer5ica.com,1,True
https://www.bankofa2merica.com,1,True
https://www.office-officethe.com,1,True
https://www.bwankofamerica.com,1,True
https://www.officesub-office.com,1,True
https://www.office-style-office.com,1,True
https://www.office-spaceoffice.com,1,True
https://www.bankofzamerica.com,1,True
https://www.officenon-office.com,1,True
https://www.bankofamer4ica.com,1,True
https://www.ba2nkofamerica.com,1,True
https://www.bankofameri8ca.com,1,True
https://www.officing-office.com,1,True
https://www.bankofamericae.com,1,True
https://www.ex-officeoffice.com,1,True
https://www.offices-office.com,1,True
https://www.bankofamzerica.com,1,True
https://www.bankofalerica.com,1,True
https://www.bankofamerijca.com,1,True
https://www.sub-office-office.com,1,True
https://www.officed-office.com,1,True
https://www.officeoffice-type.com,1,True
https://www.bankofameri-ca.com,1,True
https://www.bawnkofamerica.com,1,True
https://www.bankofame5rica.com,1,True
https://www.bankofalmerica.com,1,True
https://www.bankofaymerica.com,1,True
https://www.ofiice-office.com,1,True
https://www.bankofamer9ica.com,1,True
https://www.bankofame-rica.com,1,True
https://www.bankofamurica.com,1,True
https://www.officeoffice-space.com,1,True
https://www.bankofyamerica.com,1,True
https://www.bankoftamerica.com,1,True
https://www.ba1nkofamerica.com,1,True
https://www.bankofvamerica.com,1,True
https://www.bankofamjerica.com,1,True
https://www.bank9ofamerica.com,1,True
https://www.bzankofamerica.com,1,True
https://www.bankofamerjica.com,1,True
https://www.chase.finish-off.com,1,True
https://www.bankofamezrica.com,1,True
https://www.non-office-office.com,1,True
https://www.bankofamericav.com,1,True
https://www.bankofamerici.com,1,True
https://www.office-ofiice.com,1,True
https://www.bankofamericaz.com,1,True
https://www.bankotfamerica.com,1,True
https://www.bankofamerhca.com,1,True
https://www.office-offcie.com,1,True
https://www.office.when-office.com,1,True
https://www.bankofa-erica.com,1,True
https://www.bafkofamerica.com,1,True
https://www.bahnkofamerica.com,1,True
https://www.bankof2america.com,1,True
https://www.office-officing.com,1,True
https://www.bankofamebica.com,1,True
https://www.bankofaierica.com,1,True
https://www.bankofamericap.com,1,True
https://www.officethe-office.com,1,True
https://www.bankofaoerica.com,1,True
https://www.bankofamer-ica.com,1,True
https://www.banko9famerica.com,1,True
https://www.chase.zig-zagging.com,1,True
https://www.bankofcmerica.com,1,True
https://www.bankofamermca.com,1,True
https://www.bankofapmerica.com,1,True
https://www.bankofamepica.com,1,True
https://www.ex-office-office.com,1,True
https://www.bankofam-erica.com,1,True
https://www.office-officed.com,1,True
https://www.office-ex-office.com,1,True
https://www.bankofamericaf.com,1,True
https://www.offcieoffice.com,1,True
https://www.bankofumerica.com,1,True
https://www.bankofazmerica.com,1,True
https://www.bankgfamerica.com,1,True
https://www.office-typeoffice.com,1,True
https://www.office.that-office.com,1,True
https://www.officeofficethe.com,1,True
https://www.office-cubicle.com,1,True
https://www.byankofamerica.com,1,True
https://www.jankofamerica.com,1,True
https://www.department-office.com,1,True
https://www.bcnkofamerica.com,1,True
https://www.receptionistoffice.com,1,True
https://www.bankofamericab.com,1,True
https://www.bankofamericag.com,1,True
https://www.officeofiice.com,1,True
https://www.office.whenoffice.com,1,True
https://www.office-type-office.com,1,True
https://www.non-officeoffice.com,1,True
https://www.chase.re-steal.com,1,True
https://www.baznkofamerica.com,1,True
https://www.office.what-office.com,1,True
https://www.officeoffcie.com,1,True
https://www.bankofamericay.com,1,True
https://www.ba-nkofamerica.com,1,True
https://www.office-non-office.com,1,True
https://www.bankofamgrica.com,1,True
https://www.bankofammrica.com,1,True
https://www.office.but-office.com,1,True
https://www.office-office-style.com,1,True
https://www.bankofamesica.com,1,True
https://www.b1ankofamerica.com,1,True
https://www.bankofamerica-bankofamerica.com,1,True
https://www.officeofficed.com,1,True
https://www.bankofamperica.com,1,True
https://www.officeofficing.com,1,True
https://www.officeoffice-style.com,1,True
https://www.bankofamericaw.com,1,True
https://www.office-styleoffice.com,1,True
https://www.banknfamerica.com,1,True
https://www.balkofamerica.com,1,True
https://www.bankmfamerica.com,1,True
https://www.bankofamerdica.com,1,True
https://www.bankofameric-a.com,1,True
https://www.office-bureau.com,1,True
https://www.bankofamlerica.com,1,True
https://www.bankofamericau.com,1,True
https://www.bankofa1merica.com,1,True
https://www.office-department.com,1,True
https://www.bankofamericah.com,1,True
https://www.office-receptionist.com,1,True
https://www.receptionist-office.com,1,True
https://www.office.to-office.com,1,True
https://www.bankofamericad.com,1,True
https://www.office-space-office.com,1,True
https://www.office-headquarters.com,1,True
https://www.ofiiceoffice.com,1,True
https://www.officeex-office.com,1,True
https://www.bankofaeerica.com,1,True
https://www.offcie-office.com,1,True
https://www.office-office-type.com,1,True
https://www.binkofamerica.com,1,True
https://www.sub-officeoffice.com,1,True
https://www.bankofamevica.com,1,True
https://www.bankofamezica.com,1,True
https://www.bankofameriba.com,1,True
https://www.office-office-space.com,1,True
https://www.office.this-office.com,1,True
https://www.office.with-office.com,1,True
https://www.chase-chase.com,1,True
https://www.bankufamerica.com,1,True
https://www.office-offic.com,1,True
https://www.officingoffice.com,1,True
https://www.office.she-office.com,1,True
https://www.chase.re-steal.com,1,True
https://www.bankofame2ica.com,1,True
https://www.officetheoffice.com,1,True
https://www.officoffice.com,1,True
https://www.secretary-office.com,1,True
https://www.office-offices.com,1,True
https://www.theoffice-office.com,1,True
https://www.office-clinic.com,1,True
https://www.office-residence.com,1,True
https://www.office-secretery.com,1,True
https://www.secretaries-office.com,1,True
https://www.officeout-of-the-office.com,1,True
https://www.chancelleryoffice.com,1,True
https://www.office2-office.com,1,True
https://www.embassy-office.com,1,True
https://www.office-hot-desk.com,1,True
https://www.office-buildingoffice.com,1,True
https://www.officeoffices.com,1,True
https://www.olliceoffice.com,1,True
https://www.office-work-station.com,1,True
https://www.head-office-office.com,1,True
https://www.office-office-y.com,1,True
https://www.secretarysoffice.com,1,True
https://www.fice-office.com,1,True
https://www.office.theyoffice.com,1,True
https://www.officemini-office.com,1,True
https://www.headquarter-office.com,1,True
https://www.offieeoffice.com,1,True
https://www.officelaboratory.com,1,True
https://www.office-breakroom.com,1,True
https://www.office-showroom.com,1,True
https://www.office-office2.com,1,True
https://www.office-oflice.com,1,True
https://www.office-likeoffice.com,1,True
https://www.office-embassy.com,1,True
https://www.chancellery-office.com,1,True
https://www.office-office-building.com,1,True
https://www.office.office-like.com,1,True
https://www.officeworkroom.com,1,True
https://www.officemailroom.com,1,True
https://www.office-officeis.com,1,True
https://www.breakrooms-office.com,1,True
https://www.office-secratary.com,1,True
https://www.officeofficea.com,1,True
https://www.office-admistrative.com,1,True
https://www.officeoffice-building.com,1,True
https://www.officeadministative.com,1,True
https://www.warehouse-office.com,1,True
https://www.office.there-office.com,1,True
https://www.officeoffice-mate.com,1,True
https://www.oflice-office.com,1,True
https://www.break-room-office.com,1,True
https://www.mini-office-office.com,1,True
https://www.office.after-office.com,1,True
https://www.head-officeoffice.com,1,True
https://www.office-workstation.com,1,True
https://www.officeoffice-based.com,1,True
https://www.office-chancellery.com,1,True
https://www.work-stationoffice.com,1,True
https://www.oficesoffice.com,1,True
https://www.room-office.com,1,True
https://www.office-corporate.com,1,True
https://www.officeheadquaters.com,1,True
https://www.headquaters-office.com,1,True
https://www.office-appointment.com,1,True
https://www.breakroom-office.com,1,True
https://www.lobby-office.com,1,True
https://www.secretery-office.com,1,True
https://www.office-hospital.com,1,True
https://www.officeadmistrative.com,1,True
https://www.office-headquaters.com,1,True
https://www.offficeoffice.com,1,True
https://www.office-lobby.com,1,True
https://www.office-y-office.com,1,True
https://www.officeoffice-y.com,1,True
https://www.office-theoffice.com,1,True
https://www.officehomeoffice.com,1,True
https://www.officeofficeis.com,1,True
https://www.officeoffice-related.com,1,True
https://www.office-breakrooms.com,1,True
https://www.officeinoffice.com,1,True
https://www.office.non-office.com,1,True
https://www.office-mateoffice.com,1,True
https://www.supervisoroffice.com,1,True
https://www.officehospital.com,1,True
https://www.school-office.com,1,True
https://www.secratary-office.com,1,True
https://www.office-related-office.com,1,True
https://www.secretarys-office.com,1,True
https://www.clinic-office.com,1,True
https://www.office-wideoffice.com,1,True
https://www.headquatersoffice.com,1,True
https://www.offiee-office.com,1,True
https://www.office-homeoffice.com,1,True
https://www.office-clerk.com,1,True
https://www.office-mail-room.com,1,True
https://www.office-workplace.com,1,True
https://www.office-laboratory.com,1,True
https://www.assistant-office.com,1,True
https://www.mail-roomoffice.com,1,True
https://www.office-secretaries.com,1,True
https://www.office-office-wide.com,1,True
https://www.office.office-type.com,1,True
https://www.conference-roomoffice.com,1,True
https://www.officethis-office.com,1,True
https://www.office-secretarys.com,1,True
https://www.office-offiee.com,1,True
https://www.office-conference-room.com,1,True
https://www.officeisoffice.com,1,True
https://www.officeheadquarter.com,1,True
https://www.officehot-desk.com,1,True
https://www.hot-desk-office.com,1,True
https://www.officehead-office.com,1,True
https://www.officethisoffice.com,1,True
https://www.officeoflice.com,1,True
https://www.office.office-related.com,1,True
https://www.home-office-office.com,1,True
https://www.officefice.com,1,True
https://www.office.not-office.com,1,True
https://www.homeoffice-office.com,1,True
https://www.workroomoffice.com,1,True
https://www.residence-office.com,1,True
https://www.officesecretarys.com,1,True
https://www.officehome-office.com,1,True
https://www.showroom-office.com,1,True
https://www.secreteryoffice.com,1,True
https://www.admistrative-office.com,1,True
https://www.ofliceoffice.com,1,True
https://www.office-headquarter.com,1,True
https://www.officeoffice-wide.com,1,True
https://www.officeaoffice.com,1,True
https://www.break-roomoffice.com,1,True
https://www.office-building-office.com,1,True
https://www.office.why-office.com,1,True
https://www.office-administative.com,1,True
https://www.offfice-office.com,1,True
https://www.mail-room-office.com,1,True
https://www.officein-office.com,1,True
https://www.office-yoffice.com,1,True
https://www.office-officea.com,1,True
https://www.office-executive.com,1,True
https://www.officeembassy.com,1,True
https://www.office.office-related.com,1,True
https://www.office-head-office.com,1,True
https://www.workroom-office.com,1,True
https://www.officesecretery.com,1,True
https://www.office-doctor.com,1,True
https://www.officeofficein.com,1,True
https://www.office-secretarial.com,1,True
https://www.officeofficethis.com,1,True
https://www.office-business.com,1,True
https://www.secretariesoffice.com,1,True
https://www.office.office-like.com,1,True
https://www.officeofices.com,1,True
https://www.officesecretarial.com,1,True
https://www.administativeoffice.com,1,True
https://www.office.office-type.com,1,True
https://www.office-fice.com,1,True
https://www.office.alsooffice.com,1,True
https://www.supervisor-office.com,1,True
https://www.office.non-office.com,1,True
https://www.ollice-office.com,1,True
https://www.office-home-office.com,1,True
https://www.office-wide-office.com,1,True
https://www.officeollice.com,1,True
https://www.lobbyoffice.com,1,True
https://www.office-mailroom.com,1,True
https://www.office-office-mate.com,1,True
https://www.office-mini-office.com,1,True
https://www.administative-office.com,1,True
https://www.office-out-of-the-office.com,1,True
https://www.cubicles-office.com,1,True
https://www.officebreakrooms.com,1,True
https://www.office.from-office.com,1,True
https://www.office-based-office.com,1,True
https://www.office.thereoffice.com,1,True
https://www.office-basedoffice.com,1,True
https://www.office.they-office.com,1,True
https://www.officeoffice-like.com,1,True
https://www.officemail-room.com,1,True
https://www.office-relatedoffice.com,1,True
https://www.office-office-based.com,1,True
https://www.office-office-related.com,1,True
https://www.officea-office.com,1,True
https://www.mailroomoffice.com,1,True
https://www.breakroomsoffice.com,1,True
https://www.home-officeoffice.com,1,True
https://www.office-administrative.com,1,True
https://www.officeconference-room.com,1,True
https://www.out-of-the-office-office.com,1,True
https://www.administration-office.com,1,True
https://www.mini-officeoffice.com,1,True
https://www.secretarial-office.com,1,True
https://www.officework-station.com,1,True
https://www.laboratory-office.com,1,True
https://www.office-cabinet.com,1,True
https://www.appointment-office.com,1,True
https://www.breakroomoffice.com,1,True
https://www.office-office-like.com,1,True
https://www.ficeoffice.com,1,True
https://www.officeis-office.com,1,True
https://www.office-like-office.com,1,True
https://www.office-officein.com,1,True
https://www.office.some-office.com,1,True
https://www.admistrativeoffice.com,1,True
https://www.officeoffiee.com,1,True
https://www.officechancellery.com,1,True
https://www.secretarialoffice.com,1,True
https://www.work-station-office.com,1,True
https://www.cabinet-office.com,1,True
https://www.office.here-office.com,1,True
https://www.office-mate-office.com,1,True
https://www.office-officethis.com,1,True
https://www.ofices-office.com,1,True
https://www.homeofficeoffice.com,1,True
https://www.officebreakroom.com,1,True
https://www.office-supervisor.com,1,True
https://www.conference-room-office.com,1,True
https://www.office-workroom.com,1,True
https://www.office-ollice.com,1,True
https://www.out-of-the-officeoffice.com,1,True
https://www.officeoffice2.com,1,True
https://www.secrataryoffice.com,1,True
https://www.hot-deskoffice.com,1,True
https://www.officesecratary.com,1,True
https://www.office-break-room.com,1,True
https://www.office.well-office.com,1,True
https://www.officeofffice.com,1,True
https://www.officebreak-room.com,1,True
https://www.office-offfice.com,1,True
https://www.office-ofices.com,1,True
https://www.wellsfargoy.com,1,True
https://www.wellsfargox.com,1,True
https://www.office.admistrative.com,1,True
https://www.office.administative.com,1,True
https://www.office.admistrative.com,1,True
https://www.office.administative.com,1,True
https://www.office.office-based.com,1,True
https://www.office.office-based.com,1,True
https://www.wellsfargoh.com,1,True
https://www.wellsfargo-wellsfargo.com,1,True
https://www.wellsfargov.com,1,True
https://www.wellsfargoq.com,1,True
https://www.ing-ment.com.au,1,True
https://www.ment-ing.com.au,1,True
https://www.ing-teing.com.au,1,True
https://www.ing-tion.com.au,1,True
https://www.ingent.com.au,1,True
https://www.ingrting.com.au,1,True
https://www.driv-ing.com.au,1,True
https://www.ingg.com.au,1,True
https://www.imng.com.au,1,True
https://www.ing-iring.com.au,1,True
https://www.etinging.com.au,1,True
https://www.ingz.com.au,1,True
https://www.ingx.com.au,1,True
https://www.makinging.com.au,1,True
https://www.cepting-ing.com.au,1,True
https://www.ingn.com.au,1,True
https://www.ership-ing.com.au,1,True
https://www.inding-ing.com.au,1,True
https://www.rting-ing.com.au,1,True
https://www.ationsing.com.au,1,True
https://www.ingery.com.au,1,True
https://www.pectinging.com.au,1,True
https://www.ing-lieving.com.au,1,True
https://www.inbg.com.au,1,True
https://www.enting.com.au,1,True
https://www.ing-ening.com.au,1,True
https://www.in-g.com.au,1,True
https://www.edly-ing.com.au,1,True
https://www.ling-ing.com.au,1,True
https://www.vinging.com.au,1,True
https://www.ing-tering.com.au,1,True
https://www.itory-ing.com.au,1,True
https://www.ture-ing.com.au,1,True
https://www.ing-ence.com.au,1,True
https://www.ingfollov.com.au,1,True
https://www.inhg.com.au,1,True
https://www.ing-ingly.com.au,1,True
https://www.osinging.com.au,1,True
https://www.ing-tive.com.au,1,True
https://www.ings.com.au,1,True
https://www.ing-nsing.com.au,1,True
https://www.edlying.com.au,1,True
https://www.sion-ing.com.au,1,True
https://www.iinging.com.au,1,True
https://www.ingence.com.au,1,True
https://www.ing-ments.com.au,1,True
https://www.ingture.com.au,1,True
https://www.tatinging.com.au,1,True
https://www.ing-itting.com.au,1,True
https://www.ingtering.com.au,1,True
https://www.ing-iness.com.au,1,True
https://www.ceptinging.com.au,1,True
https://www.ing-ture.com.au,1,True
https://www.ure-ing.com.au,1,True
https://www.ing-ving.com.au,1,True
https://www.ing-ership.com.au,1,True
https://www.volvinging.com.au,1,True
https://www.ingy.com.au,1,True
https://www.ually-ing.com.au,1,True
https://www.linging.com.au,1,True
https://www.ingitation.com.au,1,True
https://www.eeding-ing.com.au,1,True
https://www.ingtive.com.au,1,True
https://www.ellinging.com.au,1,True
https://www.ingelling.com.au,1,True
https://www.ing-ingto.com.au,1,True
https://www.ingually.com.au,1,True
https://www.ingedly.com.au,1,True
https://www.ingity.com.au,1,True
https://www.ingvating.com.au,1,True
https://www.allinging.com.au,1,True
https://www.ibng.com.au,1,True
https://www.ing-shov.com.au,1,True
https://www.sioning.com.au,1,True
https://www.inmg.com.au,1,True
https://www.ing-ine.com.au,1,True
https://www.ing-intry.com.au,1,True
https://www.ingshov.com.au,1,True
https://www.eting-ing.com.au,1,True
https://www.ingure.com.au,1,True
https://www.ing-iing.com.au,1,True
https://www.ing-follov.com.au,1,True
https://www.ness-ing.com.au,1,True
https://www.ulatinging.com.au,1,True
https://www.iness-ing.com.au,1,True
https://www.itation-ing.com.au,1,True
https://www.ingtoing.com.au,1,True
https://www.ing-osing.com.au,1,True
https://www.ing-iling.com.au,1,True
https://www.danc-ing.com.au,1,True
https://www.ifying-ing.com.au,1,True
https://www.ing-vating.com.au,1,True
https://www.ingiug.com.au,1,True
https://www.ingiring.com.au,1,True
https://www.ing-ity.com.au,1,True
https://www.ingu.com.au,1,True
https://www.giv-ing.com.au,1,True
https://www.inessing.com.au,1,True
https://www.ere-ing.com.au,1,True
https://www.ifyinging.com.au,1,True
https://www.inginging.com.au,1,True
https://www.i-ng.com.au,1,True
https://www.ing-edly.com.au,1,True
https://www.ing-itory.com.au,1,True
https://www.ingness.com.au,1,True
https://www.shov-ing.com.au,1,True
https://www.injg.com.au,1,True
https://www.ing-cing.com.au,1,True
https://www.ingeaking.com.au,1,True
https://www.mak-ing.com.au,1,True
https://www.iong-ing.com.au,1,True
https://www.ingment.com.au,1,True
https://www.tle-ing.com.au,1,True
https://www.intrying.com.au,1,True
https://www.nsing-ing.com.au,1,True
https://www.ingtle.com.au,1,True
https://www.ing-ly.com.au,1,True
https://www.ent-ing.com.au,1,True
https://www.ingcepting.com.au,1,True
https://www.ingingly.com.au,1,True
https://www.wat-ing.com.au,1,True
https://www.ingw.com.au,1,True
https://www.gather-ing.com.au,1,True
https://www.enceing.com.au,1,True
https://www.ingmaking.com.au,1,True
https://www.mentsing.com.au,1,True
https://www.ery-ing.com.au,1,True
https://www.ingingto.com.au,1,True
https://www.ducing-ing.com.au,1,True
https://www.ence-ing.com.au,1,True
https://www.ingving.com.au,1,True
https://www.ducinging.com.au,1,True
https://www.ly-ing.com.au,1,True
https://www.nouncinging.com.au,1,True
https://www.ryinging.com.au,1,True
https://www.iuging.com.au,1,True
https://www.ingceiving.com.au,1,True
https://www.ing-making.com.au,1,True
https://www.ance-ing.com.au,1,True
https://www.ing-ually.com.au,1,True
https://www.ing-ifying.com.au,1,True
https://www.eedinging.com.au,1,True
https://www.ing-carrj.com.au,1,True
https://www.ingpecting.com.au,1,True
https://www.rtinging.com.au,1,True
https://www.ingk.com.au,1,True
https://www.tating-ing.com.au,1,True
https://www.ris-ing.com.au,1,True
https://www.inging-ing.com.au,1,True
https://www.tion-ing.com.au,1,True
https://www.ving-ing.com.au,1,True
https://www.carrj-ing.com.au,1,True
https://www.carrjing.com.au,1,True
https://www.ingh.com.au,1,True
https://www.intry-ing.com.au,1,True
https://www.inginding.com.au,1,True
https://www.ingl.com.au,1,True
https://www.pecting-ing.com.au,1,True
https://www.ingeting.com.au,1,True
https://www.ingcarrj.com.au,1,True
https://www.ingine.com.au,1,True
https://www.nsinging.com.au,1,True
https://www.erying.com.au,1,True
https://www.ing-tle.com.au,1,True
https://www.ingvolving.com.au,1,True
https://www.ulating-ing.com.au,1,True
https://www.ing-ure.com.au,1,True
https://www.ceiving-ing.com.au,1,True
https://www.ingducing.com.au,1,True
https://www.eding.com.au,1,True
https://www.clos-ing.com.au,1,True
https://www.ening-ing.com.au,1,True
https://www.ing-rying.com.au,1,True
https://www.ing-ling.com.au,1,True
https://www.ingp.com.au,1,True
https://www.ingling.com.au,1,True
https://www.ing-ducing.com.au,1,True
https://www.ionging.com.au,1,True
https://www.ingeeding.com.au,1,True
https://www.eakinging.com.au,1,True
https://www.tak-ing.com.au,1,True
https://www.ingership.com.au,1,True
https://www.ingj.com.au,1,True
https://www.iug-ing.com.au,1,True
https://www.ingcing.com.au,1,True
https://www.ments-ing.com.au,1,True
https://www.ingments.com.au,1,True
https://www.ingsion.com.au,1,True
https://www.ing-eeding.com.au,1,True
https://www.tering-ing.com.au,1,True
https://www.ihng.com.au,1,True
https://www.ing-alling.com.au,1,True
https://www.ingnouncing.com.au,1,True
https://www.inged.com.au,1,True
https://www.ing-nouncing.com.au,1,True
https://www.ingto-ing.com.au,1,True
https://www.ceivinging.com.au,1,True
https://www.teringing.com.au,1,True
https://www.ingtion.com.au,1,True
https://www.cing-ing.com.au,1,True
https://www.ingteing.com.au,1,True
https://www.ingations.com.au,1,True
https://www.ingm.com.au,1,True
https://www.teinging.com.au,1,True
https://www.follov-ing.com.au,1,True
https://www.eling-ing.com.au,1,True
https://www.smok-ing.com.au,1,True
https://www.ing-pecting.com.au,1,True
https://www.uallying.com.au,1,True
https://www.ing-ness.com.au,1,True
https://www.ing-eting.com.au,1,True
https://www.charg-ing.com.au,1,True
https://www.iling-ing.com.au,1,True
https://www.making-ing.com.au,1,True
https://www.itting-ing.com.au,1,True
https://www.ingintry.com.au,1,True
https://www.ingitory.com.au,1,True
https://www.ingosing.com.au,1,True
https://www.ingd.com.au,1,True
https://www.ing-ent.com.au,1,True
https://www.ing-sion.com.au,1,True
https://www.ingly.com.au,1,True
https://www.alling-ing.com.au,1,True
https://www.ingi.com.au,1,True
https://www.inng.com.au,1,True
https://www.ed-ing.com.au,1,True
https://www.teing-ing.com.au,1,True
https://www.ijng.com.au,1,True
https://www.ing-eaking.com.au,1,True
https://www.ing-ed.com.au,1,True
https://www.ingrying.com.au,1,True
https://www.ing-ery.com.au,1,True
https://www.eninging.com.au,1,True
https://www.ilinging.com.au,1,True
https://www.ingb.com.au,1,True
https://www.iing-ing.com.au,1,True
https://www.ingq.com.au,1,True
https://www.ing-inging.com.au,1,True
https://www.tive-ing.com.au,1,True
https://www.deringing.com.au,1,True
https://www.ershiping.com.au,1,True
https://www.nessing.com.au,1,True
https://www.ing-volving.com.au,1,True
https://www.ity-ing.com.au,1,True
https://www.elling-ing.com.au,1,True
https://www.tureing.com.au,1,True
https://www.ureing.com.au,1,True
https://www.lieving-ing.com.au,1,True
https://www.iring-ing.com.au,1,True
https://www.tioning.com.au,1,True
https://www.ingulating.com.au,1,True
https://www.dering-ing.com.au,1,True
https://www.ing-rting.com.au,1,True
https://www.vatinging.com.au,1,True
https://www.itorying.com.au,1,True
https://www.amaz-ing.com.au,1,True
https://www.ing-tating.com.au,1,True
https://www.osing-ing.com.au,1,True
https://www.ingitting.com.au,1,True
https://www.ingtating.com.au,1,True
https://www.ingalling.com.au,1,True
https://www.ing-ulating.com.au,1,True
https://www.itying.com.au,1,True
https://www.ing-ations.com.au,1,True
https://www.inglieving.com.au,1,True
https://www.rais-ing.com.au,1,True
https://www.ing-dering.com.au,1,True
https://www.tiveing.com.au,1,True
https://www.ing-iug.com.au,1,True
https://www.chang-ing.com.au,1,True
https://www.vating-ing.com.au,1,True
https://www.ingnsing.com.au,1,True
https://www.itationing.com.au,1,True
https://www.ingeling.com.au,1,True
https://www.lievinging.com.au,1,True
https://www.inglying.com.au,1,True
https://www.indinging.com.au,1,True
https://www.folloving.com.au,1,True
https://www.shoving.com.au,1,True
https://www.advertis-ing.com.au,1,True
https://www.cinging.com.au,1,True
https://www.ing-cepting.com.au,1,True
https://www.ing-itation.com.au,1,True
https://www.elinging.com.au,1,True
https://www.ingiing.com.au,1,True
https://www.ing-iong.com.au,1,True
https://www.ingdering.com.au,1,True
https://www.ingly-ing.com.au,1,True
https://www.operat-ing.com.au,1,True
https://www.ing-eling.com.au,1,True
https://www.ing-inding.com.au,1,True
https://www.ing-ceiving.com.au,1,True
https://www.eaking-ing.com.au,1,True
https://www.ingr.com.au,1,True
https://www.ing-elling.com.au,1,True
https://www.ations-ing.com.au,1,True
https://www.ingf.com.au,1,True
https://www.ingiong.com.au,1,True
https://www.ingiling.com.au,1,True
https://www.inginess.com.au,1,True
https://www.ingening.com.au,1,True
https://www.tleing.com.au,1,True
https://www.ingifying.com.au,1,True
https://www.rying-ing.com.au,1,True
https://www.volving-ing.com.au,1,True
https://www.ittinging.com.au,1,True
https://www.involv-ing.com.au,1,True
https://www.ineing.com.au,1,True
https://www.nouncing-ing.com.au,1,True
https://www.iringing.com.au,1,True
https://www.ine-ing.com.au,1,True
https://www.ingly.com.au,1,True
https://www.ingly.com.au,1,True
https://www.ebayer-ebay.com,1,True
https://www.ebayedebay.com,1,True
https://www.ebay-ebayed.com,1,True
https://www.eba2y.com,1,True
https://www.ebay.co.uk-ebay.com,1,True
https://www.ebayebayers.com,1,True
https://www.ebay.de-ebay.com,1,True
https://www.ebayerebay.com,1,True
https://www.ebay-ebays.com,1,True
https://www.ebayfleabay.com,1,True
https://www.ing.fying.com.au,1,True
https://www.ing.shov.com.au,1,True
https://www.ingnng.com.au,1,True
https://www.ingtions.com.au,1,True
https://www.ing-lnce.com.au,1,True
https://www.receiv-ing.com.au,1,True
https://www.izing-ing.com.au,1,True
https://www.ing-ofi.com.au,1,True
https://www.ing-tation.com.au,1,True
https://www.leav-ing.com.au,1,True
https://www.ebayevilbay.com,1,True
https://www.ing-ance.com.au,1,True
https://www.ing-onstration.com.au,1,True
https://www.onstrationing.com.au,1,True
https://www.advanc-ing.com.au,1,True
https://www.biinging.com.au,1,True
https://www.ebay-ebayers.com,1,True
https://www.ingonstration.com.au,1,True
https://www.biing-ing.com.au,1,True
https://www.ingiency.com.au,1,True
https://www.anceing.com.au,1,True
https://www.ing-izing.com.au,1,True
https://www.ebay-ebaying.com,1,True
https://www.ebay-evilbay.com,1,True
https://www.eba1y.com,1,True
https://www.evilbayebay.com,1,True
https://www.fleabay-ebay.com,1,True
https://www.ebayflea-bay.com,1,True
https://www.ing-iiing.com.au,1,True
https://www.ebay-ebayer.com,1,True
https://www.ing-ter.com.au,1,True
https://www.ebayersebay.com,1,True
https://www.iencying.com.au,1,True
https://www.tions-ing.com.au,1,True
https://www.ing.ination.com.au,1,True
https://www.evilbay-ebay.com,1,True
https://www.tionsing.com.au,1,True
https://www.ingisting.com.au,1,True
https://www.ingance.com.au,1,True
https://www.iency-ing.com.au,1,True
https://www.nng-ing.com.au,1,True
https://www.iiing-ing.com.au,1,True
https://www.ingbiing.com.au,1,True
https://www.ing-biing.com.au,1,True
https://www.ebay-flea-bay.com,1,True
https://www.ing-tions.com.au,1,True
https://www.ebays-ebay.com,1,True
https://www.ing.fying.com.au,1,True
https://www.ebayed-ebay.com,1,True
https://www.ingning.com.au,1,True
https://www.ebayebaying.com,1,True
https://www.ebayingebay.com,1,True
https://www.eb2ay.com,1,True
https://www.ebayebayed.com,1,True
https://www.ebay-fleabay.com,1,True
https://www.ebayebayer.com,1,True
https://www.ebayebays.com,1,True
https://www.ebayers-ebay.com,1,True
https://www.flea-bay-ebay.com,1,True
https://www.ebaysebay.com,1,True
https://www.eb1ay.com,1,True
https://www.ebaying-ebay.com,1,True
https://www.fleabayebay.com,1,True
https://www.flea-bayebay.com,1,True
https://www.ingination.com.au,1,True
https://www.ingiiing.com.au,1,True
https://www.ing-iort.com.au,1,True
https://www.iting-ing.com.au,1,True
https://www.ing-ulate.com.au,1,True
https://www.makmg-ing.com.au,1,True
https://www.ingter.com.au,1,True
https://www.lnceing.com.au,1,True
https://www.makmging.com.au,1,True
https://www.lnce-ing.com.au,1,True
https://www.ofiing.com.au,1,True
https://www.tering.com.au,1,True
https://www.ising-ing.com.au,1,True
https://www.plac-ing.com.au,1,True
https://www.ninging.com.au,1,True
https://www.ing-ination.com.au,1,True
https://www.ing-ially.com.au,1,True
https://www.ing.rting.com.au,1,True
https://www.inglnce.com.au,1,True
https://www.ing.iting.com.au,1,True
https://www.onstration-ing.com.au,1,True
https://www.ially-ing.com.au,1,True
https://www.ing.eting.com.au,1,True
https://www.ing-ning.com.au,1,True
https://www.ingulate.com.au,1,True
https://www.ingating.com.au,1,True
https://www.ging-ing.com.au,1,True
https://www.ing.itting.com.au,1,True
https://www.ing.itting.com.au,1,True
https://www.ingizing.com.au,1,True
https://www.ing.ently.com.au,1,True
https://www.fying-ing.com.au,1,True
https://www.ing.sion.com.au,1,True
https://www.ing.dering.com.au,1,True
https://www.ning-ing.com.au,1,True
https://www.ing.ments.com.au,1,True
https://www.ing.osing.com.au,1,True
https://www.ing.rting.com.au,1,True
https://www.ently-ing.com.au,1,True
https://www.nnging.com.au,1,True
https://www.ating-ing.com.au,1,True
https://www.ing.nouncing.com.au,1,True
https://www.iiinging.com.au,1,True
https://www.ing-iting.com.au,1,True
https://www.ing.cepting.com.au,1,True
https://www.isinging.com.au,1,True
https://www.ing.makmg.com.au,1,True
https://www.ing.makmg.com.au,1,True
https://www.izinging.com.au,1,True
https://www.ing.biing.com.au,1,True
https://www.llsh-ing.com.au,1,True
https://www.putationing.com.au,1,True
https://www.ingllsh.com.au,1,True
https://www.ingofi.com.au,1,True
https://www.ing.lieving.com.au,1,True
https://www.lers-ing.com.au,1,True
https://www.ing-ing.com.au,1,True
https://www.eake-ing.com.au,1,True
https://www.ing.rying.com.au,1,True
https://www.ing.edly.com.au,1,True
https://www.ing.iall.com.au,1,True
https://www.ulateing.com.au,1,True
https://www.ing-ently.com.au,1,True
https://www.arrang-ing.com.au,1,True
https://www.ofi-ing.com.au,1,True
https://www.tering.com.au,1,True
https://www.tering.com.au,1,True
https://www.ingient.com.au,1,True
https://www.ing-putation.com.au,1,True
https://www.ighting-ing.com.au,1,True
https://www.fering-ing.com.au,1,True
https://www.ingiting.com.au,1,True
https://www.ingtation.com.au,1,True
https://www.mov-ing.com.au,1,True
https://www.ing.pecting.com.au,1,True
https://www.ing-lation.com.au,1,True
https://www.ing.tion.com.au,1,True
https://www.ing.ating.com.au,1,True
https://www.ing-up.com.au,1,True
https://www.ingmakmg.com.au,1,True
https://www.ingising.com.au,1,True
https://www.ingiort.com.au,1,True
https://www.ing.ighting.com.au,1,True
https://www.ingging.com.au,1,True
https://www.ialling.com.au,1,True
https://www.ing.itorial.com.au,1,True
https://www.ing.eting.com.au,1,True
https://www.ination-ing.com.au,1,True
https://www.ing-arrang.com.au,1,True
https://www.itorial-ing.com.au,1,True
https://www.ing.edly.com.au,1,True
https://www.ing-ging.com.au,1,True
https://www.inationing.com.au,1,True
https://www.ing.nsing.com.au,1,True
https://www.ing-iall.com.au,1,True
https://www.ing.itory.com.au,1,True
https://www.ing.ifying.com.au,1,True
https://www.ing.carrj.com.au,1,True
https://www.iort-ing.com.au,1,True
https://www.ing.fering.com.au,1,True
https://www.ing.arrang.com.au,1,True
https://www.manag-ing.com.au,1,True
https://www.tationing.com.au,1,True
https://www.ing-makmg.com.au,1,True
https://www.ing.itation.com.au,1,True
https://www.ingially.com.au,1,True
https://www.ing.cepting.com.au,1,True
https://www.ing.ging.com.au,1,True
https://www.ing.ently.com.au,1,True
https://www.ing.isting.com.au,1,True
https://www.ing.ination.com.au,1,True
https://www.ing.tion.com.au,1,True
https://www.ing.ance.com.au,1,True
https://www.ingancing.com.au,1,True
https://www.ing.teing.com.au,1,True
https://www.iall-ing.com.au,1,True
https://www.ing-ient.com.au,1,True
https://www.ing.inding.com.au,1,True
https://www.ing.volving.com.au,1,True
https://www.ing-isting.com.au,1,True
https://www.ing.pecting.com.au,1,True
https://www.ing.alling.com.au,1,True
https://www.lersing.com.au,1,True
https://www.ing.lation.com.au,1,True
https://www.ing.iong.com.au,1,True
https://www.ing-ancing.com.au,1,True
https://www.ing.rying.com.au,1,True
https://www.ing.ations.com.au,1,True
https://www.ing.iong.com.au,1,True
https://www.ing.eeding.com.au,1,True
https://www.ing.inging.com.au,1,True
https://www.atinging.com.au,1,True
https://www.ing.biing.com.au,1,True
https://www.ing.tation.com.au,1,True
https://www.ing.ating.com.au,1,True
https://www.ing-llsh.com.au,1,True
https://www.ing.ulate.com.au,1,True
https://www.ing.ingto.com.au,1,True
https://www.ing.ducing.com.au,1,True
https://www.ing-iency.com.au,1,True
https://www.ing.osing.com.au,1,True
https://www.ing.tating.com.au,1,True
https://www.ing.ulating.com.au,1,True
https://www.ing.eaking.com.au,1,True
https://www.ing.cing.com.au,1,True
https://www.lation-ing.com.au,1,True
https://www.ingarrang.com.au,1,True
https://www.ing.teing.com.au,1,True
https://www.ingighting.com.au,1,True
https://www.ing.lnce.com.au,1,True
https://www.ing-ating.com.au,1,True
https://www.ing.arrang.com.au,1,True
https://www.ing.iiing.com.au,1,True
https://www.ing.dering.com.au,1,True
https://www.ing.ingto.com.au,1,True
https://www.ing-ighting.com.au,1,True
https://www.ginging.com.au,1,True
https://www.ing.carrj.com.au,1,True
https://www.ing-lers.com.au,1,True
https://www.ing-tlon.com.au,1,True
https://www.ing-nng.com.au,1,True
https://www.ient-ing.com.au,1,True
https://www.ing.volving.com.au,1,True
https://www.ingitorial.com.au,1,True
https://www.ingfering.com.au,1,True
https://www.ancing-ing.com.au,1,True
https://www.ing.ceiving.com.au,1,True
https://www.ienting.com.au,1,True
https://www.ing-ily.com.au,1,True
https://www.ing.iency.com.au,1,True
https://www.ing.putation.com.au,1,True
https://www.ing.inging.com.au,1,True
https://www.inglers.com.au,1,True
https://www.ing.ership.com.au,1,True
https://www.ing.cing.com.au,1,True
https://www.ing.izing.com.au,1,True
https://www.ulate-ing.com.au,1,True
https://www.ing.ifying.com.au,1,True
https://www.ingeake.com.au,1,True
https://www.ancinging.com.au,1,True
https://www.fyinging.com.au,1,True
https://www.ing-eake.com.au,1,True
https://www.ing.itorial.com.au,1,True
https://www.ing.eeding.com.au,1,True
https://www.tlon-ing.com.au,1,True
https://www.ing.tating.com.au,1,True
https://www.istinging.com.au,1,True
https://www.ilying.com.au,1,True
https://www.ing-itorial.com.au,1,True
https://www.isting-ing.com.au,1,True
https://www.ing.ance.com.au,1,True
https://www.ing.ening.com.au,1,True
https://www.ing.ging.com.au,1,True
https://www.arranging.com.au,1,True
https://www.ing.lieving.com.au,1,True
https://www.ing.lation.com.au,1,True
https://www.ing.ighting.com.au,1,True
https://www.entlying.com.au,1,True
https://www.ing.iling.com.au,1,True
https://www.ingiall.com.au,1,True
https://www.llshing.com.au,1,True
https://www.ing-ising.com.au,1,True
https://www.ing.follov.com.au,1,True
https://www.ing.iency.com.au,1,True
https://www.iorting.com.au,1,True
https://www.ing.fering.com.au,1,True
https://www.ing.ments.com.au,1,True
https://www.itinging.com.au,1,True
https://www.tloning.com.au,1,True
https://www.ing.ulate.com.au,1,True
https://www.ing.itory.com.au,1,True
https://www.ing.ture.com.au,1,True
https://www.ingtlon.com.au,1,True
https://www.ightinging.com.au,1,True
https://www.ing-fying.com.au,1,True
https://www.ing.ations.com.au,1,True
https://www.ing.ving.com.au,1,True
https://www.ingily.com.au,1,True
https://www.ily-ing.com.au,1,True
https://www.ing.ving.com.au,1,True
https://www.ing.ducing.com.au,1,True
https://www.iallying.com.au,1,True
https://www.ingently.com.au,1,True
https://www.ingputation.com.au,1,True
https://www.ing.ceiving.com.au,1,True
https://www.eakeing.com.au,1,True
https://www.ing.iiing.com.au,1,True
https://www.ing.ually.com.au,1,True
https://www.feringing.com.au,1,True
https://www.ing.izing.com.au,1,True
https://www.ing.eake.com.au,1,True
https://www.ing.vating.com.au,1,True
https://www.ingfying.com.au,1,True
https://www.ing.ually.com.au,1,True
https://www.ing.ancing.com.au,1,True
https://www.ing.tlon.com.au,1,True
https://www.ing.shov.com.au,1,True
https://www.ing.iall.com.au,1,True
https://www.ing.nsing.com.au,1,True
https://www.ing.ening.com.au,1,True
https://www.ing.nouncing.com.au,1,True
https://www.ing.vating.com.au,1,True
https://www.ing.tation.com.au,1,True
https://www.ing.inding.com.au,1,True
https://www.ing.iting.com.au,1,True
https://www.ing.intry.com.au,1,True
https://www.ing.tions.com.au,1,True
https://www.ing.itation.com.au,1,True
https://www.ing.follov.com.au,1,True
https://www.ing.ture.com.au,1,True
https://www.ing.eake.com.au,1,True
https://www.itorialing.com.au,1,True
https://www.ing.llsh.com.au,1,True
https://www.inglation.com.au,1,True
https://www.ing.tions.com.au,1,True
https://www.ing.ancing.com.au,1,True
https://www.ing.putation.com.au,1,True
https://www.ing.intry.com.au,1,True
https://www.ing.onstration.com.au,1,True
https://www.ing.eaking.com.au,1,True
https://www.ing.onstration.com.au,1,True
https://www.tation-ing.com.au,1,True
https://www.ing.sion.com.au,1,True
https://www.ing.isting.com.au,1,True
https://www.ing-fering.com.au,1,True
https://www.lationing.com.au,1,True
https://www.ing.lnce.com.au,1,True
https://www.ing.llsh.com.au,1,True
https://www.ing.alling.com.au,1,True
https://www.ing.ership.com.au,1,True
https://www.putation-ing.com.au,1,True
https://www.ing.iling.com.au,1,True
https://www.ing.tlon.com.au,1,True
https://www.sav-ing.com.au,1,True
https://www.ter-ing.com.au,1,True
https://www.ing.ulating.com.au,1,True
https://www.ebaycraigslist.com,1,True
https://www.craigslistsebay.com,1,True
https://www.buy-it-now-ebay.com,1,True
https://www.ebay.co.uk-ebay.com,1,True
https://www.egay-ebay.com,1,True
https://www.e-bayebay.com,1,True
https://www.gumtree-ebay.com,1,True
https://www.gunbroker-ebay.com,1,True
https://www.joblot-ebay.com,1,True
https://www.neweggebay.com,1,True
https://www.ebayquadratec.com,1,True
https://www.gunbrokerebay.com,1,True
https://www.egayebay.com,1,True
https://www.digi-keyebay.com,1,True
https://www.ebaydigikey.com,1,True
https://www.ebaye-bay.com,1,True
https://www.trademe-ebay.com,1,True
https://www.auctions-ebay.com,1,True
https://www.ebayegay.com,1,True
https://www.aution-ebay.com,1,True
https://www.alibrisebay.com,1,True
https://www.dhgate-ebay.com,1,True
https://www.etsy-ebay.com,1,True
https://www.ebay-e-bay.com,1,True
https://www.craigslists-ebay.com,1,True
https://www.ubid-ebay.com,1,True
https://www.ebaypaypall.com,1,True
https://www.ebaydhgate.com,1,True
https://www.craigslist-ebay.com,1,True
https://www.ebay-acution.com,1,True
https://www.dealextreme-ebay.com,1,True
https://www.ebay-craigslist.com,1,True
https://www.banggoodebay.com,1,True
https://www.ebay-rakuten.com,1,True
https://www.digikey-ebay.com,1,True
https://www.ebayaudiogon.com,1,True
https://www.amzon-ebay.com,1,True
https://www.craiglistebay.com,1,True
https://www.ebayrakuten.com,1,True
https://www.ebay-kijiji.com,1,True
https://www.quadratec-ebay.com,1,True
https://www.ebay-dealextreme.com,1,True
https://www.autionebay.com,1,True
https://www.traderaebay.com,1,True
https://www.audiogon-ebay.com,1,True
https://www.ebay-amazone.com,1,True
https://www.ebay-powerseller.com,1,True
https://www.newegg-ebay.com,1,True
https://www.ebaypaypalled.com,1,True
https://www.ebaygunbroker.com,1,True
https://www.ebayfleebay.com,1,True
https://www.powersellerebay.com,1,True
https://www.taobao-ebay.com,1,True
https://www.ebaycraigslists.com,1,True
https://www.ebay-banggood.com,1,True
https://www.ebay-artfire.com,1,True
https://www.ebay-ebid.com,1,True
https://www.ebay-paypal.com/au/web/apps,1,True
https://www.ebayebid.com,1,True
https://www.ebay-ecrater.com,1,True
https://www.quadratecebay.com,1,True
https://www.ebayamzon.com,1,True
https://www.acutionebay.com,1,True
https://www.ebayacution.com,1,True
https://www.ebay.com.au-ebay.com,1,True
https://www.audiogonebay.com,1,True
https://www.amazoneebay.com,1,True
https://www.froogleebay.com,1,True
https://www.banggood-ebay.com,1,True
https://www.aquabidebay.com,1,True
https://www.amzonebay.com,1,True
https://www.e-bay-ebay.com,1,True
https://www.marktplaatsebay.com,1,True
https://www.ebayaution.com,1,True
https://www.froogle-ebay.com,1,True
https://www.ebay-aution.com,1,True
https://www.powerseller-ebay.com,1,True
https://www.rakutenebay.com,1,True
https://www.ebay-trademe.com,1,True
https://www.ebayamazone.com,1,True
https://www.ebay-paypals.com,1,True
https://www.ubidebay.com,1,True
https://www.ebayaquabid.com,1,True
https://www.ebaycraigs.com,1,True
https://www.ebaytrademe.com,1,True
https://www.craigs-ebay.com,1,True
https://www.ebaydigi-key.com,1,True
https://www.paypals-ebay.com,1,True
https://www.trademeebay.com,1,True
https://www.armslistebay.com,1,True
https://www.ebay-etsy.com,1,True
https://www.digikeyebay.com,1,True
https://www.sellig-ebay.com,1,True
https://www.ebay-froogle.com,1,True
https://www.ebay-abebooks.com,1,True
https://www.play-asia-ebay.com,1,True
https://www.ebay-outnet.com,1,True
https://www.fleebay-ebay.com,1,True
https://www.non-ebay-ebay.com,1,True
https://www.ebaytradera.com,1,True
https://www.ebayplay-asia.com,1,True
https://www.ebaypowerseller.com,1,True
https://www.expansys-ebay.com,1,True
https://www.ebayfroogle.com,1,True
https://www.ebay-expansys.com,1,True
https://www.ebaygumtree.com,1,True
https://www.ebay-alibris.com,1,True
https://www.acution-ebay.com,1,True
https://www.ebay-amzon.com,1,True
https://www.dealextremeebay.com,1,True
https://www.ebaypaypals.com,1,True
https://www.ebay-taobao.com,1,True
https://www.ebay.non-ebay.com,1,True
https://www.ebay-craigs.com,1,True
https://www.outnetebay.com,1,True
https://www.ebay-sellig.com,1,True
https://www.ebay-non-ebay.com,1,True
https://www.ebay-paypall.com,1,True
https://www.ebay-dhgate.com,1,True
https://www.craigsebay.com,1,True
https://www.digi-key-ebay.com,1,True
https://www.ebay-buy-it-now.com,1,True
https://www.ebay-gunbroker.com,1,True
https://www.seller-ebay.com,1,True
https://www.ebay-egay.com,1,True
https://www.ebaycraiglist.com,1,True
https://www.cragslistebay.com,1,True
https://www.ebay-craiglist.com,1,True
https://www.outnet-ebay.com,1,True
https://www.powersellers-ebay.com,1,True
https://www.ebay-quadratec.com,1,True
https://www.ebay-auctions.com,1,True
https://www.ebay-audiogon.com,1,True
https://www.play-asiaebay.com,1,True
https://www.ebid-ebay.com,1,True
https://www.ebaynon-ebay.com,1,True
https://www.ecraterebay.com,1,True
https://www.ebay-gumtree.com,1,True
https://www.amazone-ebay.com,1,True
https://www.paypalledebay.com,1,True
https://www.paypalled-ebay.com,1,True
https://www.craiglist-ebay.com,1,True
https://www.ebayrockauto.com,1,True
https://www.ebaybuy-it-now.com,1,True
https://www.paypallebay.com,1,True
https://www.rockauto-ebay.com,1,True
https://www.ebay-flippa.com,1,True
https://www.dhgateebay.com,1,True
https://www.ebay-play-asia.com,1,True
https://www.ebayabebooks.com,1,True
https://www.ebaykijiji.com,1,True
https://www.ebay-armslist.com,1,True
https://www.ebay-craigslists.com,1,True
https://www.cragslist-ebay.com,1,True
https://www.selligebay.com,1,True
https://www.artfireebay.com,1,True
https://www.marktplaats-ebay.com,1,True
https://www.rakuten-ebay.com,1,True
https://www.gumtreeebay.com,1,True
https://www.alibris-ebay.com,1,True
https://www.powersellersebay.com,1,True
https://www.paypall-ebay.com,1,True
https://www.ebay-newegg.com,1,True
https://www.ebaybanggood.com,1,True
https://www.ebay-cragslist.com,1,True
https://www.fleebayebay.com,1,True
https://www.ebay-ubid.com,1,True
https://www.non-ebayebay.com,1,True
https://www.flippaebay.com,1,True
https://www.ebay-aquabid.com,1,True
https://www.aliexpress-ebay.com,1,True
https://www.ebayalibris.com,1,True
https://www.ebay-aliexpress.com,1,True
https://www.ebayjoblot.com,1,True
https://www.ebayecrater.com,1,True
https://www.ebayexpansys.com,1,True
https://www.tradera-ebay.com,1,True
https://www.rockautoebay.com,1,True
https://www.ebay.non-ebay.com,1,True
https://www.ebidebay.com,1,True
https://www.flippa-ebay.com,1,True
https://www.paypalsebay.com,1,True
https://www.joblotebay.com,1,True
https://www.ebay-digikey.com,1,True
https://www.armslist-ebay.com,1,True
https://www.aquabid-ebay.com,1,True
https://www.expansysebay.com,1,True
https://www.ebayarmslist.com,1,True
https://www.ecrater-ebay.com,1,True
https://www.ebay-fleebay.com,1,True
https://www.ebay-rockauto.com,1,True
https://www.ebaydealextreme.com,1,True
https://www.ebay-digi-key.com,1,True
https://www.ebaynewegg.com,1,True
https://www.buy-it-nowebay.com,1,True
https://www.ebay-paypalled.com,1,True
https://www.ebaysellig.com,1,True
https://www.ebay-powersellers.com,1,True
https://www.paypal.paypalled.com/au/web/apps,1,True
https://www.ebay-joblot.com,1,True
https://www.abebooksebay.com,1,True
https://www.ebayartfire.com,1,True
https://www.paypal.paypalled.com/au/web/apps,1,True
https://www.ebayoutnet.com,1,True
https://www.abebooks-ebay.com,1,True
https://www.artfire-ebay.com,1,True
https://www.ebay-tradera.com,1,True
https://www.ebaycragslist.com,1,True
https://www.ebay-marktplaats.com,1,True
https://www.itfau.com,1,True
https://www.itauq.com,1,True
http://www.abcsadcb.com,1,True
http://www.advadcb.com,1,True
http://www.adanadcb.com,1,True
http://www.advcb.com/en/islamic,1,True
http://www.adcb-adj.com,1,True
http://www.adcb-dace.com,1,True
https://www.it1au.com,1,True
http://www.adcbadvt.com,1,True
http://www.daub-adcb.com,1,True
http://www.adcbadv.com,1,True
http://www.arbadcb.com,1,True
http://www.acct-adcb.com,1,True
http://www.adcbdub.com,1,True
http://www.adcb-agcy.com,1,True
http://www.adcbagcy.com,1,True
http://www.adcbw.com,1,True
http://www.adze-adcb.com,1,True
https://www.i5tau.com,1,True
http://www.adcb-ahab.com,1,True
http://www.adasadcb.com,1,True
http://www.adoadcb.com,1,True
http://www.adaadcb.com,1,True
https://www.itzau.com,1,True
http://www.abcs-adcb.com,1,True
http://www.adecb.com/en/islamic,1,True
http://www.abbadcb.com,1,True
http://www.adcbq.com,1,True
http://www.adcb-adv.com,1,True
http://www.adcbaden.com,1,True
http://www.arcs-adcb.com,1,True
http://www.adcb-aden.com,1,True
https://www.ita1u.com,1,True
http://www.adcbadar.com,1,True
http://www.abb-adcb.com,1,True
http://www.ahab-adcb.com,1,True
http://www.adcbagcy.com,1,True
http://www.adcb-ahab.com,1,True
http://www.adas-adcb.com,1,True
http://www.abb-adcb.com,1,True
http://www.adcbdace.com,1,True
http://www.aschadcb.com,1,True
http://www.agcy-adcb.com,1,True
https://www.itauw.com,1,True
http://www.adcbabib.com,1,True
http://www.adcb-adan.com,1,True
http://www.alb-adcb.com,1,True
https://www.i4au.com,1,True
http://www.adcb-agcy.com,1,True
http://www.adcbdace.com,1,True
https://www.itauy.com,1,True
http://www.dabadcb.com,1,True
http://www.adcb-dace.com,1,True
http://www.adcb-arcs.com,1,True
http://www.adit-adcb.com,1,True
http://www.adcbadj.com,1,True
http://www.adcbarb.com,1,True
http://www.adcbdob.com,1,True
http://www.adv-adcb.com,1,True
http://www.abib-adcb.com,1,True
http://www.dab-adcb.com,1,True
http://www.adcbadm.com,1,True
https://www.itaud.com,1,True
http://www.adcbalb.com,1,True
http://www.abibadcb.com,1,True
http://www.arcs-adcb.com,1,True
http://www.adcbi.com,1,True
https://www.iztau.com,1,True
http://www.adcbadvt.com,1,True
http://www.adcbi.com,1,True
http://www.adcbadze.com,1,True
http://www.aschadcb.com,1,True
http://www.adcbz.com,1,True
http://www.adcb-adar.com,1,True
http://www.dub-adcb.com,1,True
http://www.daub-adcb.com,1,True
http://www.adcb-daub.com,1,True
http://www.dib-adcb.com,1,True
http://www.adcbasch.com,1,True
http://www.arbadcb.com,1,True
http://www.adcb-adm.com,1,True
http://www.adcb-adj.com,1,True
http://www.acct-adcb.com,1,True
http://www.adcb-abcs.com,1,True
http://www.adaradcb.com,1,True
http://www.adcb-ado.com,1,True
http://www.adcbx.com,1,True
http://www.adan-adcb.com,1,True
http://www.adcb-arcs.com,1,True
http://www.abcsadcb.com,1,True
http://www.adm-adcb.com,1,True
https://www.iytau.com,1,True
http://www.adenadcb.com,1,True
http://www.adjadcb.com,1,True
http://www.adcbahab.com,1,True
http://www.adcbadm.com,1,True
http://www.adcbw.com,1,True
http://www.adas-adcb.com,1,True
http://www.abbadcb.com,1,True
http://www.adcbacct.com,1,True
http://www.adcdb.com/en/islamic,1,True
http://www.adcbadas.com,1,True
http://www.adcby.com,1,True
http://www.dibadcb.com,1,True
https://www.itauf.com,1,True
http://www.advadcb.com,1,True
http://www.adcbarcs.com,1,True
https://www.itwau.com,1,True
http://www.adcbx.com,1,True
http://www.adcb-dib.com,1,True
http://www.arcsadcb.com,1,True
http://www.albadcb.com,1,True
http://www.adanadcb.com,1,True
http://www.adcbalb.com,1,True
http://www.acctadcb.com,1,True
http://www.advt-adcb.com,1,True
http://www.adcb-aden.com,1,True
http://www.adcb-adv.com,1,True
http://www.adv-adcb.com,1,True
http://www.arb-adcb.com,1,True
https://www.ityau.com,1,True
http://www.adcb-dub.com,1,True
http://www.adcb-adas.com,1,True
http://www.adcbdeb.com,1,True
http://www.adze-adcb.com,1,True
http://www.adasadcb.com,1,True
https://www.itaue.com,1,True
http://www.adcbdob.com,1,True
http://www.adcb-daub.com,1,True
http://www.agcyadcb.com,1,True
http://www.adcbarb.com,1,True
http://www.advt-adcb.com,1,True
http://www.dobadcb.com,1,True
http://www.adzeadcb.com,1,True
https://www.itauc.com,1,True
http://www.adcbq.com,1,True
http://www.adzeadcb.com,1,True
http://www.adcbh.com,1,True
http://www.dib-adcb.com,1,True
http://www.adcbz.com,1,True
http://www.adcbabib.com,1,True
http://www.adcby.com,1,True
http://www.adcbdub.com,1,True
http://www.adcbabcs.com,1,True
http://www.adcbx.com,1,True
http://www.adcb-abib.com,1,True
http://www.agcy-adcb.com,1,True
http://www.abcs-adcb.com,1,True
https://www.itqau.com,1,True
http://www.adcb-adan.com,1,True
http://www.ado-adcb.com,1,True
http://www.adm-adcb.com,1,True
http://www.adcb-dab.com,1,True
http://www.adjadcb.com,1,True
http://www.adcbaden.com,1,True
http://www.adcbabcs.com,1,True
https://www.it5au.com,1,True
http://www.adcb-adze.com,1,True
http://www.adcb-dob.com,1,True
http://www.adcb-adas.com,1,True
http://www.advtadcb.com,1,True
http://www.adj-adcb.com,1,True
http://www.adcb-advt.com,1,True
http://www.albadcb.com,1,True
http://www.aditadcb.com,1,True
http://www.adcbv.com,1,True
http://www.adcbada.com,1,True
http://www.daubadcb.com,1,True
http://www.dace-adcb.com,1,True
http://www.adcb-ado.com,1,True
http://www.aditadcb.com,1,True
http://www.adcbadit.com,1,True
http://www.arb-adcb.com,1,True
http://www.dab-adcb.com,1,True
http://www.adcxb.com/en/islamic,1,True
http://www.asci-adcb.com,1,True
http://www.asci-adcb.com,1,True
http://www.adcb-arb.com,1,True
http://www.adj-adcb.com,1,True
http://www.adcb-asci.com,1,True
http://www.adcb-dub.com,1,True
http://www.adenadcb.com,1,True
http://www.adcbdib.com,1,True
http://www.adcbadze.com,1,True
http://www.adcb-dib.com,1,True
http://www.adfcb.com/en/islamic,1,True
http://www.dace-adcb.com,1,True
http://www.dubadcb.com,1,True
https://www.ita-u.com,1,True
http://www.adcbdaub.com,1,True
http://www.advtadcb.com,1,True
http://www.adcbo.com,1,True
http://www.agcyadcb.com,1,True
http://www.adaradcb.com,1,True
http://www.adcb-advt.com,1,True
http://www.deb-adcb.com,1,True
http://www.adcbw.com,1,True
http://www.adcbv.com,1,True
http://www.adcbabb.com,1,True
http://www.dibadcb.com,1,True
http://www.adcb-ada.com,1,True
http://www.admadcb.com,1,True
http://www.adxcb.com/en/islamic,1,True
http://www.adcb-asch.com,1,True
http://www.daceadcb.com,1,True
http://www.adcby.com,1,True
http://www.dub-adcb.com,1,True
http://www.debadcb.com,1,True
http://www.adan-adcb.com,1,True
http://www.afdcb.com/en/islamic,1,True
http://www.adcb-abb.com,1,True
http://www.adcbdeb.com,1,True
http://www.adar-adcb.com,1,True
http://www.adcbdib.com,1,True
http://www.adcbdaub.com,1,True
http://www.adcbo.com,1,True
http://www.adcbado.com,1,True
http://www.adcb-asci.com,1,True
http://www.adcbarcs.com,1,True
http://www.a-dcb.com/en/islamic,1,True
http://www.adcb-adcb.com,1,True
http://www.dabadcb.com,1,True
http://www.dubadcb.com,1,True
http://www.adcbado.com,1,True
http://www.adcbz.com,1,True
https://www.itauz.com,1,True
http://www.abib-adcb.com,1,True
http://www.adcb-acct.com,1,True
http://www.adcbadar.com,1,True
http://www.adar-adcb.com,1,True
http://www.abibadcb.com,1,True
http://www.dob-adcb.com,1,True
http://www.adcbadas.com,1,True
http://www.adcb-adm.com,1,True
http://www.ada-adcb.com,1,True
http://www.adcb-adcb.com,1,True
http://www.adcb-adar.com,1,True
http://www.adcbv.com,1,True
http://www.dob-adcb.com,1,True
http://www.adcbdab.com,1,True
http://www.adcb-adit.com,1,True
https://www.it6au.com,1,True
http://www.adcbacct.com,1,True
http://www.ahabadcb.com,1,True
http://www.adcb-alb.com,1,True
http://www.dobadcb.com,1,True
http://www.adcbahab.com,1,True
http://www.adcbi.com,1,True
http://www.adcb-ada.com,1,True
http://www.adcbo.com,1,True
http://www.adcbadit.com,1,True
http://www.adcbasch.com,1,True
http://www.adcb-deb.com,1,True
http://www.ado-adcb.com,1,True
http://www.adcbdab.com,1,True
http://www.adcb-arb.com,1,True
http://www.adoadcb.com,1,True
http://www.adcbadj.com,1,True
http://www.adcbq.com,1,True
https://www.itauj.com,1,True
http://www.alb-adcb.com,1,True
http://www.ahab-adcb.com,1,True
http://www.adcb-acct.com,1,True
http://www.adcb-adze.com,1,True
http://www.adcbabb.com,1,True
http://www.adcb-deb.com,1,True
http://www.arcsadcb.com,1,True
http://www.adcb-alb.com,1,True
http://www.adcb-adit.com,1,True
http://www.adcbadv.com,1,True
http://www.adc-b.com/en/islamic,1,True
http://www.adcbasci.com,1,True
http://www.adaadcb.com,1,True
http://www.adcbasci.com,1,True
http://www.adcbadan.com,1,True
http://www.asciadcb.com,1,True
http://www.asch-adcb.com,1,True
http://www.daceadcb.com,1,True
http://www.asch-adcb.com,1,True
http://www.ada-adcb.com,1,True
http://www.ahabadcb.com,1,True
http://www.adcb-abcs.com,1,True
http://www.adcbadan.com,1,True
http://www.aden-adcb.com,1,True
http://www.adcb-abb.com,1,True
http://www.adcb-abib.com,1,True
https://www.itau-itau.com,1,True
http://www.adcvb.com/en/islamic,1,True
http://www.adcb-asch.com,1,True
http://www.adcbh.com,1,True
http://www.deb-adcb.com,1,True
https://www.igtau.com,1,True
http://www.adcbada.com,1,True
http://www.asciadcb.com,1,True
http://www.adit-adcb.com,1,True
http://www.adcb-dob.com,1,True
http://www.adcbh.com,1,True
https://www.i6tau.com,1,True
http://www.aden-adcb.com,1,True
http://www.acctadcb.com,1,True
http://www.adcb-dab.com,1,True
http://www.debadcb.com,1,True
http://www.daubadcb.com,1,True
http://www.adcfb.com/en/islamic,1,True
http://www.admadcb.com,1,True
http://www.adcb-abb.com,1,True
http://www.advadcb.com,1,True
http://www.adcbadj.com,1,True
http://www.alb-adcb.com,1,True
http://www.adcb-adv.com,1,True
http://www.adecb.com/en/islamic,1,True
http://www.dobadcb.com,1,True
http://www.adcb-adj.com,1,True
http://www.adoadcb.com,1,True
http://www.adar-adcb.com,1,True
http://www.abcsadcb.com,1,True
http://www.adcbadvt.com,1,True
http://www.adcb-adm.com,1,True
http://www.advtadcb.com,1,True
http://www.abbadcb.com,1,True
http://www.adjadcb.com,1,True
http://www.adcbagcy.com,1,True
http://www.adaadcb.com,1,True
http://www.adcbi.com,1,True
http://www.arcsadcb.com,1,True
http://www.adcb-dab.com,1,True
http://www.abb-adcb.com,1,True
http://www.adcb-asch.com,1,True
http://www.adcbasch.com,1,True
http://www.adm-adcb.com,1,True
http://www.adcbdab.com,1,True
http://www.adcb-dib.com,1,True
http://www.adcbahab.com,1,True
http://www.adcbadar.com,1,True
http://www.adcbq.com,1,True
http://www.acctadcb.com,1,True
http://www.dub-adcb.com,1,True
http://www.adcb-aden.com,1,True
http://www.adcbdub.com,1,True
http://www.adcb-abcs.com,1,True
http://www.adcbado.com,1,True
http://www.adv-adcb.com,1,True
http://www.adaradcb.com,1,True
http://www.adcb-arcs.com,1,True
http://www.adcb-deb.com,1,True
http://www.adcbabcs.com,1,True
http://www.adecb.com/en/islamic,1,True
http://www.afdcb.com/en/islamic,1,True
http://www.daubadcb.com,1,True
http://www.aden-adcb.com,1,True
http://www.adcb-abib.com,1,True
http://www.adcb-adze.com,1,True
http://www.adcb-abib.com,1,True
http://www.adcbaden.com,1,True
http://www.agcyadcb.com,1,True
http://www.adcbasci.com,1,True
http://www.asch-adcb.com,1,True
http://www.aden-adcb.com,1,True
http://www.adit-adcb.com,1,True
http://www.adcb-adj.com,1,True
http://www.ahabadcb.com,1,True
http://www.albadcb.com,1,True
http://www.adcfb.com/en/islamic,1,True
http://www.adj-adcb.com,1,True
http://www.dibadcb.com,1,True
http://www.adecb.com/en/islamic,1,True
http://www.adcbadas.com,1,True
http://www.adcbadv.com,1,True
http://www.asci-adcb.com,1,True
http://www.ado-adcb.com,1,True
http://www.adcb-asci.com,1,True
http://www.admadcb.com,1,True
http://www.adcbaden.com,1,True
http://www.debadcb.com,1,True
http://www.dubadcb.com,1,True
http://www.adcbdeb.com,1,True
http://www.adj-adcb.com,1,True
http://www.ahab-adcb.com,1,True
http://www.adcb-arb.com,1,True
http://www.adcbadvt.com,1,True
http://www.dab-adcb.com,1,True
http://www.adcbarb.com,1,True
http://www.adcbadm.com,1,True
http://www.adcbdob.com,1,True
http://www.advt-adcb.com,1,True
http://www.abib-adcb.com,1,True
http://www.adcb-dab.com,1,True
http://www.adcb-daub.com,1,True
http://www.a-dcb.com/en/islamic,1,True
http://www.adcby.com,1,True
http://www.adcbadze.com,1,True
http://www.adcb-advt.com,1,True
http://www.adcbabb.com,1,True
http://www.admadcb.com,1,True
http://www.dace-adcb.com,1,True
http://www.adcbacct.com,1,True
http://www.deb-adcb.com,1,True
http://www.acct-adcb.com,1,True
http://www.adcb-ahab.com,1,True
http://www.adcbadas.com,1,True
http://www.adcb-adit.com,1,True
http://www.daub-adcb.com,1,True
http://www.adoadcb.com,1,True
http://www.adcbasci.com,1,True
http://www.adan-adcb.com,1,True
http://www.adcbadm.com,1,True
http://www.adenadcb.com,1,True
http://www.dob-adcb.com,1,True
http://www.adcb-alb.com,1,True
http://www.adcb-adar.com,1,True
http://www.advcb.com/en/islamic,1,True
http://www.albadcb.com,1,True
http://www.adcbabcs.com,1,True
http://www.adcb-agcy.com,1,True
http://www.dub-adcb.com,1,True
http://www.adcb-abb.com,1,True
http://www.adcbarb.com,1,True
http://www.adcb-abb.com,1,True
http://www.adit-adcb.com,1,True
http://www.adcbo.com,1,True
http://www.adcb-dub.com,1,True
http://www.adcvb.com/en/islamic,1,True
http://www.adcb-daub.com,1,True
http://www.adcbadv.com,1,True
http://www.adcxb.com/en/islamic,1,True
http://www.adcbalb.com,1,True
http://www.advt-adcb.com,1,True
http://www.adcb-ada.com,1,True
http://www.daceadcb.com,1,True
http://www.albadcb.com,1,True
http://www.adanadcb.com,1,True
http://www.adcbadit.com,1,True
http://www.adcdb.com/en/islamic,1,True
http://www.adcbarcs.com,1,True
http://www.agcy-adcb.com,1,True
http://www.adcbalb.com,1,True
http://www.asci-adcb.com,1,True
http://www.adcb-dob.com,1,True
http://www.adcbacct.com,1,True
http://www.adcbdace.com,1,True
http://www.arcs-adcb.com,1,True
http://www.adcb-dub.com,1,True
http://www.adcbi.com,1,True
http://www.ado-adcb.com,1,True
http://www.adv-adcb.com,1,True
http://www.adcbadan.com,1,True
http://www.adcbh.com,1,True
http://www.adfcb.com/en/islamic,1,True
http://www.adcb-abcs.com,1,True
http://www.adcbdib.com,1,True
http://www.daceadcb.com,1,True
http://www.adcvb.com/en/islamic,1,True
http://www.adcbacct.com,1,True
http://www.ada-adcb.com,1,True
http://www.dibadcb.com,1,True
http://www.adcb-aden.com,1,True
http://www.adcbadv.com,1,True
http://www.adcbagcy.com,1,True
http://www.adcbdeb.com,1,True
http://www.alb-adcb.com,1,True
http://www.dabadcb.com,1,True
http://www.adcb-alb.com,1,True
http://www.adc-b.com/en/islamic,1,True
http://www.adcbadj.com,1,True
http://www.adcbdob.com,1,True
http://www.adjadcb.com,1,True
http://www.adcdb.com/en/islamic,1,True
http://www.adcb-adm.com,1,True
http://www.adcbdace.com,1,True
http://www.asciadcb.com,1,True
http://www.arcs-adcb.com,1,True
http://www.adcb-ado.com,1,True
http://www.adcbalb.com,1,True
http://www.adcbdab.com,1,True
http://www.afdcb.com/en/islamic,1,True
http://www.adzeadcb.com,1,True
http://www.adxcb.com/en/islamic,1,True
http://www.adcbdaub.com,1,True
http://www.advcb.com/en/islamic,1,True
http://www.adcbadze.com,1,True
http://www.alb-adcb.com,1,True
http://www.adcbadan.com,1,True
http://www.adcbadar.com,1,True
http://www.adze-adcb.com,1,True
http://www.adcb-dib.com,1,True
http://www.adas-adcb.com,1,True
http://www.adcbw.com,1,True
http://www.adcb-deb.com,1,True
http://www.adcbarcs.com,1,True
http://www.adcb-adm.com,1,True
http://www.adcb-dub.com,1,True
http://www.abibadcb.com,1,True
http://www.dubadcb.com,1,True
http://www.adcbdub.com,1,True
http://www.adcb-dace.com,1,True
http://www.dab-adcb.com,1,True
http://www.adcb-dob.com,1,True
http://www.adcbabib.com,1,True
http://www.adc-b.com/en/islamic,1,True
http://www.adcb-agcy.com,1,True
http://www.adcbabib.com,1,True
http://www.dib-adcb.com,1,True
http://www.dabadcb.com,1,True
http://www.dace-adcb.com,1,True
http://www.adcb-adan.com,1,True
http://www.adcb-adcb.com,1,True
http://www.adcxb.com/en/islamic,1,True
http://www.arb-adcb.com,1,True
http://www.adcb-adas.com,1,True
http://www.agcyadcb.com,1,True
http://www.ada-adcb.com,1,True
http://www.ada-adcb.com,1,True
http://www.adcb-ada.com,1,True
http://www.adcb-deb.com,1,True
http://www.adcbadit.com,1,True
http://www.acctadcb.com,1,True
http://www.adcbadm.com,1,True
http://www.adcbdub.com,1,True
http://www.admadcb.com,1,True
http://www.adenadcb.com,1,True
http://www.adcbada.com,1,True
http://www.arb-adcb.com,1,True
http://www.aschadcb.com,1,True
http://www.ahab-adcb.com,1,True
http://www.adcb-acct.com,1,True
http://www.adcbabb.com,1,True
http://www.abcs-adcb.com,1,True
http://www.agcy-adcb.com,1,True
http://www.asciadcb.com,1,True
http://www.adcb-ado.com,1,True
http://www.adcbw.com,1,True
http://www.adaradcb.com,1,True
http://www.adcfb.com/en/islamic,1,True
http://www.adm-adcb.com,1,True
http://www.adfcb.com/en/islamic,1,True
http://www.adcbada.com,1,True
http://www.adcby.com,1,True
http://www.daubadcb.com,1,True
http://www.adcbahab.com,1,True
http://www.abib-adcb.com,1,True
http://www.adcb-advt.com,1,True
http://www.advtadcb.com,1,True
http://www.adcb-adj.com,1,True
http://www.deb-adcb.com,1,True
http://www.adcb-dob.com,1,True
http://www.adcbo.com,1,True
http://www.adcfb.com/en/islamic,1,True
http://www.adcb-alb.com,1,True
http://www.adcbasch.com,1,True
http://www.adcbarb.com,1,True
http://www.adcbdeb.com,1,True
http://www.adcb-arb.com,1,True
http://www.adcb-acct.com,1,True
http://www.adc-b.com/en/islamic,1,True
http://www.advadcb.com,1,True
http://www.adxcb.com/en/islamic,1,True
http://www.adcbdib.com,1,True
http://www.aditadcb.com,1,True
http://www.adasadcb.com,1,True
http://www.aden-adcb.com,1,True
http://www.adcbahab.com,1,True
http://www.adaadcb.com,1,True
http://www.debadcb.com,1,True
http://www.adcbdab.com,1,True
http://www.adcb-ahab.com,1,True
http://www.adcbx.com,1,True
http://www.adcbdaub.com,1,True
http://www.adcb-aden.com,1,True
http://www.adan-adcb.com,1,True
http://www.adcbado.com,1,True
http://www.adcb-adcb.com,1,True
http://www.adcb-ada.com,1,True
http://www.adcb-dace.com,1,True
http://www.abcs-adcb.com,1,True
http://www.adcb-asch.com,1,True
http://www.arbadcb.com,1,True
http://www.ado-adcb.com,1,True
http://www.arbadcb.com,1,True
http://www.daub-adcb.com,1,True
http://www.adcdb.com/en/islamic,1,True
http://www.debadcb.com,1,True
http://www.ahab-adcb.com,1,True
http://www.adanadcb.com,1,True
http://www.abibadcb.com,1,True
http://www.ahabadcb.com,1,True
http://www.advcb.com/en/islamic,1,True
http://www.aschadcb.com,1,True
http://www.adcb-adze.com,1,True
http://www.adcb-arcs.com,1,True
http://www.acctadcb.com,1,True
http://www.adas-adcb.com,1,True
http://www.adcbz.com,1,True
http://www.a-dcb.com/en/islamic,1,True
http://www.adcbabb.com,1,True
http://www.adjadcb.com,1,True
http://www.adcb-adit.com,1,True
http://www.acct-adcb.com,1,True
http://www.abb-adcb.com,1,True
http://www.asch-adcb.com,1,True
http://www.dobadcb.com,1,True
http://www.adze-adcb.com,1,True
http://www.adcb-dab.com,1,True
http://www.adasadcb.com,1,True
http://www.adcb-ahab.com,1,True
http://www.adcbdob.com,1,True
http://www.adzeadcb.com,1,True
http://www.adfcb.com/en/islamic,1,True
http://www.arb-adcb.com,1,True
http://www.adcbabcs.com,1,True
http://www.abbadcb.com,1,True
http://www.adcbadj.com,1,True
http://www.adaadcb.com,1,True
http://www.adcbada.com,1,True
http://www.adj-adcb.com,1,True
http://www.dob-adcb.com,1,True
http://www.adcxb.com/en/islamic,1,True
http://www.adcbarcs.com,1,True
http://www.abcs-adcb.com,1,True
http://www.a-dcb.com/en/islamic,1,True
http://www.adenadcb.com,1,True
http://www.afdcb.com/en/islamic,1,True
http://www.adcb-asci.com,1,True
http://www.adv-adcb.com,1,True
http://www.arbadcb.com,1,True
http://www.dubadcb.com,1,True
http://www.dub-adcb.com,1,True
http://www.adcb-adas.com,1,True
http://www.adcbx.com,1,True
http://www.adcbv.com,1,True
http://www.dab-adcb.com,1,True
http://www.adoadcb.com,1,True
http://www.dobadcb.com,1,True
http://www.acct-adcb.com,1,True
http://www.adcb-arb.com,1,True
http://www.arcs-adcb.com,1,True
http://www.adcbq.com,1,True
http://www.abcsadcb.com,1,True
http://www.adcb-arcs.com,1,True
http://www.advadcb.com,1,True
http://www.adcb-acct.com,1,True
http://www.adcb-abcs.com,1,True
http://www.adcbaden.com,1,True
http://www.adcbado.com,1,True
http://www.dib-adcb.com,1,True
http://www.abcsadcb.com,1,True
http://www.adcbh.com,1,True
http://www.adcbz.com,1,True
http://www.adcb-ado.com,1,True
http://www.dob-adcb.com,1,True
http://www.abbadcb.com,1,True
http://www.adm-adcb.com,1,True
http://www.abb-adcb.com,1,True
http://www.deb-adcb.com,1,True
http://www.adxcb.com/en/islamic,1,True
http://www.adcvb.com/en/islamic,1,True
http://www.adcb-adan.com,1,True
http://www.arcsadcb.com,1,True
http://www.arcsadcb.com,1,True
http://www.adcbv.com,1,True
http://www.adar-adcb.com,1,True
http://www.adcb-adv.com,1,True
http://www.dabadcb.com,1,True
http://www.adcb-adv.com,1,True
http://www.aditadcb.com,1,True
http://www.adcb-adar.com,1,True
http://www.adcbadze.com,1,True
http://www.adcb-asch.com,1,True
http://www.adcbdib.com,1,True
http://www.adcb-agcy.com,1,True
http://www.asch-adcb.com,1,True
http://www.dace-adcb.com,1,True
http://www.adcb-adas.com,1,True
http://www.adar-adcb.com,1,True
http://www.adcbo.com,1,True
http://www.adcb-abib.com,1,True
http://www.adcb-adm.com,1,True
http://www.adcvb.com/en/islamic,1,True
http://www.dobadcb.com,1,True
http://www.advcb.com/en/islamic,1,True
http://www.adcbv.com,1,True
http://www.adcbabib.com,1,True
http://www.adasadcb.com,1,True
http://www.adcbadar.com,1,True
http://www.acct-adcb.com,1,True
http://www.advtadcb.com,1,True
http://www.adcb-daub.com,1,True
http://www.adcbdaub.com,1,True
http://www.adcbx.com,1,True
http://www.adcbasch.com,1,True
http://www.adcbadvt.com,1,True
http://www.adcbagcy.com,1,True
http://www.adit-adcb.com,1,True
http://www.arcsadcb.com,1,True
http://www.adcb-adan.com,1,True
http://www.daceadcb.com,1,True
http://www.adcb-ada.com,1,True
http://www.a-dcb.com/en/islamic,1,True
http://www.adaradcb.com,1,True
http://www.adcbadvt.com,1,True
http://www.adenadcb.com,1,True
http://www.dibadcb.com,1,True
http://www.adcb-adze.com,1,True
http://www.adcbadas.com,1,True
http://www.adcb-adar.com,1,True
http://www.adcbarcs.com,1,True
http://www.adm-adcb.com,1,True
http://www.albadcb.com,1,True
http://www.adcbabcs.com,1,True
http://www.asch-adcb.com,1,True
http://www.dub-adcb.com,1,True
http://www.adaadcb.com,1,True
http://www.adm-adcb.com,1,True
http://www.adcbdace.com,1,True
http://www.adcbh.com,1,True
http://www.adzeadcb.com,1,True
http://www.adcbadze.com,1,True
http://www.adzeadcb.com,1,True
http://www.adcbasci.com,1,True
http://www.adcbdab.com,1,True
http://www.adas-adcb.com,1,True
http://www.adv-adcb.com,1,True
http://www.adas-adcb.com,1,True
http://www.dob-adcb.com,1,True
http://www.dace-adcb.com,1,True
http://www.adcbadvt.com,1,True
http://www.asci-adcb.com,1,True
http://www.adcb-dub.com,1,True
http://www.adcb-abib.com,1,True
http://www.afdcb.com/en/islamic,1,True
http://www.dabadcb.com,1,True
http://www.adcbdib.com,1,True
http://www.adcbdib.com,1,True
http://www.adcbz.com,1,True
http://www.adcbadit.com,1,True
http://www.ahabadcb.com,1,True
http://www.adcbacct.com,1,True
http://www.adcxb.com/en/islamic,1,True
http://www.dib-adcb.com,1,True
http://www.adcb-dib.com,1,True
http://www.adcbadan.com,1,True
http://www.adcb-asci.com,1,True
http://www.adcbadar.com,1,True
http://www.asci-adcb.com,1,True
http://www.adcbi.com,1,True
http://www.adcvb.com/en/islamic,1,True
http://www.daubadcb.com,1,True
http://www.adcb-dace.com,1,True
http://www.adcbadas.com,1,True
http://www.adcbdob.com,1,True
http://www.adcb-arcs.com,1,True
http://www.dob-adcb.com,1,True
http://www.adjadcb.com,1,True
http://www.adcb-adj.com,1,True
http://www.adcb-adas.com,1,True
http://www.ado-adcb.com,1,True
http://www.dibadcb.com,1,True
http://www.adcbadv.com,1,True
http://www.dab-adcb.com,1,True
http://www.adze-adcb.com,1,True
http://www.adcbarb.com,1,True
http://www.arcs-adcb.com,1,True
http://www.adcb-adit.com,1,True
http://www.adan-adcb.com,1,True
http://www.adcb-dab.com,1,True
http://www.adcbadze.com,1,True
http://www.adit-adcb.com,1,True
http://www.aditadcb.com,1,True
http://www.adcbagcy.com,1,True
http://www.adcbx.com,1,True
http://www.adcbada.com,1,True
http://www.daceadcb.com,1,True
http://www.adcbdob.com,1,True
http://www.adcbz.com,1,True
http://www.adcbo.com,1,True
http://www.abcsadcb.com,1,True
http://www.adcb-adv.com,1,True
http://www.acct-adcb.com,1,True
http://www.advadcb.com,1,True
http://www.adanadcb.com,1,True
http://www.adaradcb.com,1,True
http://www.adcbahab.com,1,True
http://www.adcb-alb.com,1,True
http://www.adcbq.com,1,True
http://www.abcs-adcb.com,1,True
http://www.adcbdeb.com,1,True
http://www.abbadcb.com,1,True
http://www.arbadcb.com,1,True
http://www.adcb-asci.com,1,True
http://www.adcb-abb.com,1,True
http://www.abib-adcb.com,1,True
http://www.adcb-dub.com,1,True
http://www.abibadcb.com,1,True
http://www.adcbdace.com,1,True
http://www.adze-adcb.com,1,True
http://www.aschadcb.com,1,True
http://www.adcb-advt.com,1,True
http://www.adcbaden.com,1,True
http://www.dib-adcb.com,1,True
http://www.advtadcb.com,1,True
http://www.adcby.com,1,True
http://www.adcbdeb.com,1,True
http://www.alb-adcb.com,1,True
http://www.admadcb.com,1,True
http://www.adcb-asch.com,1,True
http://www.adcbagcy.com,1,True
http://www.adcbasch.com,1,True
http://www.ahab-adcb.com,1,True
http://www.adcbabb.com,1,True
http://www.adcb-dab.com,1,True
http://www.adcb-adze.com,1,True
http://www.dib-adcb.com,1,True
http://www.deb-adcb.com,1,True
http://www.adcb-adan.com,1,True
http://www.adcb-dace.com,1,True
http://www.adcb-adcb.com,1,True
http://www.adan-adcb.com,1,True
http://www.adan-adcb.com,1,True
http://www.adfcb.com/en/islamic,1,True
http://www.adit-adcb.com,1,True
http://www.aschadcb.com,1,True
http://www.asciadcb.com,1,True
http://www.adcb-adar.com,1,True
http://www.adc-b.com/en/islamic,1,True
http://www.abb-adcb.com,1,True
http://www.afdcb.com/en/islamic,1,True
http://www.adoadcb.com,1,True
http://www.dub-adcb.com,1,True
http://www.adcb-acct.com,1,True
http://www.adcby.com,1,True
http://www.adaradcb.com,1,True
http://www.adcb-advt.com,1,True
http://www.advt-adcb.com,1,True
http://www.abcsadcb.com,1,True
http://www.adcbabb.com,1,True
http://www.dubadcb.com,1,True
http://www.adjadcb.com,1,True
http://www.adcdb.com/en/islamic,1,True
http://www.ahabadcb.com,1,True
http://www.adcb-agcy.com,1,True
http://www.adcb-adv.com,1,True
http://www.adenadcb.com,1,True
http://www.adcb-alb.com,1,True
http://www.daub-adcb.com,1,True
http://www.adasadcb.com,1,True
http://www.adcb-arb.com,1,True
http://www.aden-adcb.com,1,True
http://www.abbadcb.com,1,True
http://www.adcb-ado.com,1,True
http://www.adcbadar.com,1,True
http://www.adasadcb.com,1,True
http://www.advt-adcb.com,1,True
http://www.dobadcb.com,1,True
http://www.asciadcb.com,1,True
http://www.adcbado.com,1,True
http://www.adcbi.com,1,True
http://www.adcbadj.com,1,True
http://www.adcb-daub.com,1,True
http://www.adcb-dib.com,1,True
http://www.adj-adcb.com,1,True
http://www.dace-adcb.com,1,True
http://www.adxcb.com/en/islamic,1,True
http://www.adcbq.com,1,True
http://www.advcb.com/en/islamic,1,True
http://www.abib-adcb.com,1,True
http://www.adcbdace.com,1,True
http://www.deb-adcb.com,1,True
http://www.arbadcb.com,1,True
http://www.abib-adcb.com,1,True
http://www.adxcb.com/en/islamic,1,True
http://www.abibadcb.com,1,True
http://www.adcbaden.com,1,True
http://www.adaadcb.com,1,True
http://www.adcb-dob.com,1,True
http://www.adar-adcb.com,1,True
http://www.adcbadit.com,1,True
http://www.ada-adcb.com,1,True
http://www.agcy-adcb.com,1,True
http://www.adcbdub.com,1,True
http://www.asch-adcb.com,1,True
http://www.adanadcb.com,1,True
http://www.ahabadcb.com,1,True
http://www.daubadcb.com,1,True
http://www.abcs-adcb.com,1,True
http://www.adcb-dob.com,1,True
http://www.adcb-adan.com,1,True
http://www.adcxb.com/en/islamic,1,True
http://www.daubadcb.com,1,True
http://www.adcbdaub.com,1,True
http://www.daceadcb.com,1,True
http://www.dabadcb.com,1,True
http://www.aden-adcb.com,1,True
http://www.adcb-adm.com,1,True
http://www.adcbahab.com,1,True
http://www.adcb-ado.com,1,True
http://www.adcb-ada.com,1,True
http://www.adcb-aden.com,1,True
http://www.ada-adcb.com,1,True
http://www.adcbadj.com,1,True
http://www.adcbadas.com,1,True
http://www.agcyadcb.com,1,True
http://www.asciadcb.com,1,True
http://www.adcbalb.com,1,True
http://www.adcbabcs.com,1,True
http://www.adcbadan.com,1,True
http://www.adcbacct.com,1,True
http://www.adcbabib.com,1,True
http://www.adcb-adit.com,1,True
http://www.adze-adcb.com,1,True
http://www.adcb-aden.com,1,True
http://www.ado-adcb.com,1,True
http://www.adcbada.com,1,True
http://www.adcbabib.com,1,True
http://www.adcbasci.com,1,True
http://www.agcyadcb.com,1,True
http://www.abibadcb.com,1,True
http://www.adcfb.com/en/islamic,1,True
http://www.adecb.com/en/islamic,1,True
http://www.adcb-deb.com,1,True
http://www.adv-adcb.com,1,True
http://www.daub-adcb.com,1,True
http://www.advt-adcb.com,1,True
http://www.arb-adcb.com,1,True
http://www.dab-adcb.com,1,True
http://www.adcb-arb.com,1,True
http://www.adcbadv.com,1,True
http://www.a-dcb.com/en/islamic,1,True
http://www.adzeadcb.com,1,True
http://www.adecb.com/en/islamic,1,True
http://www.ahab-adcb.com,1,True
http://www.adcbasci.com,1,True
http://www.aditadcb.com,1,True
http://www.dibadcb.com,1,True
http://www.agcy-adcb.com,1,True
http://www.debadcb.com,1,True
http://www.adoadcb.com,1,True
http://www.adcb-adit.com,1,True
http://www.adcb-adas.com,1,True
http://www.abb-adcb.com,1,True
http://www.adcbasch.com,1,True
http://www.acctadcb.com,1,True
http://www.adcbadan.com,1,True
http://www.arcsadcb.com,1,True
http://www.adcb-ahab.com,1,True
http://www.alb-adcb.com,1,True
http://www.asci-adcb.com,1,True
http://www.adcb-acct.com,1,True
http://www.adcbdub.com,1,True
http://www.adcbw.com,1,True
http://www.aditadcb.com,1,True
http://www.admadcb.com,1,True
http://www.adcbalb.com,1,True
http://www.adfcb.com/en/islamic,1,True
http://www.adcb-adar.com,1,True
http://www.agcy-adcb.com,1,True
http://www.adcb-asch.com,1,True
http://www.arcs-adcb.com,1,True
http://www.adcbarb.com,1,True
http://www.adcbv.com,1,True
http://www.adcbdaub.com,1,True
http://www.adcb-agcy.com,1,True
http://www.agcyadcb.com,1,True
http://www.adanadcb.com,1,True
http://www.adcb-adcb.com,1,True
http://www.dubadcb.com,1,True
http://www.aschadcb.com,1,True
http://www.adcbado.com,1,True
http://www.adcb-daub.com,1,True
http://www.adcbarcs.com,1,True
http://www.advtadcb.com,1,True
http://www.adcdb.com/en/islamic,1,True
http://www.adcb-asci.com,1,True
http://www.adcbadit.com,1,True
http://www.adj-adcb.com,1,True
http://www.adcb-adj.com,1,True
http://www.adcb-ahab.com,1,True
http://www.adar-adcb.com,1,True
http://www.adcbw.com,1,True
http://www.adcb-dace.com,1,True
http://www.adcbadm.com,1,True
http://www.albadcb.com,1,True
http://www.arb-adcb.com,1,True
http://www.acctadcb.com,1,True
http://www.adcb-dib.com,1,True
http://www.adcbadm.com,1,True
http://www.adcb-abib.com,1,True
http://www.adcb-abb.com,1,True
http://www.daub-adcb.com,1,True
http://www.debadcb.com,1,True
http://www.advadcb.com,1,True
http://www.adcfb.com/en/islamic,1,True
http://www.adcbdab.com,1,True
http://www.adcbh.com,1,True
http://www.adcb-deb.com,1,True
http://www.adcb-adze.com,1,True
http://www.adcb-arcs.com,1,True
http://www.adc-b.com/en/islamic,1,True
http://www.adcb-advt.com,1,True
http://www.adcb-abcs.com,1,True
http://www.adas-adcb.com,1,True
http://www.adcb-abcs.com,1,True
http://www.dib-adcb.com,1,True
http://www.ahabadcb.com,1,True
http://www.adcbo.com,1,True
http://www.dubadcb.com,1,True
http://www.adcbacct.com,1,True
http://www.adcdb.com/en/islamic,1,True
http://www.adcb-adan.com,1,True
http://www.adcb-adar.com,1,True
http://www.adcby.com,1,True
http://www.adanadcb.com,1,True
http://www.adcbdab.com,1,True
http://www.adcbada.com,1,True
http://www.afdcb.com/en/islamic,1,True
http://www.dab-adcb.com,1,True
http://www.ahab-adcb.com,1,True
http://www.adcb-dib.com,1,True
http://www.a-dcb.com/en/islamic,1,True
http://www.adcbadan.com,1,True
http://www.adzeadcb.com,1,True
http://www.acctadcb.com,1,True
http://www.adm-adcb.com,1,True
http://www.adcb-dab.com,1,True
http://www.adcxb.com/en/islamic,1,True
http://www.adenadcb.com,1,True
http://www.adcbv.com,1,True
http://www.adcbx.com,1,True
http://www.adcb-ado.com,1,True
http://www.admadcb.com,1,True
http://www.adcb-ada.com,1,True
http://www.adit-adcb.com,1,True
http://www.adcbadm.com,1,True
http://www.adcbabib.com,1,True
http://www.adcbarb.com,1,True
http://www.adcbh.com,1,True
http://www.acct-adcb.com,1,True
http://www.adcbaden.com,1,True
http://www.adecb.com/en/islamic,1,True
http://www.adaradcb.com,1,True
http://www.acctadcb.com,1,True
http://www.adcbahab.com,1,True
http://www.dubadcb.com,1,True
http://www.adcb-adcb.com,1,True
http://www.adcb-ahab.com,1,True
http://www.adfcb.com/en/islamic,1,True
http://www.adxcb.com/en/islamic,1,True
http://www.debadcb.com,1,True
http://www.adcb-advt.com,1,True
http://www.adcbdaub.com,1,True
http://www.adaadcb.com,1,True
http://www.agcy-adcb.com,1,True
http://www.adcb-abb.com,1,True
http://www.adcbq.com,1,True
http://www.adcbdob.com,1,True
http://www.advcb.com/en/islamic,1,True
http://www.dibadcb.com,1,True
http://www.adc-b.com/en/islamic,1,True
http://www.adcbdub.com,1,True
http://www.adcbdib.com,1,True
http://www.adaadcb.com,1,True
http://www.adcbdub.com,1,True
http://www.agcyadcb.com,1,True
http://www.dub-adcb.com,1,True
http://www.deb-adcb.com,1,True
http://www.adcb-asci.com,1,True
http://www.adcbv.com,1,True
http://www.adcbz.com,1,True
http://www.adcb-adj.com,1,True
http://www.adcb-adm.com,1,True
http://www.dub-adcb.com,1,True
http://www.adcb-alb.com,1,True
http://www.adcbada.com,1,True
http://www.adcb-adze.com,1,True
http://www.adcb-adas.com,1,True
http://www.adcb-adm.com,1,True
http://www.adcbabib.com,1,True
http://www.adas-adcb.com,1,True
http://www.adcbadar.com,1,True
http://www.adcbasch.com,1,True
http://www.adcbadvt.com,1,True
http://www.adcvb.com/en/islamic,1,True
http://www.adcb-daub.com,1,True
http://www.adcbabb.com,1,True
http://www.adcbabb.com,1,True
http://www.advt-adcb.com,1,True
http://www.adcbadv.com,1,True
http://www.adcb-abb.com,1,True
http://www.adcb-acct.com,1,True
http://www.ada-adcb.com,1,True
http://www.dabadcb.com,1,True
http://www.advtadcb.com,1,True
http://www.aschadcb.com,1,True
http://www.adcbadze.com,1,True
http://www.adoadcb.com,1,True
http://www.adcb-adit.com,1,True
http://www.adcb-adj.com,1,True
http://www.adj-adcb.com,1,True
http://www.ado-adcb.com,1,True
http://www.adcb-dub.com,1,True
http://www.adenadcb.com,1,True
http://www.adcbadit.com,1,True
http://www.adas-adcb.com,1,True
http://www.adoadcb.com,1,True
http://www.adcbalb.com,1,True
http://www.advt-adcb.com,1,True
http://www.adasadcb.com,1,True
http://www.abb-adcb.com,1,True
http://www.adm-adcb.com,1,True
http://www.dab-adcb.com,1,True
http://www.adcb-dub.com,1,True
http://www.adcbadvt.com,1,True
http://www.deb-adcb.com,1,True
http://www.abbadcb.com,1,True
http://www.adcbw.com,1,True
http://www.adcb-arcs.com,1,True
http://www.adaradcb.com,1,True
http://www.adze-adcb.com,1,True
http://www.adcbabb.com,1,True
http://www.arcs-adcb.com,1,True
http://www.adj-adcb.com,1,True
http://www.adcbo.com,1,True
http://www.abbadcb.com,1,True
http://www.adcbahab.com,1,True
http://www.adcbz.com,1,True
http://www.ahab-adcb.com,1,True
http://www.adcbw.com,1,True
http://www.adcb-ada.com,1,True
http://www.adcbado.com,1,True
http://www.abb-adcb.com,1,True
http://www.daub-adcb.com,1,True
http://www.adcbadj.com,1,True
http://www.adcb-adit.com,1,True
http://www.ada-adcb.com,1,True
http://www.arbadcb.com,1,True
http://www.adcb-deb.com,1,True
http://www.dubadcb.com,1,True
http://www.adjadcb.com,1,True
http://www.abibadcb.com,1,True
http://www.adc-b.com/en/islamic,1,True
http://www.adcb-dub.com,1,True
http://www.adcbi.com,1,True
http://www.adcbalb.com,1,True
http://www.dob-adcb.com,1,True
http://www.adcb-abib.com,1,True
http://www.dib-adcb.com,1,True
http://www.albadcb.com,1,True
http://www.adcbagcy.com,1,True
http://www.adj-adcb.com,1,True
http://www.aditadcb.com,1,True
http://www.adasadcb.com,1,True
http://www.dobadcb.com,1,True
http://www.aschadcb.com,1,True
http://www.abcs-adcb.com,1,True
http://www.adaadcb.com,1,True
http://www.adcb-asch.com,1,True
http://www.adcbabcs.com,1,True
http://www.dub-adcb.com,1,True
http://www.adcbabcs.com,1,True
http://www.adcb-adze.com,1,True
http://www.aden-adcb.com,1,True
http://www.adcbadm.com,1,True
http://www.adcby.com,1,True
http://www.adar-adcb.com,1,True
http://www.adcb-agcy.com,1,True
http://www.adcbadan.com,1,True
http://www.adcbq.com,1,True
http://www.adcb-dob.com,1,True
http://www.adcbw.com,1,True
http://www.advadcb.com,1,True
http://www.adcbagcy.com,1,True
http://www.adcb-arb.com,1,True
http://www.adcb-ado.com,1,True
http://www.abib-adcb.com,1,True
http://www.adv-adcb.com,1,True
http://www.adcb-adj.com,1,True
http://www.adar-adcb.com,1,True
http://www.adcb-asch.com,1,True
http://www.agcy-adcb.com,1,True
http://www.adcby.com,1,True
http://www.adcbdob.com,1,True
http://www.arcsadcb.com,1,True
http://www.adcb-adcb.com,1,True
http://www.ado-adcb.com,1,True
http://www.agcyadcb.com,1,True
http://www.adcb-agcy.com,1,True
http://www.adcbadj.com,1,True
http://www.adcbadv.com,1,True
http://www.adcbacct.com,1,True
http://www.adcbdace.com,1,True
http://www.adcb-abb.com,1,True
http://www.adcbado.com,1,True
http://www.dabadcb.com,1,True
http://www.adcbahab.com,1,True
http://www.abbadcb.com,1,True
http://www.dibadcb.com,1,True
http://www.adcbdeb.com,1,True
http://www.arbadcb.com,1,True
http://www.adjadcb.com,1,True
http://www.adcbq.com,1,True
http://www.adcb-adv.com,1,True
http://www.abibadcb.com,1,True
http://www.daub-adcb.com,1,True
http://www.adv-adcb.com,1,True
http://www.adcb-deb.com,1,True
http://www.adcbadm.com,1,True
http://www.adcb-aden.com,1,True
http://www.asci-adcb.com,1,True
http://www.daceadcb.com,1,True
http://www.adcbarcs.com,1,True
http://www.adcb-dace.com,1,True
http://www.adcbabcs.com,1,True
http://www.adcbz.com,1,True
http://www.adcbacct.com,1,True
http://www.adcbh.com,1,True
http://www.acct-adcb.com,1,True
http://www.adcbalb.com,1,True
http://www.adcb-abcs.com,1,True
http://www.daceadcb.com,1,True
http://www.adcbv.com,1,True
http://www.advtadcb.com,1,True
http://www.adcbarb.com,1,True
http://www.arbadcb.com,1,True
http://www.abib-adcb.com,1,True
http://www.adcb-daub.com,1,True
http://www.adxcb.com/en/islamic,1,True
http://www.adcbh.com,1,True
http://www.adcb-adar.com,1,True
http://www.daubadcb.com,1,True
http://www.abcsadcb.com,1,True
http://www.asciadcb.com,1,True
http://www.adanadcb.com,1,True
http://www.adcxb.com/en/islamic,1,True
http://www.adenadcb.com,1,True
http://www.adcbdace.com,1,True
http://www.adcb-dace.com,1,True
http://www.adcbada.com,1,True
http://www.adcfb.com/en/islamic,1,True
http://www.adcb-adv.com,1,True
http://www.adcbadas.com,1,True
http://www.adcb-dab.com,1,True
http://www.aditadcb.com,1,True
http://www.arcsadcb.com,1,True
http://www.adcbadit.com,1,True
http://www.adcfb.com/en/islamic,1,True
http://www.adfcb.com/en/islamic,1,True
http://www.dace-adcb.com,1,True
http://www.adcbdaub.com,1,True
http://www.admadcb.com,1,True
http://www.adcbx.com,1,True
http://www.adv-adcb.com,1,True
http://www.adcbadv.com,1,True
http://www.adcb-abcs.com,1,True
http://www.a-dcb.com/en/islamic,1,True
http://www.adcb-arcs.com,1,True
http://www.asciadcb.com,1,True
http://www.adcb-dob.com,1,True
http://www.arcs-adcb.com,1,True
http://www.daubadcb.com,1,True
http://www.arcs-adcb.com,1,True
http://www.adcb-acct.com,1,True
http://www.adcb-ahab.com,1,True
http://www.adecb.com/en/islamic,1,True
http://www.alb-adcb.com,1,True
http://www.adcb-abib.com,1,True
http://www.adcb-acct.com,1,True
http://www.abcs-adcb.com,1,True
http://www.adcbadze.com,1,True
http://www.arb-adcb.com,1,True
http://www.adcbdab.com,1,True
http://www.adm-adcb.com,1,True
http://www.abcsadcb.com,1,True
http://www.asch-adcb.com,1,True
http://www.adcbado.com,1,True
http://www.adcb-arb.com,1,True
http://www.adcbarcs.com,1,True
http://www.afdcb.com/en/islamic,1,True
http://www.adcb-adas.com,1,True
http://www.adcb-ahab.com,1,True
http://www.abcs-adcb.com,1,True
http://www.dob-adcb.com,1,True
http://www.advcb.com/en/islamic,1,True
http://www.adcbdeb.com,1,True
http://www.adcb-aden.com,1,True
http://www.albadcb.com,1,True
http://www.adcb-adcb.com,1,True
http://www.advadcb.com,1,True
http://www.adcbi.com,1,True
http://www.dobadcb.com,1,True
http://www.adze-adcb.com,1,True
http://www.dace-adcb.com,1,True
http://www.adcbadj.com,1,True
http://www.adcb-adv.com,1,True
http://www.adcb-advt.com,1,True
http://www.adcbi.com,1,True
http://www.adcb-dab.com,1,True
http://www.adcbx.com,1,True
http://www.acctadcb.com,1,True
http://www.adcbarcs.com,1,True
http://www.adan-adcb.com,1,True
http://www.admadcb.com,1,True
http://www.adan-adcb.com,1,True
http://www.alb-adcb.com,1,True
http://www.advadcb.com,1,True
http://www.debadcb.com,1,True
http://www.dab-adcb.com,1,True
http://www.adcb-alb.com,1,True
http://www.dabadcb.com,1,True
http://www.adcb-alb.com,1,True
http://www.asci-adcb.com,1,True
http://www.adzeadcb.com,1,True
http://www.albadcb.com,1,True
http://www.adcb-ado.com,1,True
http://www.abcsadcb.com,1,True
http://www.adcvb.com/en/islamic,1,True
http://www.dob-adcb.com,1,True
http://www.adcbasci.com,1,True
http://www.adcbo.com,1,True
http://www.adoadcb.com,1,True
http://www.adcbdeb.com,1,True
http://www.dobadcb.com,1,True
http://www.adcb-abcs.com,1,True
http://www.arcsadcb.com,1,True
http://www.adcbarb.com,1,True
http://www.adit-adcb.com,1,True
http://www.ahab-adcb.com,1,True
http://www.adcbaden.com,1,True
http://www.adcbadar.com,1,True
http://www.aden-adcb.com,1,True
http://www.adjadcb.com,1,True
http://www.arb-adcb.com,1,True
http://www.ado-adcb.com,1,True
http://www.adcb-deb.com,1,True
http://www.aden-adcb.com,1,True
http://www.arb-adcb.com,1,True
http://www.adcbdob.com,1,True
http://www.abb-adcb.com,1,True
http://www.adcb-adan.com,1,True
http://www.adcb-arb.com,1,True
http://www.adcb-aden.com,1,True
http://www.adcb-dob.com,1,True
http://www.adcbdub.com,1,True
http://www.adcbasch.com,1,True
http://www.debadcb.com,1,True
http://www.alb-adcb.com,1,True
http://www.adcb-asci.com,1,True
http://www.adcbadas.com,1,True
http://www.deb-adcb.com,1,True
http://www.adcdb.com/en/islamic,1,True
http://www.ada-adcb.com,1,True
http://www.adcb-adm.com,1,True
http://www.adcb-ada.com,1,True
http://www.adcbdab.com,1,True
http://www.adcbaden.com,1,True
http://www.adcb-arcs.com,1,True
http://www.adcb-dib.com,1,True
http://www.acct-adcb.com,1,True
http://www.ahabadcb.com,1,True
http://www.adcbdib.com,1,True
http://www.asch-adcb.com,1,True
http://www.adcbasci.com,1,True
http://www.daceadcb.com,1,True
http://www.asciadcb.com,1,True
http://www.asch-adcb.com,1,True
http://www.adan-adcb.com,1,True
http://www.dibadcb.com,1,True
http://www.adcbdib.com,1,True
http://www.adcbado.com,1,True
http://www.adcbadan.com,1,True
http://www.adcb-dib.com,1,True
http://www.ahabadcb.com,1,True
http://www.aschadcb.com,1,True
http://www.adcbasch.com,1,True
http://www.adcb-adas.com,1,True
http://www.debadcb.com,1,True
http://www.adcbdob.com,1,True
http://www.adcbadze.com,1,True
http://www.adze-adcb.com,1,True
http://www.agcyadcb.com,1,True
http://www.adoadcb.com,1,True
http://www.adfcb.com/en/islamic,1,True
http://www.daubadcb.com,1,True
http://www.acctadcb.com,1,True
http://www.abib-adcb.com,1,True
http://www.adjadcb.com,1,True
http://www.adcb-alb.com,1,True
http://www.adasadcb.com,1,True
http://www.adcb-advt.com,1,True
http://www.adcb-abb.com,1,True
http://www.afdcb.com/en/islamic,1,True
http://www.adcbadas.com,1,True
http://www.adcbalb.com,1,True
http://www.adcb-dace.com,1,True
http://www.adcb-arb.com,1,True
http://www.abbadcb.com,1,True
http://www.ado-adcb.com,1,True
http://www.adcbadar.com,1,True
http://www.adcb-adan.com,1,True
http://www.advt-adcb.com,1,True
http://www.adcb-asch.com,1,True
http://www.adecb.com/en/islamic,1,True
http://www.adcb-ada.com,1,True
http://www.arbadcb.com,1,True
http://www.adcbdace.com,1,True
http://www.arb-adcb.com,1,True
http://www.adcbahab.com,1,True
http://www.daub-adcb.com,1,True
http://www.adcbw.com,1,True
http://www.adcdb.com/en/islamic,1,True
http://www.adcb-aden.com,1,True
http://www.adcb-abcs.com,1,True
http://www.adcbdace.com,1,True
http://www.aden-adcb.com,1,True
http://www.albadcb.com,1,True
http://www.adcbv.com,1,True
http://www.adcb-adit.com,1,True
http://www.abcsadcb.com,1,True
http://www.abb-adcb.com,1,True
http://www.adcbh.com,1,True
http://www.dib-adcb.com,1,True
http://www.adcb-ahab.com,1,True
http://www.adcbdaub.com,1,True
http://www.advtadcb.com,1,True
http://www.adaradcb.com,1,True
http://www.abb-adcb.com,1,True
http://www.adcbalb.com,1,True
http://www.dab-adcb.com,1,True
http://www.adcbadv.com,1,True
http://www.adcbadit.com,1,True
http://www.adcbabib.com,1,True
http://www.adcbdib.com,1,True
http://www.adfcb.com/en/islamic,1,True
http://www.adcbz.com,1,True
http://www.adcbadj.com,1,True
http://www.adar-adcb.com,1,True
http://www.adcb-adv.com,1,True
http://www.dabadcb.com,1,True
http://www.adcb-adan.com,1,True
http://www.adaradcb.com,1,True
http://www.adcb-adm.com,1,True
http://www.adenadcb.com,1,True
http://www.dob-adcb.com,1,True
http://www.adanadcb.com,1,True
http://www.adcb-asci.com,1,True
http://www.adcbv.com,1,True
http://www.dub-adcb.com,1,True
http://www.adcb-ada.com,1,True
http://www.adcbdob.com,1,True
http://www.deb-adcb.com,1,True
http://www.asciadcb.com,1,True
http://www.adcb-deb.com,1,True
http://www.adcby.com,1,True
http://www.albadcb.com,1,True
http://www.adc-b.com/en/islamic,1,True
http://www.asci-adcb.com,1,True
http://www.adcbabb.com,1,True
http://www.adenadcb.com,1,True
http://www.dubadcb.com,1,True
http://www.adcb-adv.com,1,True
http://www.adcbz.com,1,True
http://www.adcb-dab.com,1,True
http://www.adcbdub.com,1,True
http://www.acct-adcb.com,1,True
http://www.admadcb.com,1,True
http://www.adcb-deb.com,1,True
http://www.advtadcb.com,1,True
http://www.adcbdaub.com,1,True
http://www.abibadcb.com,1,True
http://www.adcb-asci.com,1,True
http://www.daceadcb.com,1,True
http://www.adcb-adcb.com,1,True
http://www.adcbdeb.com,1,True
http://www.adcbadar.com,1,True
http://www.abbadcb.com,1,True
http://www.aden-adcb.com,1,True
http://www.adcb-acct.com,1,True
http://www.adcb-adze.com,1,True
http://www.dubadcb.com,1,True
http://www.adaadcb.com,1,True
http://www.adcb-alb.com,1,True
http://www.dib-adcb.com,1,True
http://www.daubadcb.com,1,True
http://www.aditadcb.com,1,True
http://www.adcb-dace.com,1,True
http://www.adcvb.com/en/islamic,1,True
http://www.ado-adcb.com,1,True
http://www.adcb-agcy.com,1,True
http://www.daub-adcb.com,1,True
http://www.adcbdab.com,1,True
http://www.adasadcb.com,1,True
http://www.adcbadas.com,1,True
http://www.dibadcb.com,1,True
http://www.adcbadj.com,1,True
http://www.adcb-dob.com,1,True
http://www.adcb-asci.com,1,True
http://www.adcb-adcb.com,1,True
http://www.adcb-abib.com,1,True
http://www.abcs-adcb.com,1,True
http://www.adar-adcb.com,1,True
http://www.adecb.com/en/islamic,1,True
http://www.adcb-ado.com,1,True
http://www.adcby.com,1,True
http://www.adj-adcb.com,1,True
http://www.acct-adcb.com,1,True
http://www.ahab-adcb.com,1,True
http://www.adm-adcb.com,1,True
http://www.adit-adcb.com,1,True
http://www.dub-adcb.com,1,True
http://www.adcbarb.com,1,True
http://www.dobadcb.com,1,True
http://www.abcsadcb.com,1,True
http://www.asci-adcb.com,1,True
http://www.adan-adcb.com,1,True
http://www.adcb-advt.com,1,True
http://www.agcy-adcb.com,1,True
http://www.adaradcb.com,1,True
http://www.daub-adcb.com,1,True
http://www.adcfb.com/en/islamic,1,True
http://www.ada-adcb.com,1,True
http://www.adcb-adit.com,1,True
http://www.adcb-asch.com,1,True
http://www.adcbadze.com,1,True
http://www.asch-adcb.com,1,True
http://www.adv-adcb.com,1,True
http://www.agcy-adcb.com,1,True
http://www.adcdb.com/en/islamic,1,True
http://www.adcb-aden.com,1,True
http://www.adcb-advt.com,1,True
http://www.adcb-ado.com,1,True
http://www.adcb-ahab.com,1,True
http://www.adcb-adj.com,1,True
http://www.adcb-arcs.com,1,True
http://www.adcbw.com,1,True
http://www.adcb-dab.com,1,True
http://www.arb-adcb.com,1,True
http://www.asci-adcb.com,1,True
http://www.advadcb.com,1,True
http://www.adcbadvt.com,1,True
http://www.adcb-dob.com,1,True
http://www.adze-adcb.com,1,True
http://www.adzeadcb.com,1,True
http://www.adcb-daub.com,1,True
http://www.advtadcb.com,1,True
http://www.adaadcb.com,1,True
http://www.adcxb.com/en/islamic,1,True
http://www.adcb-daub.com,1,True
http://www.adcbarcs.com,1,True
http://www.adcb-adze.com,1,True
http://www.arcsadcb.com,1,True
http://www.adcxb.com/en/islamic,1,True
http://www.advcb.com/en/islamic,1,True
http://www.dace-adcb.com,1,True
http://www.advt-adcb.com,1,True
http://www.adcbadm.com,1,True
http://www.adcbaden.com,1,True
http://www.adcbdeb.com,1,True
http://www.adcbasch.com,1,True
http://www.adan-adcb.com,1,True
http://www.adcbabcs.com,1,True
http://www.adcbdace.com,1,True
http://www.admadcb.com,1,True
http://www.adcbx.com,1,True
http://www.adcbabcs.com,1,True
http://www.adcb-adas.com,1,True
http://www.adar-adcb.com,1,True
http://www.adm-adcb.com,1,True
http://www.dace-adcb.com,1,True
http://www.adxcb.com/en/islamic,1,True
http://www.aschadcb.com,1,True
http://www.adcb-adit.com,1,True
http://www.ahabadcb.com,1,True
http://www.adcbo.com,1,True
http://www.afdcb.com/en/islamic,1,True
http://www.adas-adcb.com,1,True
http://www.adxcb.com/en/islamic,1,True
http://www.adcfb.com/en/islamic,1,True
http://www.asciadcb.com,1,True
http://www.adcbagcy.com,1,True
http://www.aditadcb.com,1,True
http://www.advcb.com/en/islamic,1,True
http://www.adcbadar.com,1,True
http://www.ada-adcb.com,1,True
http://www.adcbadm.com,1,True
http://www.alb-adcb.com,1,True
http://www.adcbabib.com,1,True
http://www.adcbh.com,1,True
http://www.adzeadcb.com,1,True
http://www.adcbada.com,1,True
http://www.adcbi.com,1,True
http://www.adcbacct.com,1,True
http://www.arcs-adcb.com,1,True
http://www.adit-adcb.com,1,True
http://www.a-dcb.com/en/islamic,1,True
http://www.adcbado.com,1,True
http://www.asch-adcb.com,1,True
http://www.ahabadcb.com,1,True
http://www.adcb-abib.com,1,True
http://www.arcs-adcb.com,1,True
http://www.adcbagcy.com,1,True
http://www.adcb-adar.com,1,True
http://www.aditadcb.com,1,True
http://www.adcb-adar.com,1,True
http://www.adcbdaub.com,1,True
http://www.adcbo.com,1,True
http://www.adcb-dib.com,1,True
http://www.adcb-adm.com,1,True
http://www.adcbarb.com,1,True
http://www.adc-b.com/en/islamic,1,True
http://www.adcb-adan.com,1,True
http://www.adcb-agcy.com,1,True
http://www.daceadcb.com,1,True
http://www.agcyadcb.com,1,True
http://www.adcbadan.com,1,True
http://www.daubadcb.com,1,True
http://www.debadcb.com,1,True
http://www.adcb-asch.com,1,True
http://www.dobadcb.com,1,True
http://www.adcb-abib.com,1,True
http://www.adcbaden.com,1,True
http://www.adcbadv.com,1,True
http://www.adcbada.com,1,True
http://www.adjadcb.com,1,True
http://www.adcbadvt.com,1,True
http://www.adas-adcb.com,1,True
http://www.adas-adcb.com,1,True
http://www.deb-adcb.com,1,True
http://www.adcbadvt.com,1,True
http://www.adj-adcb.com,1,True
http://www.adcbx.com,1,True
http://www.adcbasch.com,1,True
http://www.dibadcb.com,1,True
http://www.adcbabib.com,1,True
http://www.adcb-dub.com,1,True
http://www.dib-adcb.com,1,True
http://www.adcbarcs.com,1,True
http://www.adcbadze.com,1,True
http://www.ahab-adcb.com,1,True
http://www.abib-adcb.com,1,True
http://www.arcsadcb.com,1,True
http://www.abib-adcb.com,1,True
http://www.adv-adcb.com,1,True
http://www.adcb-adj.com,1,True
http://www.agcyadcb.com,1,True
http://www.adcbasci.com,1,True
http://www.dace-adcb.com,1,True
http://www.adcb-adze.com,1,True
http://www.adcb-arcs.com,1,True
http://www.adcbasci.com,1,True
http://www.adanadcb.com,1,True
http://www.adcb-abcs.com,1,True
http://www.abibadcb.com,1,True
http://www.adcb-adar.com,1,True
http://www.adcbdab.com,1,True
http://www.adcb-daub.com,1,True
http://www.advt-adcb.com,1,True
http://www.adcbq.com,1,True
http://www.adcb-dace.com,1,True
http://www.arbadcb.com,1,True
http://www.adasadcb.com,1,True
http://www.adcb-abb.com,1,True
http://www.adcbadit.com,1,True
http://www.agcy-adcb.com,1,True
http://www.adcbasci.com,1,True
http://www.adcb-dib.com,1,True
http://www.adcbacct.com,1,True
http://www.adcbq.com,1,True
http://www.adcvb.com/en/islamic,1,True
http://www.a-dcb.com/en/islamic,1,True
http://www.abibadcb.com,1,True
http://www.adcb-dub.com,1,True
http://www.adanadcb.com,1,True
http://www.adcbadas.com,1,True
http://www.adcbadan.com,1,True
http://www.adoadcb.com,1,True
http://www.adcbdub.com,1,True
http://www.adcbdib.com,1,True
http://www.adcb-acct.com,1,True
http://www.adcb-agcy.com,1,True
http://www.dob-adcb.com,1,True
http://www.adcbadit.com,1,True
http://www.adcbagcy.com,1,True
http://www.adcb-arb.com,1,True
http://www.aschadcb.com,1,True
http://www.adcbahab.com,1,True
http://www.adcbi.com,1,True
http://www.adit-adcb.com,1,True
http://www.adcb-adas.com,1,True
http://www.dab-adcb.com,1,True
http://www.acctadcb.com,1,True
http://www.advadcb.com,1,True
http://www.adze-adcb.com,1,True
http://www.dabadcb.com,1,True
http://www.abcs-adcb.com,1,True
http://www.alb-adcb.com,1,True
http://www.adcbabb.com,1,True
http://www.adzeadcb.com,1,True
http://www.adcbq.com,1,True
http://www.admadcb.com,1,True
http://www.adcbasch.com,1,True
http://www.adcb-dab.com,1,True
http://www.adcxb.com/en/islamic,1,True
http://www.adcbh.com,1,True
http://www.dab-adcb.com,1,True
http://www.adc-b.com/en/islamic,1,True
http://www.adas-adcb.com,1,True
http://www.adcb-ada.com,1,True
http://www.adanadcb.com,1,True
http://www.adcbadm.com,1,True
http://www.admadcb.com,1,True
http://www.abibadcb.com,1,True
http://www.ado-adcb.com,1,True
http://www.adcfb.com/en/islamic,1,True
http://www.adcb-abb.com,1,True
http://www.adj-adcb.com,1,True
http://www.adcbi.com,1,True
http://www.adcbadar.com,1,True
http://www.adcby.com,1,True
http://www.adcb-dub.com,1,True
http://www.adcbdeb.com,1,True
http://www.adaradcb.com,1,True
http://www.adcb-dace.com,1,True
http://www.adcbacct.com,1,True
http://www.dub-adcb.com,1,True
http://www.adar-adcb.com,1,True
http://www.adan-adcb.com,1,True
http://www.adcb-adv.com,1,True
http://www.albadcb.com,1,True
http://www.adcbdab.com,1,True
http://www.dibadcb.com,1,True
http://www.aschadcb.com,1,True
http://www.dubadcb.com,1,True
http://www.dab-adcb.com,1,True
http://www.adcb-adar.com,1,True
http://www.debadcb.com,1,True
http://www.adcbarcs.com,1,True
http://www.adasadcb.com,1,True
http://www.adcbo.com,1,True
http://www.adas-adcb.com,1,True
http://www.adcbdeb.com,1,True
http://www.adcb-adcb.com,1,True
http://www.dib-adcb.com,1,True
http://www.adcb-ada.com,1,True
http://www.abb-adcb.com,1,True
http://www.adcbasci.com,1,True
http://www.adcbalb.com,1,True
http://www.arcs-adcb.com,1,True
http://www.acct-adcb.com,1,True
http://www.adcb-asch.com,1,True
http://www.adoadcb.com,1,True
http://www.adcbw.com,1,True
http://www.adcbadan.com,1,True
http://www.deb-adcb.com,1,True
http://www.adcbo.com,1,True
http://www.adcbq.com,1,True
http://www.abb-adcb.com,1,True
http://www.adcb-adas.com,1,True
http://www.adecb.com/en/islamic,1,True
http://www.adcb-adm.com,1,True
http://www.adc-b.com/en/islamic,1,True
http://www.adcbada.com,1,True
http://www.afdcb.com/en/islamic,1,True
http://www.arcsadcb.com,1,True
http://www.a-dcb.com/en/islamic,1,True
http://www.adcb-abib.com,1,True
http://www.adaadcb.com,1,True
http://www.adcb-deb.com,1,True
http://www.adcb-adj.com,1,True
http://www.adcb-arcs.com,1,True
http://www.adcbado.com,1,True
http://www.adcb-adm.com,1,True
http://www.adjadcb.com,1,True
http://www.adcbz.com,1,True
http://www.adcb-dub.com,1,True
http://www.advcb.com/en/islamic,1,True
http://www.ahab-adcb.com,1,True
http://www.adcbdib.com,1,True
http://www.adcbadv.com,1,True
http://www.adcb-alb.com,1,True
http://www.adcb-deb.com,1,True
http://www.adcb-adcb.com,1,True
http://www.adcbdub.com,1,True
http://www.adcbdib.com,1,True
http://www.adcvb.com/en/islamic,1,True
http://www.asci-adcb.com,1,True
http://www.abib-adcb.com,1,True
http://www.adcb-acct.com,1,True
http://www.adzeadcb.com,1,True
http://www.adcb-adv.com,1,True
http://www.adcbarb.com,1,True
http://www.adcbx.com,1,True
http://www.adcby.com,1,True
http://www.adfcb.com/en/islamic,1,True
http://www.abbadcb.com,1,True
http://www.adcbh.com,1,True
http://www.adcbw.com,1,True
http://www.adcbabib.com,1,True
http://www.adcbasci.com,1,True
http://www.adcb-alb.com,1,True
http://www.aditadcb.com,1,True
http://www.abcs-adcb.com,1,True
http://www.dabadcb.com,1,True
http://www.adcb-arcs.com,1,True
http://www.acct-adcb.com,1,True
http://www.adjadcb.com,1,True
http://www.advtadcb.com,1,True
http://www.adenadcb.com,1,True
http://www.adcb-abcs.com,1,True
http://www.daceadcb.com,1,True
http://www.adcb-ado.com,1,True
http://www.adcb-abcs.com,1,True
http://www.adcbalb.com,1,True
http://www.adcb-adj.com,1,True
http://www.adaadcb.com,1,True
http://www.adcbadj.com,1,True
http://www.adcb-acct.com,1,True
http://www.acctadcb.com,1,True
http://www.adm-adcb.com,1,True
http://www.adzeadcb.com,1,True
http://www.adcb-adar.com,1,True
http://www.adcb-asci.com,1,True
http://www.adcdb.com/en/islamic,1,True
http://www.adcbadas.com,1,True
http://www.abibadcb.com,1,True
http://www.adcbdace.com,1,True
http://www.agcy-adcb.com,1,True
http://www.arbadcb.com,1,True
http://www.adcbadan.com,1,True
http://www.adze-adcb.com,1,True
http://www.adcb-adit.com,1,True
http://www.adcbdob.com,1,True
http://www.agcyadcb.com,1,True
http://www.adcbz.com,1,True
http://www.adan-adcb.com,1,True
http://www.adcbdob.com,1,True
http://www.adcbadm.com,1,True
http://www.ahab-adcb.com,1,True
http://www.daubadcb.com,1,True
http://www.dub-adcb.com,1,True
http://www.dubadcb.com,1,True
http://www.adcb-adze.com,1,True
http://www.adcbagcy.com,1,True
http://www.adcbadze.com,1,True
http://www.adcbaden.com,1,True
http://www.advt-adcb.com,1,True
http://www.adcbadit.com,1,True
http://www.adcb-dob.com,1,True
http://www.adcb-dab.com,1,True
http://www.adcbasch.com,1,True
http://www.adcbv.com,1,True
http://www.adcb-asch.com,1,True
http://www.adcbdab.com,1,True
http://www.aditadcb.com,1,True
http://www.ada-adcb.com,1,True
http://www.abcs-adcb.com,1,True
http://www.adv-adcb.com,1,True
http://www.adaradcb.com,1,True
http://www.abbadcb.com,1,True
http://www.adcbacct.com,1,True
http://www.adcb-ado.com,1,True
http://www.adcb-adit.com,1,True
http://www.adcb-adcb.com,1,True
http://www.daub-adcb.com,1,True
http://www.adcfb.com/en/islamic,1,True
http://www.adar-adcb.com,1,True
http://www.adcbabib.com,1,True
http://www.adcb-adas.com,1,True
http://www.afdcb.com/en/islamic,1,True
http://www.asci-adcb.com,1,True
http://www.advtadcb.com,1,True
http://www.adcb-aden.com,1,True
http://www.adcbadze.com,1,True
http://www.ahabadcb.com,1,True
http://www.adxcb.com/en/islamic,1,True
http://www.adcb-adze.com,1,True
http://www.arcsadcb.com,1,True
http://www.advadcb.com,1,True
http://www.adcb-arb.com,1,True
http://www.advcb.com/en/islamic,1,True
http://www.adecb.com/en/islamic,1,True
http://www.dib-adcb.com,1,True
http://www.arb-adcb.com,1,True
http://www.adcbdaub.com,1,True
http://www.albadcb.com,1,True
http://www.adcbabcs.com,1,True
http://www.adcb-advt.com,1,True
http://www.adcb-advt.com,1,True
http://www.aden-adcb.com,1,True
http://www.adcbahab.com,1,True
http://www.adcb-adan.com,1,True
http://www.adcbdaub.com,1,True
http://www.adcb-dace.com,1,True
http://www.adcbadas.com,1,True
http://www.adcb-asci.com,1,True
http://www.adv-adcb.com,1,True
http://www.abcsadcb.com,1,True
http://www.adasadcb.com,1,True
http://www.aden-adcb.com,1,True
http://www.advt-adcb.com,1,True
http://www.adm-adcb.com,1,True
http://www.adcb-daub.com,1,True
http://www.adcbadj.com,1,True
http://www.asciadcb.com,1,True
http://www.daub-adcb.com,1,True
http://www.asciadcb.com,1,True
http://www.adcb-adan.com,1,True
http://www.adanadcb.com,1,True
http://www.adcbarcs.com,1,True
http://www.adze-adcb.com,1,True
http://www.adcbabcs.com,1,True
http://www.agcyadcb.com,1,True
http://www.adcbarb.com,1,True
http://www.adcbado.com,1,True
http://www.adit-adcb.com,1,True
http://www.adcbx.com,1,True
http://www.a-dcb.com/en/islamic,1,True
http://www.alb-adcb.com,1,True
http://www.asch-adcb.com,1,True
http://www.adcbabb.com,1,True
http://www.ado-adcb.com,1,True
http://www.adcb-daub.com,1,True
http://www.daceadcb.com,1,True
http://www.adcbi.com,1,True
http://www.adcb-dob.com,1,True
http://www.adcbdub.com,1,True
http://www.adcdb.com/en/islamic,1,True
http://www.dabadcb.com,1,True
http://www.adcb-arb.com,1,True
http://www.adcb-agcy.com,1,True
http://www.dibadcb.com,1,True
http://www.adcbadar.com,1,True
http://www.adit-adcb.com,1,True
http://www.adcb-aden.com,1,True
http://www.arcs-adcb.com,1,True
http://www.debadcb.com,1,True
http://www.ahabadcb.com,1,True
http://www.adcbada.com,1,True
http://www.abib-adcb.com,1,True
http://www.adcb-dib.com,1,True
http://www.daubadcb.com,1,True
http://www.adcxb.com/en/islamic,1,True
http://www.ada-adcb.com,1,True
http://www.dace-adcb.com,1,True
http://www.adcbadv.com,1,True
http://www.adcbdace.com,1,True
http://www.adcb-ahab.com,1,True
http://www.adcb-agcy.com,1,True
http://www.aschadcb.com,1,True
http://www.adcvb.com/en/islamic,1,True
http://www.adcbaden.com,1,True
http://www.adj-adcb.com,1,True
http://www.adcb-dib.com,1,True
http://www.adcbadvt.com,1,True
http://www.arbadcb.com,1,True
http://www.adcb-ahab.com,1,True
http://www.alb-adcb.com,1,True
http://www.adxcb.com/en/islamic,1,True
http://www.adcbadvt.com,1,True
http://www.abcsadcb.com,1,True
http://www.adcbv.com,1,True
http://www.adcbahab.com,1,True
http://www.dob-adcb.com,1,True
http://www.adcbadit.com,1,True
http://www.adcbagcy.com,1,True
http://www.dace-adcb.com,1,True
http://www.acctadcb.com,1,True
http://www.agcy-adcb.com,1,True
http://www.arb-adcb.com,1,True
http://www.adoadcb.com,1,True
http://www.nainitablank.co.in/english/home.aspx,1,True
http://www.asch-adcb.com,1,True
http://www.advadcb.com,1,True
http://www.dobadcb.com,1,True
http://www.dob-adcb.com,1,True
http://www.adfcb.com/en/islamic,1,True
http://www.adcbabb.com,1,True
http://www.naonitalbank.co.in/english/home.aspx,1,True
http://www.nainitalbanke.co.in/english/home.aspx,1,True
http://www.nainittalbank.co.in/english/home.aspx,1,True
http://www.nainiatlbank.co.in/english/home.aspx,1,True
http://www.naanitalbank.co.in/english/home.aspx,1,True
http://www.na.initalbank.co.in/english/home.aspx,1,True
http://www.naintialbank.co.in/english/home.aspx,1,True
http://www.nainitalbankj.co.in/english/home.aspx,1,True
http://www.nainitalbankh.co.in/english/home.aspx,1,True
http://www.aninitalbank.co.in/english/home.aspx,1,True
http://www.n.ainitalbank.co.in/english/home.aspx,1,True
http://www.nainita.lbank.co.in/english/home.aspx,1,True
http://www.nainitabank.co.in/english/home.aspx,1,True
http://www.nuinitalbank.co.in/english/home.aspx,1,True
http://www.nainitalbankg.co.in/english/home.aspx,1,True
http://www.naunitalbank.co.in/english/home.aspx,1,True
http://www.noinitalbank.co.in/english/home.aspx,1,True
http://www.naenitalbank.co.in/english/home.aspx,1,True
http://www.nainitalbanki.co.in/english/home.aspx,1,True
http://www.nainotalbank.co.in/english/home.aspx,1,True
http://www.nainitulbank.co.in/english/home.aspx,1,True
http://www.nainitalbink.co.in/english/home.aspx,1,True
http://www.nainitalbankd.co.in/english/home.aspx,1,True
http://www.nainitalbankz.co.in/english/home.aspx,1,True
http://www.nnainitalbank.co.in/english/home.aspx,1,True
http://www.nainitalbankw.co.in/english/home.aspx,1,True
http://www.nainitolbank.co.in/english/home.aspx,1,True
http://www.nainitalbanky.co.in/english/home.aspx,1,True
http://www.nainitalbannk.co.in/english/home.aspx,1,True
http://www.naiintalbank.co.in/english/home.aspx,1,True
http://www.nainetalbank.co.in/english/home.aspx,1,True
http://www.nainutalbank.co.in/english/home.aspx,1,True
http://www.deb-adcb.com,1,True
http://www.nainitalbenk.co.in/english/home.aspx,1,True
http://www.nainitalbanka.co.in/english/home.aspx,1,True
http://www.nainitalbankx.co.in/english/home.aspx,1,True
http://www.nainnitalbank.co.in/english/home.aspx,1,True
http://www.nai.nitalbank.co.in/english/home.aspx,1,True
http://www.naainitalbank.co.in/english/home.aspx,1,True
http://www.nainitalbankv.co.in/english/home.aspx,1,True
http://www.nainitlbank.co.in/english/home.aspx,1,True
http://www.nainitalbunk.co.in/english/home.aspx,1,True
http://www.ninitalbank.co.in/english/home.aspx,1,True
http://www.nainitilbank.co.in/english/home.aspx,1,True
http://www.niinitalbank.co.in/english/home.aspx,1,True
http://www.nainitalbak.co.in/english/home.aspx,1,True
http://www.nainitalbankl.co.in/english/home.aspx,1,True
http://www.nainitalbanko.co.in/english/home.aspx,1,True
http://www.nainitalbankn.co.in/english/home.aspx,1,True
http://www.nainitalbonk.co.in/english/home.aspx,1,True
http://www.naiinitalbank.co.in/english/home.aspx,1,True
http://www.n.ainitalbank.co.in/english/home.aspx,1,True
http://www.nainitlabank.co.in/english/home.aspx,1,True
http://www.nainitalbankp.co.in/english/home.aspx,1,True
http://www.nainitalbaank.co.in/english/home.aspx,1,True
http://www.nainitalbanku.co.in/english/home.aspx,1,True
http://www.naniitalbank.co.in/english/home.aspx,1,True
http://www.nainitalbakn.co.in/english/home.aspx,1,True
http://www.nainitalbankc.co.in/english/home.aspx,1,True
http://www.nainitalbankk.co.in/english/home.aspx,1,True
http://www.dobadcb.com,1,True
http://www.nainialbank.co.in/english/home.aspx,1,True
http://www.nainitaalbank.co.in/english/home.aspx,1,True
http://www.nainitalbankb.co.in/english/home.aspx,1,True
http://www.nain.italbank.co.in/english/home.aspx,1,True
http://www.nainitallbank.co.in/english/home.aspx,1,True
http://www.nianitalbank.co.in/english/home.aspx,1,True
http://www.naiitalbank.co.in/english/home.aspx,1,True
http://www.nainitalabnk.co.in/english/home.aspx,1,True
http://www.nainitalbankr.co.in/english/home.aspx,1,True
http://www.adcb-abb.com,1,True
http://www.nainitalank.co.in/english/home.aspx,1,True
http://www.nainitelbank.co.in/english/home.aspx,1,True
http://www.nainitalbankf.co.in/english/home.aspx,1,True
http://www.adcb-abib.com,1,True
http://www.adenadcb.com,1,True
http://www.nainita1bank.co.in/english/home.aspx,1,True
http://www.nainiitalbank.co.in/english/home.aspx,1,True
http://www.nainitalbankm.co.in/english/home.aspx,1,True
http://www.nainitalbnak.co.in/english/home.aspx,1,True
http://www.nainitalbankt.co.in/english/home.aspx,1,True
http://www.nainitaIbank.co.in/english/home.aspx,1,True
http://www.neinitalbank.co.in/english/home.aspx,1,True
http://www.nainitalban.co.in/english/home.aspx,1,True
http://www.naini.talbank.co.in/english/home.aspx,1,True
http://www.nainitalbbank.co.in/english/home.aspx,1,True
http://www.nainit.albank.co.in/english/home.aspx,1,True
http://www.nainitalbnk.co.in/english/home.aspx,1,True
http://www.nainatalbank.co.in/english/home.aspx,1,True
http://www.nainitalbanks.co.in/english/home.aspx,1,True
http://www.nainitalbankq.co.in/english/home.aspx,1,True
http://www.nainitalabnk.co.in/english/home.aspx,1,True
http://www.nainitalbanke.co.in/english/home.aspx,1,True
http://www.niinitalbank.co.in/english/home.aspx,1,True
http://www.nainitalabnk.co.in/english/home.aspx,1,True
http://www.nainitaalbank.co.in/english/home.aspx,1,True
http://www.nainitalbankv.co.in/english/home.aspx,1,True
http://www.nainatalbank.co.in/english/home.aspx,1,True
http://www.nainitabank.co.in/english/home.aspx,1,True
http://www.nainitalbankw.co.in/english/home.aspx,1,True
http://www.nianitalbank.co.in/english/home.aspx,1,True
http://www.nainitalbaank.co.in/english/home.aspx,1,True
http://www.naenitalbank.co.in/english/home.aspx,1,True
http://www.neinitalbank.co.in/english/home.aspx,1,True
http://www.nainitalbonk.co.in/english/home.aspx,1,True
http://www.na.initalbank.co.in/english/home.aspx,1,True
http://www.nainitalbankh.co.in/english/home.aspx,1,True
http://www.nainitalbunk.co.in/english/home.aspx,1,True
http://www.naainitalbank.co.in/english/home.aspx,1,True
http://www.nainitalbankt.co.in/english/home.aspx,1,True
http://www.naniitalbank.co.in/english/home.aspx,1,True
http://www.noinitalbank.co.in/english/home.aspx,1,True
http://www.nainitalbnk.co.in/english/home.aspx,1,True
http://www.nainit.albank.co.in/english/home.aspx,1,True
http://www.nainitalbunk.co.in/english/home.aspx,1,True
http://www.aninitalbank.co.in/english/home.aspx,1,True
http://www.nainotalbank.co.in/english/home.aspx,1,True
http://www.nainitalbanko.co.in/english/home.aspx,1,True
http://www.nainitalbanke.co.in/english/home.aspx,1,True
http://www.nainita1bank.co.in/english/home.aspx,1,True
http://www.nainitalbankm.co.in/english/home.aspx,1,True
http://www.nainitalbenk.co.in/english/home.aspx,1,True
http://www.nainitalbankb.co.in/english/home.aspx,1,True
http://www.nainitalbankt.co.in/english/home.aspx,1,True
http://www.nainitalbanks.co.in/english/home.aspx,1,True
http://www.nainitalbnak.co.in/english/home.aspx,1,True
http://www.nainitalbbank.co.in/english/home.aspx,1,True
http://www.nainitablank.co.in/english/home.aspx,1,True
http://www.nainitalbenk.co.in/english/home.aspx,1,True
http://www.n.ainitalbank.co.in/english/home.aspx,1,True
http://www.nainitalbankb.co.in/english/home.aspx,1,True
http://www.nainetalbank.co.in/english/home.aspx,1,True
http://www.niinitalbank.co.in/english/home.aspx,1,True
http://www.nainitalbankd.co.in/english/home.aspx,1,True
http://www.nainitalban.co.in/english/home.aspx,1,True
http://www.nainitalban.co.in/english/home.aspx,1,True
http://www.naiitalbank.co.in/english/home.aspx,1,True
http://www.naonitalbank.co.in/english/home.aspx,1,True
http://www.nainitilbank.co.in/english/home.aspx,1,True
http://www.naunitalbank.co.in/english/home.aspx,1,True
http://www.nainitalbanki.co.in/english/home.aspx,1,True
http://www.nainatalbank.co.in/english/home.aspx,1,True
http://www.nainitaalbank.co.in/english/home.aspx,1,True
http://www.nainitalbink.co.in/english/home.aspx,1,True
http://www.nain.italbank.co.in/english/home.aspx,1,True
http://www.nainitalbankk.co.in/english/home.aspx,1,True
http://www.nainitablank.co.in/english/home.aspx,1,True
http://www.nainitalbankl.co.in/english/home.aspx,1,True
http://www.nainitalbonk.co.in/english/home.aspx,1,True
http://www.nainitalbakn.co.in/english/home.aspx,1,True
http://www.noinitalbank.co.in/english/home.aspx,1,True
http://www.nainita.lbank.co.in/english/home.aspx,1,True
http://www.nainitalbankq.co.in/english/home.aspx,1,True
http://www.nainita.lbank.co.in/english/home.aspx,1,True
http://www.nainiitalbank.co.in/english/home.aspx,1,True
http://www.nainitalbankn.co.in/english/home.aspx,1,True
http://www.nainiatlbank.co.in/english/home.aspx,1,True
http://www.nainitalbnak.co.in/english/home.aspx,1,True
http://www.nainitlabank.co.in/english/home.aspx,1,True
http://www.nuinitalbank.co.in/english/home.aspx,1,True
http://www.nainitulbank.co.in/english/home.aspx,1,True
http://www.nainitalbbank.co.in/english/home.aspx,1,True
http://www.nainitalbankd.co.in/english/home.aspx,1,True
http://www.nainitalbannk.co.in/english/home.aspx,1,True
http://www.nainit.albank.co.in/english/home.aspx,1,True
http://www.nainitlbank.co.in/english/home.aspx,1,True
http://www.n.ainitalbank.co.in/english/home.aspx,1,True
http://www.nainitalbak.co.in/english/home.aspx,1,True
http://www.neinitalbank.co.in/english/home.aspx,1,True
http://www.nainitalbankf.co.in/english/home.aspx,1,True
http://www.ninitalbank.co.in/english/home.aspx,1,True
http://www.naini.talbank.co.in/english/home.aspx,1,True
http://www.aninitalbank.co.in/english/home.aspx,1,True
http://www.nainitalbankc.co.in/english/home.aspx,1,True
http://www.nainetalbank.co.in/english/home.aspx,1,True
http://www.nainitalbankh.co.in/english/home.aspx,1,True
http://www.nainitalbankx.co.in/english/home.aspx,1,True
http://www.nainitalbanka.co.in/english/home.aspx,1,True
http://www.nnainitalbank.co.in/english/home.aspx,1,True
http://www.nainitolbank.co.in/english/home.aspx,1,True
http://www.nainitalbankm.co.in/english/home.aspx,1,True
http://www.nainialbank.co.in/english/home.aspx,1,True
http://www.nainitalbankz.co.in/english/home.aspx,1,True
http://www.nainitalbankp.co.in/english/home.aspx,1,True
http://www.nainitulbank.co.in/english/home.aspx,1,True
http://www.naainitalbank.co.in/english/home.aspx,1,True
http://www.nainitalbanku.co.in/english/home.aspx,1,True
http://www.nainitalbak.co.in/english/home.aspx,1,True
http://www.naunitalbank.co.in/english/home.aspx,1,True
http://www.nain.italbank.co.in/english/home.aspx,1,True
http://www.nainitalank.co.in/english/home.aspx,1,True
http://www.nainitalbanks.co.in/english/home.aspx,1,True
http://www.naenitalbank.co.in/english/home.aspx,1,True
http://www.nainnitalbank.co.in/english/home.aspx,1,True
http://www.nainitlabank.co.in/english/home.aspx,1,True
http://www.naini.talbank.co.in/english/home.aspx,1,True
http://www.nainitalbanko.co.in/english/home.aspx,1,True
http://www.nainittalbank.co.in/english/home.aspx,1,True
http://www.nainitalbanki.co.in/english/home.aspx,1,True
http://www.n.ainitalbank.co.in/english/home.aspx,1,True
http://www.nainitalbankj.co.in/english/home.aspx,1,True
http://www.nainitalbankf.co.in/english/home.aspx,1,True
http://www.nainutalbank.co.in/english/home.aspx,1,True
http://www.ninitalbank.co.in/english/home.aspx,1,True
http://www.n.ainitalbank.co.in/english/home.aspx,1,True
http://www.nainitaIbank.co.in/english/home.aspx,1,True
http://www.nainitalbanka.co.in/english/home.aspx,1,True
http://www.nainitolbank.co.in/english/home.aspx,1,True
http://www.nainitalbankk.co.in/english/home.aspx,1,True
http://www.nuinitalbank.co.in/english/home.aspx,1,True
http://www.naintialbank.co.in/english/home.aspx,1,True
http://www.naiinitalbank.co.in/english/home.aspx,1,True
http://www.naiitalbank.co.in/english/home.aspx,1,True
http://www.nainittalbank.co.in/english/home.aspx,1,True
http://www.nainitalbanky.co.in/english/home.aspx,1,True
http://www.nainitelbank.co.in/english/home.aspx,1,True
http://www.nainitelbank.co.in/english/home.aspx,1,True
http://www.nainitalbankr.co.in/english/home.aspx,1,True
http://www.naonitalbank.co.in/english/home.aspx,1,True
http://www.na.initalbank.co.in/english/home.aspx,1,True
http://www.nainitalbasnk.co.in/english/home.aspx,1,True
http://www.naintalbank.co.in/english/home.aspx,1,True
http://www.nainjitalbank.co.in/english/home.aspx,1,True
http://www.naini-talbank.co.in/english/home.aspx,1,True
http://www.nainitalba2nk.co.in/english/home.aspx,1,True
http://www.nainitalbnk.co.in/english/home.aspx,1,True
http://www.nainitalbwank.co.in/english/home.aspx,1,True
http://www.nainitalbankz.co.in/english/home.aspx,1,True
http://www.nainitaylbank.co.in/english/home.aspx,1,True
http://www.ncinitalbank.co.in/english/home.aspx,1,True
http://www.nainitalbzank.co.in/english/home.aspx,1,True
http://www.nainitalbqank.co.in/english/home.aspx,1,True
http://www.na9initalbank.co.in/english/home.aspx,1,True
http://www.nainitalbqank.co.in/english/home.aspx,1,True
http://www.naiintalbank.co.in/english/home.aspx,1,True
http://www.nainitalbankv.co.in/english/home.aspx,1,True
http://www.nai.nitalbank.co.in/english/home.aspx,1,True
http://www.nai.nitalbank.co.in/english/home.aspx,1,True
http://www.nainotalbank.co.in/english/home.aspx,1,True
http://www.nainitalbankw.co.in/english/home.aspx,1,True
http://www.nainiatlbank.co.in/english/home.aspx,1,True
http://www.nainitalbakn.co.in/english/home.aspx,1,True
http://www.nainitalbankq.co.in/english/home.aspx,1,True
http://www.nainitalbaank.co.in/english/home.aspx,1,True
http://www.nainitallbank.co.in/english/home.aspx,1,True
http://www.nainita1bank.co.in/english/home.aspx,1,True
http://www.nainnitalbank.co.in/english/home.aspx,1,True
http://www.nainitalbankg.co.in/english/home.aspx,1,True
http://www.nainitalbankj.co.in/english/home.aspx,1,True
http://www.nainitalbanku.co.in/english/home.aspx,1,True
http://www.nainitallbank.co.in/english/home.aspx,1,True
http://www.naniitalbank.co.in/english/home.aspx,1,True
http://www.nianitalbank.co.in/english/home.aspx,1,True
http://www.nainitalbankc.co.in/english/home.aspx,1,True
http://www.naanitalbank.co.in/english/home.aspx,1,True
http://www.naintialbank.co.in/english/home.aspx,1,True
http://www.nainitalbankp.co.in/english/home.aspx,1,True
http://www.nainitilbank.co.in/english/home.aspx,1,True
http://www.nnainitalbank.co.in/english/home.aspx,1,True
http://www.nainitalbink.co.in/english/home.aspx,1,True
http://www.nainitalbankx.co.in/english/home.aspx,1,True
http://www.nainitalbankn.co.in/english/home.aspx,1,True
http://www.nainiitalbank.co.in/english/home.aspx,1,True
http://www.naiintalbank.co.in/english/home.aspx,1,True
http://www.nainit6albank.co.in/english/home.aspx,1,True
http://www.nai8nitalbank.co.in/english/home.aspx,1,True
http://www.nain9italbank.co.in/english/home.aspx,1,True
http://www.nqinitalbank.co.in/english/home.aspx,1,True
http://www.nai-nitalbank.co.in/english/home.aspx,1,True
http://www.nainit1albank.co.in/english/home.aspx,1,True
http://www.nainkitalbank.co.in/english/home.aspx,1,True
http://www.nainitalbyank.co.in/english/home.aspx,1,True
http://www.nainitalbannk.co.in/english/home.aspx,1,True
http://www.nwainitalbank.co.in/english/home.aspx,1,True
http://www.nainirtalbank.co.in/english/home.aspx,1,True
http://www.nainitalb2ank.co.in/english/home.aspx,1,True
http://www.nainitazlbank.co.in/english/home.aspx,1,True
http://www.nainitalbcnk.co.in/english/home.aspx,1,True
http://www.nainitalbanjk.co.in/english/home.aspx,1,True
http://www.nainit-albank.co.in/english/home.aspx,1,True
http://www.nainitalbgank.co.in/english/home.aspx,1,True
http://www.nainitalcank.co.in/english/home.aspx,1,True
http://www.n-ainitalbank.co.in/english/home.aspx,1,True
http://www.nain8italbank.co.in/english/home.aspx,1,True
http://www.nauinitalbank.co.in/english/home.aspx,1,True
http://www.nainitalbanj.co.in/english/home.aspx,1,True
http://www.nainitalba2nk.co.in/english/home.aspx,1,True
http://www.naanitalbank.co.in/english/home.aspx,1,True
http://www.nainita2lbank.co.in/english/home.aspx,1,True
http://www.nainitambank.co.in/english/home.aspx,1,True
http://www.nainiotalbank.co.in/english/home.aspx,1,True
http://www.najinitalbank.co.in/english/home.aspx,1,True
http://www.naiinitalbank.co.in/english/home.aspx,1,True
http://www.nainiztalbank.co.in/english/home.aspx,1,True
http://www.nainitalbankr.co.in/english/home.aspx,1,True
http://www.nainitaIbank.co.in/english/home.aspx,1,True
http://www.nainitamlbank.co.in/english/home.aspx,1,True
http://www.nainutalbank.co.in/english/home.aspx,1,True
http://www.nainitalbanky.co.in/english/home.aspx,1,True
http://www.nainitalbvank.co.in/english/home.aspx,1,True
http://www.n2ainitalbank.co.in/english/home.aspx,1,True
http://www.nainipalbank.co.in/english/home.aspx,1,True
http://www.nainitalbalk.co.in/english/home.aspx,1,True
http://www.nainitambank.co.in/english/home.aspx,1,True
http://www.nain8italbank.co.in/english/home.aspx,1,True
http://www.nainitalbanc.co.in/english/home.aspx,1,True
http://www.nainitalbqnk.co.in/english/home.aspx,1,True
http://www.nainmtalbank.co.in/english/home.aspx,1,True
http://www.nainijtalbank.co.in/english/home.aspx,1,True
http://www.nainitanbank.co.in/english/home.aspx,1,True
http://www.naini4albank.co.in/english/home.aspx,1,True
http://www.jainitalbank.co.in/english/home.aspx,1,True
http://www.nainitalmbank.co.in/english/home.aspx,1,True
http://www.nainitzalbank.co.in/english/home.aspx,1,True
http://www.nakinitalbank.co.in/english/home.aspx,1,True
http://www.nainiualbank.co.in/english/home.aspx,1,True
http://www.nainitalbank-nainitalbank.co.in/english/home.aspx,1,True
http://www.naifitalbank.co.in/english/home.aspx,1,True
http://www.naini5talbank.co.in/english/home.aspx,1,True
http://www.nainitalbahnk.co.in/english/home.aspx,1,True
http://www.naimnitalbank.co.in/english/home.aspx,1,True
http://www.naijitalbank.co.in/english/home.aspx,1,True
http://www.nainitalobank.co.in/english/home.aspx,1,True
http://www.nainitalbaok.co.in/english/home.aspx,1,True
http://www.nainitalbank-nainitalbank.co.in/english/home.aspx,1,True
http://www.nayinitalbank.co.in/english/home.aspx,1,True
http://www.nai-nitalbank.co.in/english/home.aspx,1,True
http://www.nainita1lbank.co.in/english/home.aspx,1,True
http://www.nainitalba-nk.co.in/english/home.aspx,1,True
http://www.nainitalb1ank.co.in/english/home.aspx,1,True
http://www.nainktalbank.co.in/english/home.aspx,1,True
http://www.naini8talbank.co.in/english/home.aspx,1,True
http://www.nainigtalbank.co.in/english/home.aspx,1,True
http://www.nazinitalbank.co.in/english/home.aspx,1,True
http://www.na2initalbank.co.in/english/home.aspx,1,True
http://www.nainitalpbank.co.in/english/home.aspx,1,True
http://www.na9initalbank.co.in/english/home.aspx,1,True
http://www.nainitalbalk.co.in/english/home.aspx,1,True
http://www.nainit2albank.co.in/english/home.aspx,1,True
http://www.nsainitalbank.co.in/english/home.aspx,1,True
http://www.nainitawlbank.co.in/english/home.aspx,1,True
http://www.nainjitalbank.co.in/english/home.aspx,1,True
http://www.nainkitalbank.co.in/english/home.aspx,1,True
http://www.nainitaplbank.co.in/english/home.aspx,1,True
http://www.na8initalbank.co.in/english/home.aspx,1,True
http://www.nainitalbabnk.co.in/english/home.aspx,1,True
http://www.nainitalkbank.co.in/english/home.aspx,1,True
http://www.nainiotalbank.co.in/english/home.aspx,1,True
http://www.nainitalobank.co.in/english/home.aspx,1,True
http://www.nainuitalbank.co.in/english/home.aspx,1,True
http://www.nainitaslbank.co.in/english/home.aspx,1,True
http://www.nainitalrank.co.in/english/home.aspx,1,True
http://www.naionitalbank.co.in/english/home.aspx,1,True
http://www.nainiztalbank.co.in/english/home.aspx,1,True
http://www.nainivalbank.co.in/english/home.aspx,1,True
http://www.nai9nitalbank.co.in/english/home.aspx,1,True
http://www.n1ainitalbank.co.in/english/home.aspx,1,True
http://www.nain-italbank.co.in/english/home.aspx,1,True
http://www.nainiutalbank.co.in/english/home.aspx,1,True
http://www.nainitalb-ank.co.in/english/home.aspx,1,True
http://www.nqainitalbank.co.in/english/home.aspx,1,True
http://www.naini8talbank.co.in/english/home.aspx,1,True
http://www.nainitalbhank.co.in/english/home.aspx,1,True
http://www.na2initalbank.co.in/english/home.aspx,1,True
http://www.nainitalnbank.co.in/english/home.aspx,1,True
http://www.nainitalba-nk.co.in/english/home.aspx,1,True
http://www.nainitalbafk.co.in/english/home.aspx,1,True
http://www.nainitaplbank.co.in/english/home.aspx,1,True
http://www.naini9talbank.co.in/english/home.aspx,1,True
http://www.nazinitalbank.co.in/english/home.aspx,1,True
http://www.nahnitalbank.co.in/english/home.aspx,1,True
http://www.fainitalbank.co.in/english/home.aspx,1,True
http://www.nainitalbwank.co.in/english/home.aspx,1,True
http://www.nainivalbank.co.in/english/home.aspx,1,True
http://www.na8initalbank.co.in/english/home.aspx,1,True
http://www.nainitalbanhk.co.in/english/home.aspx,1,True
http://www.nainitamlbank.co.in/english/home.aspx,1,True
http://www.na1initalbank.co.in/english/home.aspx,1,True
http://www.nainitalbanjk.co.in/english/home.aspx,1,True
http://www.nainitalbafk.co.in/english/home.aspx,1,True
http://www.n2ainitalbank.co.in/english/home.aspx,1,True
http://www.nainytalbank.co.in/english/home.aspx,1,True
http://www.nainiualbank.co.in/english/home.aspx,1,True
http://www.nainitalbahnk.co.in/english/home.aspx,1,True
http://www.nai8nitalbank.co.in/english/home.aspx,1,True
http://www.nasinitalbank.co.in/english/home.aspx,1,True
http://www.nainityalbank.co.in/english/home.aspx,1,True
http://www.n-ainitalbank.co.in/english/home.aspx,1,True
http://www.nainita2lbank.co.in/english/home.aspx,1,True
http://www.nainoitalbank.co.in/english/home.aspx,1,True
http://www.naintalbank.co.in/english/home.aspx,1,True
http://www.nsainitalbank.co.in/english/home.aspx,1,True
http://www.nainitawlbank.co.in/english/home.aspx,1,True
http://www.naknitalbank.co.in/english/home.aspx,1,True
http://www.nqainitalbank.co.in/english/home.aspx,1,True
http://www.nainitalbanbk.co.in/english/home.aspx,1,True
http://www.nainhtalbank.co.in/english/home.aspx,1,True
http://www.nainijtalbank.co.in/english/home.aspx,1,True
http://www.ncinitalbank.co.in/english/home.aspx,1,True
http://www.nainitwalbank.co.in/english/home.aspx,1,True
http://www.nain9italbank.co.in/english/home.aspx,1,True
http://www.nailitalbank.co.in/english/home.aspx,1,True
http://www.nainitaljank.co.in/english/home.aspx,1,True
http://www.nainitalbaznk.co.in/english/home.aspx,1,True
http://www.naiknitalbank.co.in/english/home.aspx,1,True
http://www.naihnitalbank.co.in/english/home.aspx,1,True
http://www.nainitqlbank.co.in/english/home.aspx,1,True
http://www.nainitalbajk.co.in/english/home.aspx,1,True
http://www.nainitalbajk.co.in/english/home.aspx,1,True
http://www.nawinitalbank.co.in/english/home.aspx,1,True
http://www.nainitalb1ank.co.in/english/home.aspx,1,True
http://www.nain-italbank.co.in/english/home.aspx,1,True
http://www.nainitalbvank.co.in/english/home.aspx,1,True
http://www.nainitalbgank.co.in/english/home.aspx,1,True
http://www.nainitwalbank.co.in/english/home.aspx,1,True
http://www.nainhtalbank.co.in/english/home.aspx,1,True
http://www.naqinitalbank.co.in/english/home.aspx,1,True
http://www.nainitalb2ank.co.in/english/home.aspx,1,True
http://www.naimnitalbank.co.in/english/home.aspx,1,True
http://www.nainit-albank.co.in/english/home.aspx,1,True
http://www.naini9talbank.co.in/english/home.aspx,1,True
http://www.nainuitalbank.co.in/english/home.aspx,1,True
http://www.naiunitalbank.co.in/english/home.aspx,1,True
http://www.nainhitalbank.co.in/english/home.aspx,1,True
http://www.naijnitalbank.co.in/english/home.aspx,1,True
http://www.nainitaklbank.co.in/english/home.aspx,1,True
http://www.naini6talbank.co.in/english/home.aspx,1,True
http://www.nauinitalbank.co.in/english/home.aspx,1,True
http://www.nainitalmbank.co.in/english/home.aspx,1,True
http://www.nainitqalbank.co.in/english/home.aspx,1,True
http://www.nainitalbanbk.co.in/english/home.aspx,1,True
http://www.na-initalbank.co.in/english/home.aspx,1,True
http://www.na-initalbank.co.in/english/home.aspx,1,True
http://www.nainitalbajnk.co.in/english/home.aspx,1,True
http://www.namnitalbank.co.in/english/home.aspx,1,True
http://www.nainitalbaznk.co.in/english/home.aspx,1,True
http://www.nainitalbzank.co.in/english/home.aspx,1,True
http://www.nqinitalbank.co.in/english/home.aspx,1,True
http://www.namnitalbank.co.in/english/home.aspx,1,True
http://www.naoinitalbank.co.in/english/home.aspx,1,True
http://www.nainitalbaqnk.co.in/english/home.aspx,1,True
http://www.nainitalban-k.co.in/english/home.aspx,1,True
http://www.nainitalnbank.co.in/english/home.aspx,1,True
http://www.nainitalbsank.co.in/english/home.aspx,1,True
http://www.nainit6albank.co.in/english/home.aspx,1,True
http://www.nainitalkbank.co.in/english/home.aspx,1,True
http://www.nainitalvbank.co.in/english/home.aspx,1,True
http://www.nyainitalbank.co.in/english/home.aspx,1,True
http://www.nainmitalbank.co.in/english/home.aspx,1,True
http://www.najinitalbank.co.in/english/home.aspx,1,True
http://www.nainitadbank.co.in/english/home.aspx,1,True
http://www.fainitalbank.co.in/english/home.aspx,1,True
http://www.nainita1lbank.co.in/english/home.aspx,1,True
http://www.nainitaqlbank.co.in/english/home.aspx,1,True
http://www.nainitalfank.co.in/english/home.aspx,1,True
http://www.nainitalba1nk.co.in/english/home.aspx,1,True
http://www.nainitfalbank.co.in/english/home.aspx,1,True
http://www.nainitalbano.co.in/english/home.aspx,1,True
http://www.nainitalbaqnk.co.in/english/home.aspx,1,True
http://www.naynitalbank.co.in/english/home.aspx,1,True
http://www.nzainitalbank.co.in/english/home.aspx,1,True
http://www.nainiktalbank.co.in/english/home.aspx,1,True
http://www.nainitaylbank.co.in/english/home.aspx,1,True
http://www.nainitalrank.co.in/english/home.aspx,1,True
http://www.naifitalbank.co.in/english/home.aspx,1,True
http://www.nainitalbnank.co.in/english/home.aspx,1,True
http://www.nainityalbank.co.in/english/home.aspx,1,True
http://www.nainitahbank.co.in/english/home.aspx,1,True
http://www.nainitaqlbank.co.in/english/home.aspx,1,True
http://www.nainitalhbank.co.in/english/home.aspx,1,True
http://www.naiunitalbank.co.in/english/home.aspx,1,True
http://www.nailitalbank.co.in/english/home.aspx,1,True
http://www.nainitalbawnk.co.in/english/home.aspx,1,True
http://www.nainktalbank.co.in/english/home.aspx,1,True
http://www.naknitalbank.co.in/english/home.aspx,1,True
http://www.nainitaljank.co.in/english/home.aspx,1,True
http://www.nainirtalbank.co.in/english/home.aspx,1,True
http://www.nainitalbasnk.co.in/english/home.aspx,1,True
http://www.nainigtalbank.co.in/english/home.aspx,1,True
http://www.nainoitalbank.co.in/english/home.aspx,1,True
http://www.nainitaolbank.co.in/english/home.aspx,1,True
http://www.nainitalbani.co.in/english/home.aspx,1,True
http://www.nainitalcank.co.in/english/home.aspx,1,True
http://www.nainitgalbank.co.in/english/home.aspx,1,True
http://www.nainit5albank.co.in/english/home.aspx,1,True
http://www.nainiytalbank.co.in/english/home.aspx,1,True
http://www.naioitalbank.co.in/english/home.aspx,1,True
http://www.naibnitalbank.co.in/english/home.aspx,1,True
http://www.nainitclbank.co.in/english/home.aspx,1,True
http://www.nainitazlbank.co.in/english/home.aspx,1,True
http://www.nainitahbank.co.in/english/home.aspx,1,True
http://www.nainmtalbank.co.in/english/home.aspx,1,True
http://www.nainitalbamnk.co.in/english/home.aspx,1,True
http://www.nainitaklbank.co.in/english/home.aspx,1,True
http://www.nainmitalbank.co.in/english/home.aspx,1,True
http://www.nainita-lbank.co.in/english/home.aspx,1,True
http://www.nainitalbcnk.co.in/english/home.aspx,1,True
http://www.nainbitalbank.co.in/english/home.aspx,1,True
http://www.nainitalgbank.co.in/english/home.aspx,1,True
http://www.nainitalb-ank.co.in/english/home.aspx,1,True
http://www.naini4albank.co.in/english/home.aspx,1,True
http://www.oainitalbank.co.in/english/home.aspx,1,True
http://www.nainitralbank.co.in/english/home.aspx,1,True
http://www.nainit2albank.co.in/english/home.aspx,1,True
http://www.nainitalbanj.co.in/english/home.aspx,1,True
http://www.nainitalfank.co.in/english/home.aspx,1,True
http://www.naqinitalbank.co.in/english/home.aspx,1,True
http://www.nawinitalbank.co.in/english/home.aspx,1,True
http://www.nainiftalbank.co.in/english/home.aspx,1,True
http://www.nakinitalbank.co.in/english/home.aspx,1,True
http://www.nainitalvbank.co.in/english/home.aspx,1,True
http://www.naoinitalbank.co.in/english/home.aspx,1,True
http://www.naioitalbank.co.in/english/home.aspx,1,True
http://www.nainitalbankl.co.in/english/home.aspx,1,True
http://www.nainitsalbank.co.in/english/home.aspx,1,True
http://www.nainita-lbank.co.in/english/home.aspx,1,True
http://www.nainidalbank.co.in/english/home.aspx,1,True
http://www.na1initalbank.co.in/english/home.aspx,1,True
http://www.nainitalbankg.co.in/english/home.aspx,1,True
http://www.nainitalbanhk.co.in/english/home.aspx,1,True
http://www.nainitalbqnk.co.in/english/home.aspx,1,True
http://www.nainitalhbank.co.in/english/home.aspx,1,True
http://www.nainitalbani.co.in/english/home.aspx,1,True
http://www.nainitalbawnk.co.in/english/home.aspx,1,True
http://www.nainitalbamnk.co.in/english/home.aspx,1,True
http://www.nainytalbank.co.in/english/home.aspx,1,True
http://www.nahnitalbank.co.in/english/home.aspx,1,True
http://www.nainitalbsank.co.in/english/home.aspx,1,True
http://www.nainitalbanmk.co.in/english/home.aspx,1,True
http://www.naihnitalbank.co.in/english/home.aspx,1,True
http://www.naini6talbank.co.in/english/home.aspx,1,True
http://www.nainiktalbank.co.in/english/home.aspx,1,True
http://www.nainitalbaynk.co.in/english/home.aspx,1,True
http://www.naijitalbank.co.in/english/home.aspx,1,True
http://www.nainhitalbank.co.in/english/home.aspx,1,True
http://www.nainitalbnank.co.in/english/home.aspx,1,True
http://www.nainipalbank.co.in/english/home.aspx,1,True
http://www.nainitalbyank.co.in/english/home.aspx,1,True
http://www.nainitalbaynk.co.in/english/home.aspx,1,True
http://www.nainiytalbank.co.in/english/home.aspx,1,True
http://www.naibnitalbank.co.in/english/home.aspx,1,True
http://www.lainitalbank.co.in/english/home.aspx,1,True
http://www.nainitalbaok.co.in/english/home.aspx,1,True
http://www.nainitsalbank.co.in/english/home.aspx,1,True
http://www.nainitalbanc.co.in/english/home.aspx,1,True
http://www.nainitaslbank.co.in/english/home.aspx,1,True
http://www.nainitadbank.co.in/english/home.aspx,1,True
http://www.nayinitalbank.co.in/english/home.aspx,1,True
http://www.nainitanbank.co.in/english/home.aspx,1,True
http://www.nainitalban-k.co.in/english/home.aspx,1,True
http://www.nyainitalbank.co.in/english/home.aspx,1,True
http://www.nainitalbhank.co.in/english/home.aspx,1,True
http://www.nainiftalbank.co.in/english/home.aspx,1,True
http://www.nainbitalbank.co.in/english/home.aspx,1,True
http://www.nainitqlbank.co.in/english/home.aspx,1,True
http://www.oainitalbank.co.in/english/home.aspx,1,True
http://www.nainitalbano.co.in/english/home.aspx,1,True
http://www.n1ainitalbank.co.in/english/home.aspx,1,True
http://www.naini5talbank.co.in/english/home.aspx,1,True
http://www.naynitalbank.co.in/english/home.aspx,1,True
http://www.nainitalbanmk.co.in/english/home.aspx,1,True
http://www.nainitalbajnk.co.in/english/home.aspx,1,True
http://www.nainitfalbank.co.in/english/home.aspx,1,True
http://www.nainitqalbank.co.in/english/home.aspx,1,True
http://www.nai9nitalbank.co.in/english/home.aspx,1,True
http://www.nainitgalbank.co.in/english/home.aspx,1,True
http://www.nainitaolbank.co.in/english/home.aspx,1,True
http://www.lainitalbank.co.in/english/home.aspx,1,True
http://www.nainiutalbank.co.in/english/home.aspx,1,True
http://www.naiknitalbank.co.in/english/home.aspx,1,True
http://www.nzainitalbank.co.in/english/home.aspx,1,True
http://www.naionitalbank.co.in/english/home.aspx,1,True
http://www.naini-talbank.co.in/english/home.aspx,1,True
http://www.nainitalgbank.co.in/english/home.aspx,1,True
http://www.jainitalbank.co.in/english/home.aspx,1,True
http://www.nainitalbabnk.co.in/english/home.aspx,1,True
http://www.nwainitalbank.co.in/english/home.aspx,1,True
http://www.nainit1albank.co.in/english/home.aspx,1,True
http://www.naijnitalbank.co.in/english/home.aspx,1,True
http://www.nainitralbank.co.in/english/home.aspx,1,True
http://www.nainitzalbank.co.in/english/home.aspx,1,True
http://www.nainit5albank.co.in/english/home.aspx,1,True
http://www.nainitalba1nk.co.in/english/home.aspx,1,True
http://www.nainitclbank.co.in/english/home.aspx,1,True
http://www.nasinitalbank.co.in/english/home.aspx,1,True
http://www.nainitalpbank.co.in/english/home.aspx,1,True
http://www.nainidalbank.co.in/english/home.aspx,1,True
http://www.naintalbank.co.in/english/home.aspx,1,True
http://www.naini9talbank.co.in/english/home.aspx,1,True
http://www.nainitabank.co.in/english/home.aspx,1,True
http://www.nainitalobank.co.in/english/home.aspx,1,True
http://www.nainitalba2nk.co.in/english/home.aspx,1,True
http://www.nai8nitalbank.co.in/english/home.aspx,1,True
http://www.nainialbank.co.in/english/home.aspx,1,True
http://www.naknitalbank.co.in/english/home.aspx,1,True
http://www.nainirtalbank.co.in/english/home.aspx,1,True
http://www.nainitalbamnk.co.in/english/home.aspx,1,True
http://www.nainivalbank.co.in/english/home.aspx,1,True
http://www.naini6talbank.co.in/english/home.aspx,1,True
http://www.naionitalbank.co.in/english/home.aspx,1,True
http://www.nainitalbankp.co.in/english/home.aspx,1,True
http://www.naihnitalbank.co.in/english/home.aspx,1,True
http://www.nainitalb1ank.co.in/english/home.aspx,1,True
http://www.nailitalbank.co.in/english/home.aspx,1,True
http://www.nainitalbanbk.co.in/english/home.aspx,1,True
http://www.nainhitalbank.co.in/english/home.aspx,1,True
http://www.nainitalbaynk.co.in/english/home.aspx,1,True
http://www.nainoitalbank.co.in/english/home.aspx,1,True
http://www.nainitalbyank.co.in/english/home.aspx,1,True
http://www.nainitalb-ank.co.in/english/home.aspx,1,True
http://www.nqinitalbank.co.in/english/home.aspx,1,True
http://www.nainiatlbank.co.in/english/home.aspx,1,True
http://www.nayinitalbank.co.in/english/home.aspx,1,True
http://www.nainit1albank.co.in/english/home.aspx,1,True
http://www.nainiotalbank.co.in/english/home.aspx,1,True
http://www.nainitalbakn.co.in/english/home.aspx,1,True
http://www.naoinitalbank.co.in/english/home.aspx,1,True
http://www.nainiytalbank.co.in/english/home.aspx,1,True
http://www.nainita1lbank.co.in/english/home.aspx,1,True
http://www.nainitalbahnk.co.in/english/home.aspx,1,True
http://www.naiunitalbank.co.in/english/home.aspx,1,True
http://www.nainitawlbank.co.in/english/home.aspx,1,True
http://www.nainitamlbank.co.in/english/home.aspx,1,True
http://www.nainitalcank.co.in/english/home.aspx,1,True
http://www.nainitzalbank.co.in/english/home.aspx,1,True
http://www.naanitalbank.co.in/english/home.aspx,1,True
http://www.nasinitalbank.co.in/english/home.aspx,1,True
http://www.namnitalbank.co.in/english/home.aspx,1,True
http://www.na2initalbank.co.in/english/home.aspx,1,True
http://www.nainitalgbank.co.in/english/home.aspx,1,True
http://www.naonitalbank.co.in/english/home.aspx,1,True
http://www.nainita2lbank.co.in/english/home.aspx,1,True
http://www.nsainitalbank.co.in/english/home.aspx,1,True
http://www.nainitalbanhk.co.in/english/home.aspx,1,True
http://www.nainityalbank.co.in/english/home.aspx,1,True
http://www.n2ainitalbank.co.in/english/home.aspx,1,True
http://www.nainitalbhank.co.in/english/home.aspx,1,True
http://www.nainitalbankc.co.in/english/home.aspx,1,True
http://www.nauinitalbank.co.in/english/home.aspx,1,True
http://www.nainitqlbank.co.in/english/home.aspx,1,True
http://www.nainitalbnak.co.in/english/home.aspx,1,True
http://www.nainitclbank.co.in/english/home.aspx,1,True
http://www.nainitalank.co.in/english/home.aspx,1,True
http://www.nainitlabank.co.in/english/home.aspx,1,True
http://www.nain8italbank.co.in/english/home.aspx,1,True
http://www.nainiktalbank.co.in/english/home.aspx,1,True
http://www.nainitgalbank.co.in/english/home.aspx,1,True
http://www.nainitalbasnk.co.in/english/home.aspx,1,True
http://www.nqainitalbank.co.in/english/home.aspx,1,True
http://www.naoinitalbank.co.in/english/home.aspx,1,True
http://www.nainbitalbank.co.in/english/home.aspx,1,True
http://www.naimnitalbank.co.in/english/home.aspx,1,True
http://www.nainitazlbank.co.in/english/home.aspx,1,True
http://www.nain9italbank.co.in/english/home.aspx,1,True
http://www.nainitaqlbank.co.in/english/home.aspx,1,True
http://www.nainnitalbank.co.in/english/home.aspx,1,True
http://www.nainit6albank.co.in/english/home.aspx,1,True
http://www.naibnitalbank.co.in/english/home.aspx,1,True
http://www.nainitsalbank.co.in/english/home.aspx,1,True
http://www.naionitalbank.co.in/english/home.aspx,1,True
http://www.nainitralbank.co.in/english/home.aspx,1,True
http://www.nainitaljank.co.in/english/home.aspx,1,True
http://www.nainitalvbank.co.in/english/home.aspx,1,True
http://www.nainitalrank.co.in/english/home.aspx,1,True
http://www.nainkitalbank.co.in/english/home.aspx,1,True
http://www.naini5talbank.co.in/english/home.aspx,1,True
http://www.nainhtalbank.co.in/english/home.aspx,1,True
http://www.nainitalbankm.co.in/english/home.aspx,1,True
http://www.lainitalbank.co.in/english/home.aspx,1,True
http://www.nainit2albank.co.in/english/home.aspx,1,True
http://www.naqinitalbank.co.in/english/home.aspx,1,True
http://www.nainitawlbank.co.in/english/home.aspx,1,True
http://www.nainitaylbank.co.in/english/home.aspx,1,True
http://www.nainitalabnk.co.in/english/home.aspx,1,True
http://www.nawinitalbank.co.in/english/home.aspx,1,True
http://www.nainmitalbank.co.in/english/home.aspx,1,True
http://www.nainitalnbank.co.in/english/home.aspx,1,True
http://www.nainitalbsank.co.in/english/home.aspx,1,True
http://www.nainitahbank.co.in/english/home.aspx,1,True
http://www.nakinitalbank.co.in/english/home.aspx,1,True
http://www.nainiytalbank.co.in/english/home.aspx,1,True
http://www.nainitalbvank.co.in/english/home.aspx,1,True
http://www.nainjitalbank.co.in/english/home.aspx,1,True
http://www.nainiutalbank.co.in/english/home.aspx,1,True
http://www.nainitalbanmk.co.in/english/home.aspx,1,True
http://www.naunitalbank.co.in/english/home.aspx,1,True
http://www.naini8talbank.co.in/english/home.aspx,1,True
http://www.nainitalbamnk.co.in/english/home.aspx,1,True
http://www.na1initalbank.co.in/english/home.aspx,1,True
http://www.nainuitalbank.co.in/english/home.aspx,1,True
http://www.nain8italbank.co.in/english/home.aspx,1,True
http://www.nainitwalbank.co.in/english/home.aspx,1,True
http://www.nainitalbwank.co.in/english/home.aspx,1,True
http://www.naini6talbank.co.in/english/home.aspx,1,True
http://www.nainitalfank.co.in/english/home.aspx,1,True
http://www.nainoitalbank.co.in/english/home.aspx,1,True
http://www.nainmitalbank.co.in/english/home.aspx,1,True
http://www.nainitalbawnk.co.in/english/home.aspx,1,True
http://www.nainitalbanjk.co.in/english/home.aspx,1,True
http://www.n1ainitalbank.co.in/english/home.aspx,1,True
http://www.nainitalbcnk.co.in/english/home.aspx,1,True
http://www.nainitalb2ank.co.in/english/home.aspx,1,True
http://www.nainitalbankb.co.in/english/home.aspx,1,True
http://www.naiintalbank.co.in/english/home.aspx,1,True
http://www.nsainitalbank.co.in/english/home.aspx,1,True
http://www.nainitaklbank.co.in/english/home.aspx,1,True
http://www.nayinitalbank.co.in/english/home.aspx,1,True
http://www.nzainitalbank.co.in/english/home.aspx,1,True
http://www.nainitadbank.co.in/english/home.aspx,1,True
http://www.nqainitalbank.co.in/english/home.aspx,1,True
http://www.nainitalbafk.co.in/english/home.aspx,1,True
http://www.nwainitalbank.co.in/english/home.aspx,1,True
http://www.nainitalbanmk.co.in/english/home.aspx,1,True
http://www.nai9nitalbank.co.in/english/home.aspx,1,True
http://www.naiknitalbank.co.in/english/home.aspx,1,True
http://www.nainitlbank.co.in/english/home.aspx,1,True
http://www.nainitablank.co.in/english/home.aspx,1,True
http://www.nainitalbabnk.co.in/english/home.aspx,1,True
http://www.nyainitalbank.co.in/english/home.aspx,1,True
http://www.nainitfalbank.co.in/english/home.aspx,1,True
http://www.nainiftalbank.co.in/english/home.aspx,1,True
http://www.na9initalbank.co.in/english/home.aspx,1,True
http://www.naintalbank.co.in/english/home.aspx,1,True
http://www.noinitalbank.co.in/english/home.aspx,1,True
http://www.naimnitalbank.co.in/english/home.aspx,1,True
http://www.na8initalbank.co.in/english/home.aspx,1,True
http://www.nainitaolbank.co.in/english/home.aspx,1,True
http://www.nainitalmbank.co.in/english/home.aspx,1,True
http://www.oainitalbank.co.in/english/home.aspx,1,True
http://www.nainitalbnk.co.in/english/home.aspx,1,True
http://www.nainetalbank.co.in/english/home.aspx,1,True
http://www.nainitalbnank.co.in/english/home.aspx,1,True
http://www.nai-nitalbank.co.in/english/home.aspx,1,True
http://www.nainitalbankn.co.in/english/home.aspx,1,True
http://www.nainktalbank.co.in/english/home.aspx,1,True
http://www.nainitaplbank.co.in/english/home.aspx,1,True
http://www.nainitalbajk.co.in/english/home.aspx,1,True
http://www.n2ainitalbank.co.in/english/home.aspx,1,True
http://www.jainitalbank.co.in/english/home.aspx,1,True
http://www.nainijtalbank.co.in/english/home.aspx,1,True
http://www.nainitalbanka.co.in/english/home.aspx,1,True
http://www.nainitalvbank.co.in/english/home.aspx,1,True
http://www.nahnitalbank.co.in/english/home.aspx,1,True
http://www.nainit5albank.co.in/english/home.aspx,1,True
http://www.nainiualbank.co.in/english/home.aspx,1,True
http://www.naifitalbank.co.in/english/home.aspx,1,True
http://www.nain.italbank.co.in/english/home.aspx,1,True
http://www.nainitalbano.co.in/english/home.aspx,1,True
http://www.na9initalbank.co.in/english/home.aspx,1,True
http://www.nain.italbank.co.in/english/home.aspx,1,True
http://www.nainitalbanc.co.in/english/home.aspx,1,True
http://www.nainitalbankd.co.in/english/home.aspx,1,True
http://www.nainitalpbank.co.in/english/home.aspx,1,True
http://www.naini9talbank.co.in/english/home.aspx,1,True
http://www.naioitalbank.co.in/english/home.aspx,1,True
http://www.nainitalbzank.co.in/english/home.aspx,1,True
http://www.naonitalbank.co.in/english/home.aspx,1,True
http://www.nuinitalbank.co.in/english/home.aspx,1,True
http://www.nainhtalbank.co.in/english/home.aspx,1,True
http://www.nainitallbank.co.in/english/home.aspx,1,True
http://www.naainitalbank.co.in/english/home.aspx,1,True
http://www.nainidalbank.co.in/english/home.aspx,1,True
http://www.namnitalbank.co.in/english/home.aspx,1,True
http://www.nainitalba2nk.co.in/english/home.aspx,1,True
http://www.nainit-albank.co.in/english/home.aspx,1,True
http://www.n1ainitalbank.co.in/english/home.aspx,1,True
http://www.nainitalbyank.co.in/english/home.aspx,1,True
http://www.nainitalbenk.co.in/english/home.aspx,1,True
http://www.naini5talbank.co.in/english/home.aspx,1,True
http://www.aninitalbank.co.in/english/home.aspx,1,True
http://www.nainitabank.co.in/english/home.aspx,1,True
http://www.nainitgalbank.co.in/english/home.aspx,1,True
http://www.nainitalbankn.co.in/english/home.aspx,1,True
http://www.niinitalbank.co.in/english/home.aspx,1,True
http://www.nainitalbafk.co.in/english/home.aspx,1,True
http://www.naifitalbank.co.in/english/home.aspx,1,True
http://www.nainitalba-nk.co.in/english/home.aspx,1,True
http://www.nainitsalbank.co.in/english/home.aspx,1,True
http://www.nainitalrank.co.in/english/home.aspx,1,True
http://www.nainita.lbank.co.in/english/home.aspx,1,True
http://www.nainetalbank.co.in/english/home.aspx,1,True
http://www.nainiotalbank.co.in/english/home.aspx,1,True
http://www.nainitalbaok.co.in/english/home.aspx,1,True
http://www.nahnitalbank.co.in/english/home.aspx,1,True
http://www.n.ainitalbank.co.in/english/home.aspx,1,True
http://www.nainktalbank.co.in/english/home.aspx,1,True
http://www.nainitalmbank.co.in/english/home.aspx,1,True
http://www.nainita1bank.co.in/english/home.aspx,1,True
http://www.nainigtalbank.co.in/english/home.aspx,1,True
http://www.nainitalbonk.co.in/english/home.aspx,1,True
http://www.nainitambank.co.in/english/home.aspx,1,True
http://www.nainbitalbank.co.in/english/home.aspx,1,True
http://www.nainitalbenk.co.in/english/home.aspx,1,True
http://www.nainitalkbank.co.in/english/home.aspx,1,True
http://www.nainitalbajk.co.in/english/home.aspx,1,True
http://www.nainitazlbank.co.in/english/home.aspx,1,True
http://www.nainiitalbank.co.in/english/home.aspx,1,True
http://www.na2initalbank.co.in/english/home.aspx,1,True
http://www.nain9italbank.co.in/english/home.aspx,1,True
http://www.nainiktalbank.co.in/english/home.aspx,1,True
http://www.nainitaklbank.co.in/english/home.aspx,1,True
http://www.nainitalbunk.co.in/english/home.aspx,1,True
http://www.nainitlbank.co.in/english/home.aspx,1,True
http://www.nainitalfank.co.in/english/home.aspx,1,True
http://www.naini8talbank.co.in/english/home.aspx,1,True
http://www.nainitalbak.co.in/english/home.aspx,1,True
http://www.nai-nitalbank.co.in/english/home.aspx,1,True
http://www.na-initalbank.co.in/english/home.aspx,1,True
http://www.najinitalbank.co.in/english/home.aspx,1,True
http://www.nainitalbannk.co.in/english/home.aspx,1,True
http://www.ninitalbank.co.in/english/home.aspx,1,True
http://www.nai.nitalbank.co.in/english/home.aspx,1,True
http://www.nainitalbankq.co.in/english/home.aspx,1,True
http://www.nainigtalbank.co.in/english/home.aspx,1,True
http://www.nainitalbanke.co.in/english/home.aspx,1,True
http://www.naainitalbank.co.in/english/home.aspx,1,True
http://www.nainytalbank.co.in/english/home.aspx,1,True
http://www.nainitaalbank.co.in/english/home.aspx,1,True
http://www.naintialbank.co.in/english/home.aspx,1,True
http://www.nainitalank.co.in/english/home.aspx,1,True
http://www.nainitalbgank.co.in/english/home.aspx,1,True
http://www.nzainitalbank.co.in/english/home.aspx,1,True
http://www.nainitalbanko.co.in/english/home.aspx,1,True
http://www.nainitalbqank.co.in/english/home.aspx,1,True
http://www.nainitalban.co.in/english/home.aspx,1,True
http://www.nainit6albank.co.in/english/home.aspx,1,True
http://www.nainitaqlbank.co.in/english/home.aspx,1,True
http://www.naiitalbank.co.in/english/home.aspx,1,True
http://www.naijnitalbank.co.in/english/home.aspx,1,True
http://www.nainitalbankt.co.in/english/home.aspx,1,True
http://www.nainitalbabnk.co.in/english/home.aspx,1,True
http://www.nainitalbahnk.co.in/english/home.aspx,1,True
http://www.neinitalbank.co.in/english/home.aspx,1,True
http://www.nainitilbank.co.in/english/home.aspx,1,True
http://www.nainitalbzank.co.in/english/home.aspx,1,True
http://www.nainit1albank.co.in/english/home.aspx,1,True
http://www.naqinitalbank.co.in/english/home.aspx,1,True
http://www.naijitalbank.co.in/english/home.aspx,1,True
http://www.nainitalbajnk.co.in/english/home.aspx,1,True
http://www.nainitalbankf.co.in/english/home.aspx,1,True
http://www.nawinitalbank.co.in/english/home.aspx,1,True
http://www.nainidalbank.co.in/english/home.aspx,1,True
http://www.nainitalbaynk.co.in/english/home.aspx,1,True
http://www.nainitalbalk.co.in/english/home.aspx,1,True
http://www.naiunitalbank.co.in/english/home.aspx,1,True
http://www.nainitelbank.co.in/english/home.aspx,1,True
http://www.nainitalbaqnk.co.in/english/home.aspx,1,True
http://www.nainitalba1nk.co.in/english/home.aspx,1,True
http://www.nainitalbanjk.co.in/english/home.aspx,1,True
http://www.nainitalpbank.co.in/english/home.aspx,1,True
http://www.naynitalbank.co.in/english/home.aspx,1,True
http://www.nainitanbank.co.in/english/home.aspx,1,True
http://www.nainutalbank.co.in/english/home.aspx,1,True
http://www.nainitalbqank.co.in/english/home.aspx,1,True
http://www.nainitaylbank.co.in/english/home.aspx,1,True
http://www.nainialbank.co.in/english/home.aspx,1,True
http://www.nainitalbqnk.co.in/english/home.aspx,1,True
http://www.nainirtalbank.co.in/english/home.aspx,1,True
http://www.nainitalbankc.co.in/english/home.aspx,1,True
http://www.nainitalbankv.co.in/english/home.aspx,1,True
http://www.nainitalbankg.co.in/english/home.aspx,1,True
http://www.nnainitalbank.co.in/english/home.aspx,1,True
http://www.nainitalobank.co.in/english/home.aspx,1,True
http://www.nainitalbani.co.in/english/home.aspx,1,True
http://www.nainitalbanka.co.in/english/home.aspx,1,True
http://www.nainitalbank-nainitalbank.co.in/english/home.aspx,1,True
http://www.nainitalbankk.co.in/english/home.aspx,1,True
http://www.naini-talbank.co.in/english/home.aspx,1,True
http://www.nainatalbank.co.in/english/home.aspx,1,True
http://www.nainittalbank.co.in/english/home.aspx,1,True
http://www.nainmtalbank.co.in/english/home.aspx,1,True
http://www.nainitalbajnk.co.in/english/home.aspx,1,True
http://www.nainitolbank.co.in/english/home.aspx,1,True
http://www.nauinitalbank.co.in/english/home.aspx,1,True
http://www.nainitalbanks.co.in/english/home.aspx,1,True
http://www.nainitqalbank.co.in/english/home.aspx,1,True
http://www.nainitwalbank.co.in/english/home.aspx,1,True
http://www.nainiztalbank.co.in/english/home.aspx,1,True
http://www.nainitanbank.co.in/english/home.aspx,1,True
http://www.na.initalbank.co.in/english/home.aspx,1,True
http://www.nainitalbanj.co.in/english/home.aspx,1,True
http://www.nainitalbanc.co.in/english/home.aspx,1,True
http://www.nainitalbaznk.co.in/english/home.aspx,1,True
http://www.nainitalbanky.co.in/english/home.aspx,1,True
http://www.nainnitalbank.co.in/english/home.aspx,1,True
http://www.nainitalbankl.co.in/english/home.aspx,1,True
http://www.nainitalbsank.co.in/english/home.aspx,1,True
http://www.nai.nitalbank.co.in/english/home.aspx,1,True
http://www.nainytalbank.co.in/english/home.aspx,1,True
http://www.nainittalbank.co.in/english/home.aspx,1,True
http://www.nainitalbankv.co.in/english/home.aspx,1,True
http://www.nainitaplbank.co.in/english/home.aspx,1,True
http://www.nainitolbank.co.in/english/home.aspx,1,True
http://www.nainitalbink.co.in/english/home.aspx,1,True
http://www.nainitalbankx.co.in/english/home.aspx,1,True
http://www.nainitelbank.co.in/english/home.aspx,1,True
http://www.nainiualbank.co.in/english/home.aspx,1,True
http://www.nainitulbank.co.in/english/home.aspx,1,True
http://www.nainitalbonk.co.in/english/home.aspx,1,True
http://www.naynitalbank.co.in/english/home.aspx,1,True
http://www.nainitalbaank.co.in/english/home.aspx,1,True
http://www.nyainitalbank.co.in/english/home.aspx,1,True
http://www.nainitalbanbk.co.in/english/home.aspx,1,True
http://www.nainitalbanks.co.in/english/home.aspx,1,True
http://www.naiknitalbank.co.in/english/home.aspx,1,True
http://www.nainitallbank.co.in/english/home.aspx,1,True
http://www.nainitalabnk.co.in/english/home.aspx,1,True
http://www.nainitalbano.co.in/english/home.aspx,1,True
http://www.nainitalbqnk.co.in/english/home.aspx,1,True
http://www.nainutalbank.co.in/english/home.aspx,1,True
http://www.nakinitalbank.co.in/english/home.aspx,1,True
http://www.nainitalbunk.co.in/english/home.aspx,1,True
http://www.nainotalbank.co.in/english/home.aspx,1,True
http://www.nainitaolbank.co.in/english/home.aspx,1,True
http://www.nainitqlbank.co.in/english/home.aspx,1,True
http://www.nainitalbankj.co.in/english/home.aspx,1,True
http://www.nainitalbankb.co.in/english/home.aspx,1,True
http://www.naijitalbank.co.in/english/home.aspx,1,True
http://www.naiinitalbank.co.in/english/home.aspx,1,True
http://www.nqinitalbank.co.in/english/home.aspx,1,True
http://www.nainitalbalk.co.in/english/home.aspx,1,True
http://www.naini4albank.co.in/english/home.aspx,1,True
http://www.n-ainitalbank.co.in/english/home.aspx,1,True
http://www.nainit.albank.co.in/english/home.aspx,1,True
http://www.nainiftalbank.co.in/english/home.aspx,1,True
http://www.ncinitalbank.co.in/english/home.aspx,1,True
http://www.naini.talbank.co.in/english/home.aspx,1,True
http://www.nnainitalbank.co.in/english/home.aspx,1,True
http://www.nainitalbankh.co.in/english/home.aspx,1,True
http://www.nainitaljank.co.in/english/home.aspx,1,True
http://www.nainita1bank.co.in/english/home.aspx,1,True
http://www.lainitalbank.co.in/english/home.aspx,1,True
http://www.nainitalbani.co.in/english/home.aspx,1,True
http://www.naenitalbank.co.in/english/home.aspx,1,True
http://www.naenitalbank.co.in/english/home.aspx,1,True
http://www.n.ainitalbank.co.in/english/home.aspx,1,True
http://www.nainita.lbank.co.in/english/home.aspx,1,True
http://www.nainitalbnank.co.in/english/home.aspx,1,True
http://www.nainitalbankk.co.in/english/home.aspx,1,True
http://www.nainitambank.co.in/english/home.aspx,1,True
http://www.nainitqalbank.co.in/english/home.aspx,1,True
http://www.nainitalbasnk.co.in/english/home.aspx,1,True
http://www.nainitalkbank.co.in/english/home.aspx,1,True
http://www.nainitalbwank.co.in/english/home.aspx,1,True
http://www.nailitalbank.co.in/english/home.aspx,1,True
http://www.nainkitalbank.co.in/english/home.aspx,1,True
http://www.nainitalbvank.co.in/english/home.aspx,1,True
http://www.nainitalba1nk.co.in/english/home.aspx,1,True
http://www.nainitalbankr.co.in/english/home.aspx,1,True
http://www.neinitalbank.co.in/english/home.aspx,1,True
http://www.nainityalbank.co.in/english/home.aspx,1,True
http://www.nainitaalbank.co.in/english/home.aspx,1,True
http://www.nain-italbank.co.in/english/home.aspx,1,True
http://www.n-ainitalbank.co.in/english/home.aspx,1,True
http://www.nainitalbanku.co.in/english/home.aspx,1,True
http://www.nainiztalbank.co.in/english/home.aspx,1,True
http://www.nainitalb-ank.co.in/english/home.aspx,1,True
http://www.nainitablank.co.in/english/home.aspx,1,True
http://www.nainitalbankd.co.in/english/home.aspx,1,True
http://www.nainitalbanku.co.in/english/home.aspx,1,True
http://www.nainitalb2ank.co.in/english/home.aspx,1,True
http://www.fainitalbank.co.in/english/home.aspx,1,True
http://www.niinitalbank.co.in/english/home.aspx,1,True
http://www.nainitalbgank.co.in/english/home.aspx,1,True
http://www.nainitulbank.co.in/english/home.aspx,1,True
http://www.nainjitalbank.co.in/english/home.aspx,1,True
http://www.nainitalbankg.co.in/english/home.aspx,1,True
http://www.naanitalbank.co.in/english/home.aspx,1,True
http://www.nainitalbaank.co.in/english/home.aspx,1,True
http://www.na.initalbank.co.in/english/home.aspx,1,True
http://www.nainitalhbank.co.in/english/home.aspx,1,True
http://www.nainitalbbank.co.in/english/home.aspx,1,True
http://www.nainitaslbank.co.in/english/home.aspx,1,True
http://www.nainitalbankh.co.in/english/home.aspx,1,True
http://www.nainivalbank.co.in/english/home.aspx,1,True
http://www.naini-talbank.co.in/english/home.aspx,1,True
http://www.nainitalbanki.co.in/english/home.aspx,1,True
http://www.nainitalbink.co.in/english/home.aspx,1,True
http://www.naniitalbank.co.in/english/home.aspx,1,True
http://www.nainitalbcnk.co.in/english/home.aspx,1,True
http://www.naunitalbank.co.in/english/home.aspx,1,True
http://www.nainitalbaok.co.in/english/home.aspx,1,True
http://www.nainiitalbank.co.in/english/home.aspx,1,True
http://www.nainitlabank.co.in/english/home.aspx,1,True
http://www.nainitalbaqnk.co.in/english/home.aspx,1,True
http://www.nainmtalbank.co.in/english/home.aspx,1,True
http://www.nainitalgbank.co.in/english/home.aspx,1,True
http://www.nainitalbankt.co.in/english/home.aspx,1,True
http://www.fainitalbank.co.in/english/home.aspx,1,True
http://www.nainitalbankq.co.in/english/home.aspx,1,True
http://www.nainitalbawnk.co.in/english/home.aspx,1,True
http://www.nainita1lbank.co.in/english/home.aspx,1,True
http://www.naini4albank.co.in/english/home.aspx,1,True
http://www.jainitalbank.co.in/english/home.aspx,1,True
http://www.nainitalbbank.co.in/english/home.aspx,1,True
http://www.nainitalbankm.co.in/english/home.aspx,1,True
http://www.na8initalbank.co.in/english/home.aspx,1,True
http://www.noinitalbank.co.in/english/home.aspx,1,True
http://www.nazinitalbank.co.in/english/home.aspx,1,True
http://www.nainitalbanki.co.in/english/home.aspx,1,True
http://www.nainitclbank.co.in/english/home.aspx,1,True
http://www.naintialbank.co.in/english/home.aspx,1,True
http://www.naihnitalbank.co.in/english/home.aspx,1,True
http://www.nainitilbank.co.in/english/home.aspx,1,True
http://www.nainit-albank.co.in/english/home.aspx,1,True
http://www.najinitalbank.co.in/english/home.aspx,1,True
http://www.nainhitalbank.co.in/english/home.aspx,1,True
http://www.oainitalbank.co.in/english/home.aspx,1,True
http://www.nainitalban-k.co.in/english/home.aspx,1,True
http://www.nainitalbhank.co.in/english/home.aspx,1,True
http://www.nainitalbankw.co.in/english/home.aspx,1,True
http://www.nainita-lbank.co.in/english/home.aspx,1,True
http://www.nainitalban-k.co.in/english/home.aspx,1,True
http://www.nainiatlbank.co.in/english/home.aspx,1,True
http://www.nainita2lbank.co.in/english/home.aspx,1,True
http://www.nazinitalbank.co.in/english/home.aspx,1,True
http://www.nainitalbannk.co.in/english/home.aspx,1,True
http://www.nainita-lbank.co.in/english/home.aspx,1,True
http://www.nainitalbank-nainitalbank.co.in/english/home.aspx,1,True
http://www.nainiutalbank.co.in/english/home.aspx,1,True
http://www.naibnitalbank.co.in/english/home.aspx,1,True
http://www.nainitalhbank.co.in/english/home.aspx,1,True
http://www.naijnitalbank.co.in/english/home.aspx,1,True
http://www.nai8nitalbank.co.in/english/home.aspx,1,True
http://www.nainitalbankr.co.in/english/home.aspx,1,True
http://www.nainit2albank.co.in/english/home.aspx,1,True
http://www.nainijtalbank.co.in/english/home.aspx,1,True
http://www.nainitzalbank.co.in/english/home.aspx,1,True
http://www.nainitalbankl.co.in/english/home.aspx,1,True
http://www.nainitalbankf.co.in/english/home.aspx,1,True
http://www.nainuitalbank.co.in/english/home.aspx,1,True
http://www.nainitaslbank.co.in/english/home.aspx,1,True
http://www.naioitalbank.co.in/english/home.aspx,1,True
http://www.nainitalb1ank.co.in/english/home.aspx,1,True
http://www.naknitalbank.co.in/english/home.aspx,1,True
http://www.nainitaIbank.co.in/english/home.aspx,1,True
http://www.nainitalbankz.co.in/english/home.aspx,1,True
http://www.nainitalbankw.co.in/english/home.aspx,1,True
http://www.nwainitalbank.co.in/english/home.aspx,1,True
http://www.nainipalbank.co.in/english/home.aspx,1,True
http://www.nainotalbank.co.in/english/home.aspx,1,True
http://www.nianitalbank.co.in/english/home.aspx,1,True
http://www.nainitalbanko.co.in/english/home.aspx,1,True
http://www.nainit5albank.co.in/english/home.aspx,1,True
http://www.nainitalbankj.co.in/english/home.aspx,1,True
http://www.nainitalba-nk.co.in/english/home.aspx,1,True
http://www.nai9nitalbank.co.in/english/home.aspx,1,True
http://www.nainitalbakn.co.in/english/home.aspx,1,True
http://www.nainitalbanhk.co.in/english/home.aspx,1,True
http://www.nainitalnbank.co.in/english/home.aspx,1,True
http://www.nainipalbank.co.in/english/home.aspx,1,True
http://www.nainitadbank.co.in/english/home.aspx,1,True
http://www.nainitralbank.co.in/english/home.aspx,1,True
http://www.naiinitalbank.co.in/english/home.aspx,1,True
http://www.nainatalbank.co.in/english/home.aspx,1,True
http://www.nianitalbank.co.in/english/home.aspx,1,True
http://www.nasinitalbank.co.in/english/home.aspx,1,True
http://www.nainitahbank.co.in/english/home.aspx,1,True
http://www.na1initalbank.co.in/english/home.aspx,1,True
http://www.nainitalbankp.co.in/english/home.aspx,1,True
http://www.naniitalbank.co.in/english/home.aspx,1,True
http://www.na-initalbank.co.in/english/home.aspx,1,True
http://www.nainitalban.co.in/english/home.aspx,1,True
http://www.nainitfalbank.co.in/english/home.aspx,1,True
http://www.nainit.albank.co.in/english/home.aspx,1,True
http://www.nainitalbanky.co.in/english/home.aspx,1,True
http://www.n.ainitalbank.co.in/english/home.aspx,1,True
http://www.aninitalbank.co.in/english/home.aspx,1,True
http://www.naiintalbank.co.in/english/home.aspx,1,True
http://www.nainitamlbank.co.in/english/home.aspx,1,True
http://www.nuinitalbank.co.in/english/home.aspx,1,True
http://www.nainitalbnak.co.in/english/home.aspx,1,True
http://www.nainitalbanke.co.in/english/home.aspx,1,True
http://www.nainitalbanj.co.in/english/home.aspx,1,True
http://www.nainitalcank.co.in/english/home.aspx,1,True
http://www.naini.talbank.co.in/english/home.aspx,1,True
http://www.nainitalbaznk.co.in/english/home.aspx,1,True
http://www.ncinitalbank.co.in/english/home.aspx,1,True
http://www.nain-italbank.co.in/english/home.aspx,1,True
http://www.n.ainitalbank.co.in/english/home.aspx,1,True
http://www.nainitaIbank.co.in/english/home.aspx,1,True
http://www.nainitalbankz.co.in/english/home.aspx,1,True
http://www.nainitalbankx.co.in/english/home.aspx,1,True
http://www.nainitalbvank.co.in/english/home.aspx,1,True
http://www.n.ainitalbank.co.in/english/home.aspx,1,True
http://www.nainitalbano.co.in/english/home.aspx,1,True
http://www.nainitalba2nk.co.in/english/home.aspx,1,True
http://www.nainitaylbank.co.in/english/home.aspx,1,True
http://www.nai-nitalbank.co.in/english/home.aspx,1,True
http://www.nainitahbank.co.in/english/home.aspx,1,True
http://www.naiitalbank.co.in/english/home.aspx,1,True
http://www.nainitalbnk.co.in/english/home.aspx,1,True
http://www.nainitaplbank.co.in/english/home.aspx,1,True
http://www.nainitalbankx.co.in/english/home.aspx,1,True
http://www.nainiualbank.co.in/english/home.aspx,1,True
http://www.nainitalbankh.co.in/english/home.aspx,1,True
http://www.na-initalbank.co.in/english/home.aspx,1,True
http://www.naanitalbank.co.in/english/home.aspx,1,True
http://www.naini8talbank.co.in/english/home.aspx,1,True
http://www.nainitalbanbk.co.in/english/home.aspx,1,True
http://www.nainitadbank.co.in/english/home.aspx,1,True
http://www.naiinitalbank.co.in/english/home.aspx,1,True
http://www.nainitalbahnk.co.in/english/home.aspx,1,True
http://www.nainitalbaznk.co.in/english/home.aspx,1,True
http://www.nainipalbank.co.in/english/home.aspx,1,True
http://www.na1initalbank.co.in/english/home.aspx,1,True
http://www.nainitzalbank.co.in/english/home.aspx,1,True
http://www.nainitalbafk.co.in/english/home.aspx,1,True
http://www.nainkitalbank.co.in/english/home.aspx,1,True
http://www.nainitalbanky.co.in/english/home.aspx,1,True
http://www.nainitalabnk.co.in/english/home.aspx,1,True
http://www.nainitalbaok.co.in/english/home.aspx,1,True
http://www.nainitlbank.co.in/english/home.aspx,1,True
http://www.nainitalbaynk.co.in/english/home.aspx,1,True
http://www.nainittalbank.co.in/english/home.aspx,1,True
http://www.nainitamlbank.co.in/english/home.aspx,1,True
http://www.nainjitalbank.co.in/english/home.aspx,1,True
http://www.nainitalbgank.co.in/english/home.aspx,1,True
http://www.nainiztalbank.co.in/english/home.aspx,1,True
http://www.nainitalbankw.co.in/english/home.aspx,1,True
http://www.naini.talbank.co.in/english/home.aspx,1,True
http://www.naini9talbank.co.in/english/home.aspx,1,True
http://www.nainitalbankh.co.in/english/home.aspx,1,True
http://www.nainuitalbank.co.in/english/home.aspx,1,True
http://www.nainitalbajk.co.in/english/home.aspx,1,True
http://www.nain9italbank.co.in/english/home.aspx,1,True
http://www.na-initalbank.co.in/english/home.aspx,1,True
http://www.nain.italbank.co.in/english/home.aspx,1,True
http://www.aninitalbank.co.in/english/home.aspx,1,True
http://www.nailitalbank.co.in/english/home.aspx,1,True
http://www.nainitalbank-nainitalbank.co.in/english/home.aspx,1,True
http://www.na8initalbank.co.in/english/home.aspx,1,True
http://www.nainitalbaznk.co.in/english/home.aspx,1,True
http://www.nqinitalbank.co.in/english/home.aspx,1,True
http://www.fainitalbank.co.in/english/home.aspx,1,True
http://www.nwainitalbank.co.in/english/home.aspx,1,True
http://www.nainitalbankr.co.in/english/home.aspx,1,True
http://www.nainiutalbank.co.in/english/home.aspx,1,True
http://www.nainitalbanks.co.in/english/home.aspx,1,True
http://www.nainitalbankx.co.in/english/home.aspx,1,True
http://www.naijitalbank.co.in/english/home.aspx,1,True
http://www.nainitalbanka.co.in/english/home.aspx,1,True
http://www.nainitalbani.co.in/english/home.aspx,1,True
http://www.nainit2albank.co.in/english/home.aspx,1,True
http://www.nainitawlbank.co.in/english/home.aspx,1,True
http://www.nasinitalbank.co.in/english/home.aspx,1,True
http://www.nainitalpbank.co.in/english/home.aspx,1,True
http://www.nainit2albank.co.in/english/home.aspx,1,True
http://www.nazinitalbank.co.in/english/home.aspx,1,True
http://www.nainitalbzank.co.in/english/home.aspx,1,True
http://www.nainitalbbank.co.in/english/home.aspx,1,True
http://www.naunitalbank.co.in/english/home.aspx,1,True
http://www.nainitanbank.co.in/english/home.aspx,1,True
http://www.naainitalbank.co.in/english/home.aspx,1,True
http://www.nainitalb-ank.co.in/english/home.aspx,1,True
http://www.na.initalbank.co.in/english/home.aspx,1,True
http://www.naini-talbank.co.in/english/home.aspx,1,True
http://www.naihnitalbank.co.in/english/home.aspx,1,True
http://www.naini4albank.co.in/english/home.aspx,1,True
http://www.najinitalbank.co.in/english/home.aspx,1,True
http://www.n.ainitalbank.co.in/english/home.aspx,1,True
http://www.nainitaqlbank.co.in/english/home.aspx,1,True
http://www.oainitalbank.co.in/english/home.aspx,1,True
http://www.nainnitalbank.co.in/english/home.aspx,1,True
http://www.nainitalbalk.co.in/english/home.aspx,1,True
http://www.nainitqlbank.co.in/english/home.aspx,1,True
http://www.nainita1lbank.co.in/english/home.aspx,1,True
http://www.nainitulbank.co.in/english/home.aspx,1,True
http://www.nainita1bank.co.in/english/home.aspx,1,True
http://www.nainitazlbank.co.in/english/home.aspx,1,True
http://www.nainitalbankq.co.in/english/home.aspx,1,True
http://www.nainetalbank.co.in/english/home.aspx,1,True
http://www.nawinitalbank.co.in/english/home.aspx,1,True
http://www.naijnitalbank.co.in/english/home.aspx,1,True
http://www.ncinitalbank.co.in/english/home.aspx,1,True
http://www.nainitawlbank.co.in/english/home.aspx,1,True
http://www.nainitalbasnk.co.in/english/home.aspx,1,True
http://www.nainitalank.co.in/english/home.aspx,1,True
http://www.nainitalbakn.co.in/english/home.aspx,1,True
http://www.nailitalbank.co.in/english/home.aspx,1,True
http://www.nainitaIbank.co.in/english/home.aspx,1,True
http://www.naionitalbank.co.in/english/home.aspx,1,True
http://www.nainitalbanhk.co.in/english/home.aspx,1,True
http://www.nakinitalbank.co.in/english/home.aspx,1,True
http://www.nainitalrank.co.in/english/home.aspx,1,True
http://www.nainita2lbank.co.in/english/home.aspx,1,True
http://www.nainivalbank.co.in/english/home.aspx,1,True
http://www.nsainitalbank.co.in/english/home.aspx,1,True
http://www.nainitralbank.co.in/english/home.aspx,1,True
http://www.nainitalbbank.co.in/english/home.aspx,1,True
http://www.nahnitalbank.co.in/english/home.aspx,1,True
http://www.nainutalbank.co.in/english/home.aspx,1,True
http://www.naiknitalbank.co.in/english/home.aspx,1,True
http://www.naenitalbank.co.in/english/home.aspx,1,True
http://www.n-ainitalbank.co.in/english/home.aspx,1,True
http://www.nainitalbahnk.co.in/english/home.aspx,1,True
http://www.nainjitalbank.co.in/english/home.aspx,1,True
http://www.nainitalbasnk.co.in/english/home.aspx,1,True
http://www.nahnitalbank.co.in/english/home.aspx,1,True
http://www.nainitralbank.co.in/english/home.aspx,1,True
http://www.nainitalbink.co.in/english/home.aspx,1,True
http://www.naiitalbank.co.in/english/home.aspx,1,True
http://www.nainitalbnak.co.in/english/home.aspx,1,True
http://www.nainitalbani.co.in/english/home.aspx,1,True
http://www.nainitclbank.co.in/english/home.aspx,1,True
http://www.nainitaolbank.co.in/english/home.aspx,1,True
http://www.nainitalba1nk.co.in/english/home.aspx,1,True
http://www.nainitalgbank.co.in/english/home.aspx,1,True
http://www.nainitalbanhk.co.in/english/home.aspx,1,True
http://www.nainitalbsank.co.in/english/home.aspx,1,True
http://www.nainitalbanks.co.in/english/home.aspx,1,True
http://www.nainutalbank.co.in/english/home.aspx,1,True
http://www.nainitalnbank.co.in/english/home.aspx,1,True
http://www.nainitzalbank.co.in/english/home.aspx,1,True
http://www.nain9italbank.co.in/english/home.aspx,1,True
http://www.nainitalba2nk.co.in/english/home.aspx,1,True
http://www.naainitalbank.co.in/english/home.aspx,1,True
http://www.naunitalbank.co.in/english/home.aspx,1,True
http://www.nainitaylbank.co.in/english/home.aspx,1,True
http://www.naniitalbank.co.in/english/home.aspx,1,True
http://www.nainialbank.co.in/english/home.aspx,1,True
http://www.nainitalbankj.co.in/english/home.aspx,1,True
http://www.nainitalbwank.co.in/english/home.aspx,1,True
http://www.nainita-lbank.co.in/english/home.aspx,1,True
http://www.nainitalnbank.co.in/english/home.aspx,1,True
http://www.nainit.albank.co.in/english/home.aspx,1,True
http://www.naonitalbank.co.in/english/home.aspx,1,True
http://www.nainitaplbank.co.in/english/home.aspx,1,True
http://www.nainitclbank.co.in/english/home.aspx,1,True
http://www.nai.nitalbank.co.in/english/home.aspx,1,True
http://www.nainitalbafk.co.in/english/home.aspx,1,True
http://www.nainitalbanbk.co.in/english/home.aspx,1,True
http://www.nnainitalbank.co.in/english/home.aspx,1,True
http://www.nainitalbankk.co.in/english/home.aspx,1,True
http://www.nainitalank.co.in/english/home.aspx,1,True
http://www.niinitalbank.co.in/english/home.aspx,1,True
http://www.ninitalbank.co.in/english/home.aspx,1,True
http://www.nasinitalbank.co.in/english/home.aspx,1,True
http://www.nainitalbanj.co.in/english/home.aspx,1,True
http://www.nainitalbankg.co.in/english/home.aspx,1,True
http://www.nainitalbalk.co.in/english/home.aspx,1,True
http://www.neinitalbank.co.in/english/home.aspx,1,True
http://www.nain.italbank.co.in/english/home.aspx,1,True
http://www.nainitalbankm.co.in/english/home.aspx,1,True
http://www.nainitalbamnk.co.in/english/home.aspx,1,True
http://www.nianitalbank.co.in/english/home.aspx,1,True
http://www.nainitalbankp.co.in/english/home.aspx,1,True
http://www.nainktalbank.co.in/english/home.aspx,1,True
http://www.nauinitalbank.co.in/english/home.aspx,1,True
http://www.nqainitalbank.co.in/english/home.aspx,1,True
http://www.nainita.lbank.co.in/english/home.aspx,1,True
http://www.nainitalbhank.co.in/english/home.aspx,1,True
http://www.nain8italbank.co.in/english/home.aspx,1,True
http://www.nainatalbank.co.in/english/home.aspx,1,True
http://www.naanitalbank.co.in/english/home.aspx,1,True
http://www.neinitalbank.co.in/english/home.aspx,1,True
http://www.nainitolbank.co.in/english/home.aspx,1,True
http://www.nainitabank.co.in/english/home.aspx,1,True
http://www.naiinitalbank.co.in/english/home.aspx,1,True
http://www.nainitalpbank.co.in/english/home.aspx,1,True
http://www.nainitalbankg.co.in/english/home.aspx,1,True
http://www.na2initalbank.co.in/english/home.aspx,1,True
http://www.nainitalbankl.co.in/english/home.aspx,1,True
http://www.naini.talbank.co.in/english/home.aspx,1,True
http://www.nain-italbank.co.in/english/home.aspx,1,True
http://www.nainigtalbank.co.in/english/home.aspx,1,True
http://www.nainipalbank.co.in/english/home.aspx,1,True
http://www.nyainitalbank.co.in/english/home.aspx,1,True
http://www.nainitalcank.co.in/english/home.aspx,1,True
http://www.naini-talbank.co.in/english/home.aspx,1,True
http://www.nainitalbakn.co.in/english/home.aspx,1,True
http://www.nainitaklbank.co.in/english/home.aspx,1,True
http://www.nainiutalbank.co.in/english/home.aspx,1,True
http://www.ncinitalbank.co.in/english/home.aspx,1,True
http://www.nainitaslbank.co.in/english/home.aspx,1,True
http://www.nainitalkbank.co.in/english/home.aspx,1,True
http://www.naifitalbank.co.in/english/home.aspx,1,True
http://www.nainitalbanka.co.in/english/home.aspx,1,True
http://www.nainitalbankq.co.in/english/home.aspx,1,True
http://www.nainiytalbank.co.in/english/home.aspx,1,True
http://www.nainiftalbank.co.in/english/home.aspx,1,True
http://www.naibnitalbank.co.in/english/home.aspx,1,True
http://www.nainmitalbank.co.in/english/home.aspx,1,True
http://www.nainitalbanc.co.in/english/home.aspx,1,True
http://www.nai9nitalbank.co.in/english/home.aspx,1,True
http://www.nayinitalbank.co.in/english/home.aspx,1,True
http://www.nainitalbankf.co.in/english/home.aspx,1,True
http://www.nainitalbaok.co.in/english/home.aspx,1,True
http://www.nainit-albank.co.in/english/home.aspx,1,True
http://www.nainitaljank.co.in/english/home.aspx,1,True
http://www.nainitilbank.co.in/english/home.aspx,1,True
http://www.nainitalbankf.co.in/english/home.aspx,1,True
http://www.naoinitalbank.co.in/english/home.aspx,1,True
http://www.nainitalbonk.co.in/english/home.aspx,1,True
http://www.nazinitalbank.co.in/english/home.aspx,1,True
http://www.nainitalbunk.co.in/english/home.aspx,1,True
http://www.nainitalbankd.co.in/english/home.aspx,1,True
http://www.nainytalbank.co.in/english/home.aspx,1,True
http://www.nainitalb1ank.co.in/english/home.aspx,1,True
http://www.nainitfalbank.co.in/english/home.aspx,1,True
http://www.nainitalbqank.co.in/english/home.aspx,1,True
http://www.naintialbank.co.in/english/home.aspx,1,True
http://www.nainitfalbank.co.in/english/home.aspx,1,True
http://www.nainitalba-nk.co.in/english/home.aspx,1,True
http://www.nainmitalbank.co.in/english/home.aspx,1,True
http://www.naini6talbank.co.in/english/home.aspx,1,True
http://www.nainitadbank.co.in/english/home.aspx,1,True
http://www.naiunitalbank.co.in/english/home.aspx,1,True
http://www.nainitalmbank.co.in/english/home.aspx,1,True
http://www.nainijtalbank.co.in/english/home.aspx,1,True
http://www.nainitalbankr.co.in/english/home.aspx,1,True
http://www.nainit.albank.co.in/english/home.aspx,1,True
http://www.nainitalbenk.co.in/english/home.aspx,1,True
http://www.nainhitalbank.co.in/english/home.aspx,1,True
http://www.nainitalbenk.co.in/english/home.aspx,1,True
http://www.nainmtalbank.co.in/english/home.aspx,1,True
http://www.nainitalbankz.co.in/english/home.aspx,1,True
http://www.nainitalbyank.co.in/english/home.aspx,1,True
http://www.nainidalbank.co.in/english/home.aspx,1,True
http://www.nainatalbank.co.in/english/home.aspx,1,True
http://www.nainitablank.co.in/english/home.aspx,1,True
http://www.nainytalbank.co.in/english/home.aspx,1,True
http://www.naini4albank.co.in/english/home.aspx,1,True
http://www.naintialbank.co.in/english/home.aspx,1,True
http://www.nainnitalbank.co.in/english/home.aspx,1,True
http://www.nainitalfank.co.in/english/home.aspx,1,True
http://www.nainitaklbank.co.in/english/home.aspx,1,True
http://www.nainitalvbank.co.in/english/home.aspx,1,True
http://www.nainitalba-nk.co.in/english/home.aspx,1,True
http://www.nainitalbanky.co.in/english/home.aspx,1,True
http://www.naiknitalbank.co.in/english/home.aspx,1,True
http://www.naimnitalbank.co.in/english/home.aspx,1,True
http://www.naiintalbank.co.in/english/home.aspx,1,True
http://www.nainitelbank.co.in/english/home.aspx,1,True
http://www.nai-nitalbank.co.in/english/home.aspx,1,True
http://www.naifitalbank.co.in/english/home.aspx,1,True
http://www.nainoitalbank.co.in/english/home.aspx,1,True
http://www.nainita.lbank.co.in/english/home.aspx,1,True
http://www.nainitalbink.co.in/english/home.aspx,1,True
http://www.nainitalbqnk.co.in/english/home.aspx,1,True
http://www.nainitalcank.co.in/english/home.aspx,1,True
http://www.naini5talbank.co.in/english/home.aspx,1,True
http://www.nainitgalbank.co.in/english/home.aspx,1,True
http://www.nainitalbanmk.co.in/english/home.aspx,1,True
http://www.nainiztalbank.co.in/english/home.aspx,1,True
http://www.nainitsalbank.co.in/english/home.aspx,1,True
http://www.nainitalbwank.co.in/english/home.aspx,1,True
http://www.jainitalbank.co.in/english/home.aspx,1,True
http://www.noinitalbank.co.in/english/home.aspx,1,True
http://www.nainitalb2ank.co.in/english/home.aspx,1,True
http://www.nainitalbanke.co.in/english/home.aspx,1,True
http://www.nainitalbankj.co.in/english/home.aspx,1,True
http://www.nainitlabank.co.in/english/home.aspx,1,True
http://www.aninitalbank.co.in/english/home.aspx,1,True
http://www.nainitalbanku.co.in/english/home.aspx,1,True
http://www.nainitalbsank.co.in/english/home.aspx,1,True
http://www.nainitsalbank.co.in/english/home.aspx,1,True
http://www.nainitallbank.co.in/english/home.aspx,1,True
http://www.nainitaalbank.co.in/english/home.aspx,1,True
http://www.nainiualbank.co.in/english/home.aspx,1,True
http://www.nsainitalbank.co.in/english/home.aspx,1,True
http://www.nainitalbanke.co.in/english/home.aspx,1,True
http://www.naqinitalbank.co.in/english/home.aspx,1,True
http://www.nainityalbank.co.in/english/home.aspx,1,True
http://www.noinitalbank.co.in/english/home.aspx,1,True
http://www.nainit5albank.co.in/english/home.aspx,1,True
http://www.nainitalbanj.co.in/english/home.aspx,1,True
http://www.nainitalban-k.co.in/english/home.aspx,1,True
http://www.naniitalbank.co.in/english/home.aspx,1,True
http://www.nainitalbankn.co.in/english/home.aspx,1,True
http://www.nainitalbanko.co.in/english/home.aspx,1,True
http://www.nainirtalbank.co.in/english/home.aspx,1,True
http://www.naintalbank.co.in/english/home.aspx,1,True
http://www.nakinitalbank.co.in/english/home.aspx,1,True
http://www.nainitalbankt.co.in/english/home.aspx,1,True
http://www.nainirtalbank.co.in/english/home.aspx,1,True
http://www.nainitalmbank.co.in/english/home.aspx,1,True
http://www.nainitalvbank.co.in/english/home.aspx,1,True
http://www.nainitalbankb.co.in/english/home.aspx,1,True
http://www.nainktalbank.co.in/english/home.aspx,1,True
http://www.nainitqlbank.co.in/english/home.aspx,1,True
http://www.nainitalbajk.co.in/english/home.aspx,1,True
http://www.nainhtalbank.co.in/english/home.aspx,1,True
http://www.nainitaslbank.co.in/english/home.aspx,1,True
http://www.naini6talbank.co.in/english/home.aspx,1,True
http://www.nainitalbnank.co.in/english/home.aspx,1,True
http://www.nainitahbank.co.in/english/home.aspx,1,True
http://www.nainitalbannk.co.in/english/home.aspx,1,True
http://www.nainitalbonk.co.in/english/home.aspx,1,True
http://www.nainitalbcnk.co.in/english/home.aspx,1,True
http://www.nainitamlbank.co.in/english/home.aspx,1,True
http://www.nainitablank.co.in/english/home.aspx,1,True
http://www.namnitalbank.co.in/english/home.aspx,1,True
http://www.nainitalbank-nainitalbank.co.in/english/home.aspx,1,True
http://www.nainitalb-ank.co.in/english/home.aspx,1,True
http://www.n1ainitalbank.co.in/english/home.aspx,1,True
http://www.nainiatlbank.co.in/english/home.aspx,1,True
http://www.nainitalobank.co.in/english/home.aspx,1,True
http://www.nainityalbank.co.in/english/home.aspx,1,True
http://www.naynitalbank.co.in/english/home.aspx,1,True
http://www.nainotalbank.co.in/english/home.aspx,1,True
http://www.nqainitalbank.co.in/english/home.aspx,1,True
http://www.nainitalbqank.co.in/english/home.aspx,1,True
http://www.nainitalbanc.co.in/english/home.aspx,1,True
http://www.n1ainitalbank.co.in/english/home.aspx,1,True
http://www.nainiktalbank.co.in/english/home.aspx,1,True
http://www.na9initalbank.co.in/english/home.aspx,1,True
http://www.nainbitalbank.co.in/english/home.aspx,1,True
http://www.naijitalbank.co.in/english/home.aspx,1,True
http://www.nainitambank.co.in/english/home.aspx,1,True
http://www.nainitalbamnk.co.in/english/home.aspx,1,True
http://www.nqinitalbank.co.in/english/home.aspx,1,True
http://www.nainitalbgank.co.in/english/home.aspx,1,True
http://www.nainitalkbank.co.in/english/home.aspx,1,True
http://www.nainit6albank.co.in/english/home.aspx,1,True
http://www.nianitalbank.co.in/english/home.aspx,1,True
http://www.nyainitalbank.co.in/english/home.aspx,1,True
http://www.nainitolbank.co.in/english/home.aspx,1,True
http://www.nainitqalbank.co.in/english/home.aspx,1,True
http://www.nainitalbano.co.in/english/home.aspx,1,True
http://www.nnainitalbank.co.in/english/home.aspx,1,True
http://www.nauinitalbank.co.in/english/home.aspx,1,True
http://www.naioitalbank.co.in/english/home.aspx,1,True
http://www.nainitqalbank.co.in/english/home.aspx,1,True
http://www.nainitallbank.co.in/english/home.aspx,1,True
http://www.nainitalhbank.co.in/english/home.aspx,1,True
http://www.nainhtalbank.co.in/english/home.aspx,1,True
http://www.nainitalbanjk.co.in/english/home.aspx,1,True
http://www.nainiitalbank.co.in/english/home.aspx,1,True
http://www.nainitlbank.co.in/english/home.aspx,1,True
http://www.nzainitalbank.co.in/english/home.aspx,1,True
http://www.nainit6albank.co.in/english/home.aspx,1,True
http://www.nainitalb2ank.co.in/english/home.aspx,1,True
http://www.nainotalbank.co.in/english/home.aspx,1,True
http://www.naihnitalbank.co.in/english/home.aspx,1,True
http://www.nainiftalbank.co.in/english/home.aspx,1,True
http://www.nainitalbankl.co.in/english/home.aspx,1,True
http://www.nainitalbanki.co.in/english/home.aspx,1,True
http://www.nainiytalbank.co.in/english/home.aspx,1,True
http://www.nainitalbunk.co.in/english/home.aspx,1,True
http://www.nainitalbanko.co.in/english/home.aspx,1,True
http://www.nainitalbajnk.co.in/english/home.aspx,1,True
http://www.nainitalbankk.co.in/english/home.aspx,1,True
http://www.nainitalban-k.co.in/english/home.aspx,1,True
http://www.nainitalbankn.co.in/english/home.aspx,1,True
http://www.nuinitalbank.co.in/english/home.aspx,1,True
http://www.naioitalbank.co.in/english/home.aspx,1,True
http://www.nainitalbanku.co.in/english/home.aspx,1,True
http://www.nzainitalbank.co.in/english/home.aspx,1,True
http://www.lainitalbank.co.in/english/home.aspx,1,True
http://www.nain-italbank.co.in/english/home.aspx,1,True
http://www.nainitilbank.co.in/english/home.aspx,1,True
http://www.na.initalbank.co.in/english/home.aspx,1,True
http://www.naynitalbank.co.in/english/home.aspx,1,True
http://www.nainit-albank.co.in/english/home.aspx,1,True
http://www.nainitalbajnk.co.in/english/home.aspx,1,True
http://www.naionitalbank.co.in/english/home.aspx,1,True
http://www.nainitalbhank.co.in/english/home.aspx,1,True
http://www.naiintalbank.co.in/english/home.aspx,1,True
http://www.lainitalbank.co.in/english/home.aspx,1,True
http://www.na1initalbank.co.in/english/home.aspx,1,True
http://www.naqinitalbank.co.in/english/home.aspx,1,True
http://www.nainit1albank.co.in/english/home.aspx,1,True
http://www.nainitalbanki.co.in/english/home.aspx,1,True
http://www.nawinitalbank.co.in/english/home.aspx,1,True
http://www.nainitalbqnk.co.in/english/home.aspx,1,True
http://www.nai8nitalbank.co.in/english/home.aspx,1,True
http://www.nainitalbankv.co.in/english/home.aspx,1,True
http://www.nainitalbabnk.co.in/english/home.aspx,1,True
http://www.oainitalbank.co.in/english/home.aspx,1,True
http://www.ninitalbank.co.in/english/home.aspx,1,True
http://www.nainitalbnank.co.in/english/home.aspx,1,True
http://www.nainitalbankb.co.in/english/home.aspx,1,True
http://www.nainit1albank.co.in/english/home.aspx,1,True
http://www.nainitwalbank.co.in/english/home.aspx,1,True
http://www.nainoitalbank.co.in/english/home.aspx,1,True
http://www.nainitalbankc.co.in/english/home.aspx,1,True
http://www.nainitalrank.co.in/english/home.aspx,1,True
http://www.nainitabank.co.in/english/home.aspx,1,True
http://www.nainitalbnk.co.in/english/home.aspx,1,True
http://www.nainetalbank.co.in/english/home.aspx,1,True
http://www.niinitalbank.co.in/english/home.aspx,1,True
http://www.nainijtalbank.co.in/english/home.aspx,1,True
http://www.nainiktalbank.co.in/english/home.aspx,1,True
http://www.nainitalbyank.co.in/english/home.aspx,1,True
http://www.nainit5albank.co.in/english/home.aspx,1,True
http://www.nainitalfank.co.in/english/home.aspx,1,True
http://www.nainitalb1ank.co.in/english/home.aspx,1,True
http://www.naijnitalbank.co.in/english/home.aspx,1,True
http://www.naini5talbank.co.in/english/home.aspx,1,True
http://www.nainitalbaynk.co.in/english/home.aspx,1,True
http://www.nainuitalbank.co.in/english/home.aspx,1,True
http://www.nainitalbanmk.co.in/english/home.aspx,1,True
http://www.naiunitalbank.co.in/english/home.aspx,1,True
http://www.jainitalbank.co.in/english/home.aspx,1,True
http://www.nainita1bank.co.in/english/home.aspx,1,True
http://www.na2initalbank.co.in/english/home.aspx,1,True
http://www.nainitalbzank.co.in/english/home.aspx,1,True
http://www.nainiotalbank.co.in/english/home.aspx,1,True
http://www.najinitalbank.co.in/english/home.aspx,1,True
http://www.nainita-lbank.co.in/english/home.aspx,1,True
http://www.na8initalbank.co.in/english/home.aspx,1,True
http://www.nainitalbawnk.co.in/english/home.aspx,1,True
http://www.nainitaljank.co.in/english/home.aspx,1,True
http://www.nainmtalbank.co.in/english/home.aspx,1,True
http://www.nainitalbnak.co.in/english/home.aspx,1,True
http://www.fainitalbank.co.in/english/home.aspx,1,True
http://www.nainitazlbank.co.in/english/home.aspx,1,True
http://www.n.ainitalbank.co.in/english/home.aspx,1,True
http://www.naimnitalbank.co.in/english/home.aspx,1,True
http://www.nainitalbvank.co.in/english/home.aspx,1,True
http://www.nainitalban.co.in/english/home.aspx,1,True
http://www.nainidalbank.co.in/english/home.aspx,1,True
http://www.nainitanbank.co.in/english/home.aspx,1,True
http://www.nainkitalbank.co.in/english/home.aspx,1,True
http://www.nainitalbaqnk.co.in/english/home.aspx,1,True
http://www.nainitulbank.co.in/english/home.aspx,1,True
http://www.naibnitalbank.co.in/english/home.aspx,1,True
http://www.nai8nitalbank.co.in/english/home.aspx,1,True
http://www.nai.nitalbank.co.in/english/home.aspx,1,True
http://www.nainitalbak.co.in/english/home.aspx,1,True
http://www.nainitalbankv.co.in/english/home.aspx,1,True
http://www.naintalbank.co.in/english/home.aspx,1,True
http://www.nainitaqlbank.co.in/english/home.aspx,1,True
http://www.nainiatlbank.co.in/english/home.aspx,1,True
http://www.nainitalbaank.co.in/english/home.aspx,1,True
http://www.naoinitalbank.co.in/english/home.aspx,1,True
http://www.naonitalbank.co.in/english/home.aspx,1,True
http://www.nainitaolbank.co.in/english/home.aspx,1,True
http://www.n-ainitalbank.co.in/english/home.aspx,1,True
http://www.nainhitalbank.co.in/english/home.aspx,1,True
http://www.nainitalbankc.co.in/english/home.aspx,1,True
http://www.nainitalobank.co.in/english/home.aspx,1,True
http://www.naknitalbank.co.in/english/home.aspx,1,True
http://www.n2ainitalbank.co.in/english/home.aspx,1,True
http://www.nainitalba1nk.co.in/english/home.aspx,1,True
http://www.nainitgalbank.co.in/english/home.aspx,1,True
http://www.nainitalbannk.co.in/english/home.aspx,1,True
http://www.n2ainitalbank.co.in/english/home.aspx,1,True
http://www.nainitalbcnk.co.in/english/home.aspx,1,True
http://www.namnitalbank.co.in/english/home.aspx,1,True
http://www.nainitalhbank.co.in/english/home.aspx,1,True
http://www.nainitaIbank.co.in/english/home.aspx,1,True
http://www.nainitalabnk.co.in/english/home.aspx,1,True
http://www.nainitalbankt.co.in/english/home.aspx,1,True
http://www.nwainitalbank.co.in/english/home.aspx,1,True
http://www.nainitlabank.co.in/english/home.aspx,1,True
http://www.nainitalbabnk.co.in/english/home.aspx,1,True
http://www.nainitalbawnk.co.in/english/home.aspx,1,True
http://www.naknitalbank.co.in/english/home.aspx,1,True
http://www.nai9nitalbank.co.in/english/home.aspx,1,True
http://www.nainitalbankw.co.in/english/home.aspx,1,True
http://www.nainitalgbank.co.in/english/home.aspx,1,True
http://www.nainialbank.co.in/english/home.aspx,1,True
http://www.nainitalbankm.co.in/english/home.aspx,1,True
http://www.nainivalbank.co.in/english/home.aspx,1,True
http://www.naini9talbank.co.in/english/home.aspx,1,True
http://www.nainita1lbank.co.in/english/home.aspx,1,True
http://www.na9initalbank.co.in/english/home.aspx,1,True
http://www.nainiotalbank.co.in/english/home.aspx,1,True
http://www.nainigtalbank.co.in/english/home.aspx,1,True
http://www.nainitalbanjk.co.in/english/home.aspx,1,True
http://www.nain8italbank.co.in/english/home.aspx,1,True
http://www.nainitalbaqnk.co.in/english/home.aspx,1,True
http://www.nainitalbankd.co.in/english/home.aspx,1,True
http://www.nainitalbak.co.in/english/home.aspx,1,True
http://www.nainitambank.co.in/english/home.aspx,1,True
http://www.nainitwalbank.co.in/english/home.aspx,1,True
http://www.nainitelbank.co.in/english/home.aspx,1,True
http://www.naini8talbank.co.in/english/home.aspx,1,True
http://www.nainbitalbank.co.in/english/home.aspx,1,True
http://www.nuinitalbank.co.in/english/home.aspx,1,True
http://www.nainitalbankp.co.in/english/home.aspx,1,True
http://www.nainita2lbank.co.in/english/home.aspx,1,True
http://www.nainiitalbank.co.in/english/home.aspx,1,True
http://www.nainitalbankz.co.in/english/home.aspx,1,True
http://www.naenitalbank.co.in/english/home.aspx,1,True
http://www.nainittalbank.co.in/english/home.aspx,1,True
http://www.nayinitalbank.co.in/english/home.aspx,1,True
http://www.naintalbank.co.in/english/home.aspx,1,True
http://www.nainialbank.co.in/english/home.aspx,1,True
http://www.nainitalb1ank.co.in/english/home.aspx,1,True
http://www.nainitlbank.co.in/english/home.aspx,1,True
http://www.nainitalbaank.co.in/english/home.aspx,1,True
http://www.nainitalbzank.co.in/english/home.aspx,1,True
http://www.nainitalbajnk.co.in/english/home.aspx,1,True
http://www.nainitabank.co.in/english/home.aspx,1,True
http://www.nainitalb2ank.co.in/english/home.aspx,1,True
http://www.nazinitalbank.co.in/english/home.aspx,1,True
http://www.nainitsalbank.co.in/english/home.aspx,1,True
http://www.naiunitalbank.co.in/english/home.aspx,1,True
http://www.nainitazlbank.co.in/english/home.aspx,1,True
http://www.nainitalbakn.co.in/english/home.aspx,1,True
http://www.nainita1bank.co.in/english/home.aspx,1,True
http://www.nayinitalbank.co.in/english/home.aspx,1,True
http://www.na9initalbank.co.in/english/home.aspx,1,True
http://www.nainitalabnk.co.in/english/home.aspx,1,True
http://www.nainitalbankj.co.in/english/home.aspx,1,True
http://www.nainivalbank.co.in/english/home.aspx,1,True
http://www.nainitalba1nk.co.in/english/home.aspx,1,True
http://www.nainitahbank.co.in/english/home.aspx,1,True
http://www.nainuitalbank.co.in/english/home.aspx,1,True
http://www.nsainitalbank.co.in/english/home.aspx,1,True
http://www.nainitalank.co.in/english/home.aspx,1,True
http://www.nainiutalbank.co.in/english/home.aspx,1,True
http://www.nainitqlbank.co.in/english/home.aspx,1,True
http://www.nainitalbanky.co.in/english/home.aspx,1,True
http://www.nahnitalbank.co.in/english/home.aspx,1,True
http://www.nainitalbahnk.co.in/english/home.aspx,1,True
http://www.nainit2albank.co.in/english/home.aspx,1,True
http://www.nainitgalbank.co.in/english/home.aspx,1,True
http://www.nainitalbankw.co.in/english/home.aspx,1,True
http://www.nainitalbankh.co.in/english/home.aspx,1,True
http://www.naini4albank.co.in/english/home.aspx,1,True
http://www.nainitalbamnk.co.in/english/home.aspx,1,True
http://www.nqinitalbank.co.in/english/home.aspx,1,True
http://www.nainitalbankk.co.in/english/home.aspx,1,True
http://www.nain.italbank.co.in/english/home.aspx,1,True
http://www.nainitaplbank.co.in/english/home.aspx,1,True
http://www.nainitaslbank.co.in/english/home.aspx,1,True
http://www.aninitalbank.co.in/english/home.aspx,1,True
http://www.aninitalbank.co.in/english/home.aspx,1,True
http://www.n.ainitalbank.co.in/english/home.aspx,1,True
http://www.fainitalbank.co.in/english/home.aspx,1,True
http://www.naknitalbank.co.in/english/home.aspx,1,True
http://www.naini5talbank.co.in/english/home.aspx,1,True
http://www.nainiftalbank.co.in/english/home.aspx,1,True
http://www.nainitalban.co.in/english/home.aspx,1,True
http://www.nainirtalbank.co.in/english/home.aspx,1,True
http://www.nainitqlbank.co.in/english/home.aspx,1,True
http://www.nainitalbankq.co.in/english/home.aspx,1,True
http://www.nainitfalbank.co.in/english/home.aspx,1,True
http://www.nainityalbank.co.in/english/home.aspx,1,True
http://www.nainitawlbank.co.in/english/home.aspx,1,True
http://www.nainitalbnk.co.in/english/home.aspx,1,True
http://www.naijitalbank.co.in/english/home.aspx,1,True
http://www.nawinitalbank.co.in/english/home.aspx,1,True
http://www.naniitalbank.co.in/english/home.aspx,1,True
http://www.nainitalbqnk.co.in/english/home.aspx,1,True
http://www.noinitalbank.co.in/english/home.aspx,1,True
http://www.nainitalbabnk.co.in/english/home.aspx,1,True
http://www.nainitambank.co.in/english/home.aspx,1,True
http://www.nainitalbanku.co.in/english/home.aspx,1,True
http://www.na.initalbank.co.in/english/home.aspx,1,True
http://www.nainita.lbank.co.in/english/home.aspx,1,True
http://www.nainitalbanhk.co.in/english/home.aspx,1,True
http://www.nainittalbank.co.in/english/home.aspx,1,True
http://www.nainitalbzank.co.in/english/home.aspx,1,True
http://www.nainitclbank.co.in/english/home.aspx,1,True
http://www.nainitalbnank.co.in/english/home.aspx,1,True
http://www.nai.nitalbank.co.in/english/home.aspx,1,True
http://www.naimnitalbank.co.in/english/home.aspx,1,True
http://www.na.initalbank.co.in/english/home.aspx,1,True
http://www.nainitalbankf.co.in/english/home.aspx,1,True
http://www.nainitalbnak.co.in/english/home.aspx,1,True
http://www.nainitamlbank.co.in/english/home.aspx,1,True
http://www.nainitaylbank.co.in/english/home.aspx,1,True
http://www.nainitalbasnk.co.in/english/home.aspx,1,True
http://www.fainitalbank.co.in/english/home.aspx,1,True
http://www.nainitalbsank.co.in/english/home.aspx,1,True
http://www.nainitalba-nk.co.in/english/home.aspx,1,True
http://www.nainityalbank.co.in/english/home.aspx,1,True
http://www.naqinitalbank.co.in/english/home.aspx,1,True
http://www.naiknitalbank.co.in/english/home.aspx,1,True
http://www.nainitalbankv.co.in/english/home.aspx,1,True
http://www.nainitanbank.co.in/english/home.aspx,1,True
http://www.naynitalbank.co.in/english/home.aspx,1,True
http://www.nainit1albank.co.in/english/home.aspx,1,True
http://www.n1ainitalbank.co.in/english/home.aspx,1,True
http://www.nainiztalbank.co.in/english/home.aspx,1,True
http://www.nainit.albank.co.in/english/home.aspx,1,True
http://www.nainiotalbank.co.in/english/home.aspx,1,True
http://www.nainita-lbank.co.in/english/home.aspx,1,True
http://www.nainitalmbank.co.in/english/home.aspx,1,True
http://www.nainitalbajk.co.in/english/home.aspx,1,True
http://www.nainitalbanke.co.in/english/home.aspx,1,True
http://www.nainitadbank.co.in/english/home.aspx,1,True
http://www.nainitqalbank.co.in/english/home.aspx,1,True
http://www.nainitalbankv.co.in/english/home.aspx,1,True
http://www.nainitaljank.co.in/english/home.aspx,1,True
http://www.nainitalbhank.co.in/english/home.aspx,1,True
http://www.nainiitalbank.co.in/english/home.aspx,1,True
http://www.nainitalbvank.co.in/english/home.aspx,1,True
http://www.nainitalbanj.co.in/english/home.aspx,1,True
http://www.naini.talbank.co.in/english/home.aspx,1,True
http://www.nainitalbankn.co.in/english/home.aspx,1,True
http://www.nainitalvbank.co.in/english/home.aspx,1,True
http://www.nainbitalbank.co.in/english/home.aspx,1,True
http://www.nainitalban-k.co.in/english/home.aspx,1,True
http://www.nainitalbanki.co.in/english/home.aspx,1,True
http://www.na1initalbank.co.in/english/home.aspx,1,True
http://www.naintialbank.co.in/english/home.aspx,1,True
http://www.nainitalba1nk.co.in/english/home.aspx,1,True
http://www.na8initalbank.co.in/english/home.aspx,1,True
http://www.naini4albank.co.in/english/home.aspx,1,True
http://www.naynitalbank.co.in/english/home.aspx,1,True
http://www.nain9italbank.co.in/english/home.aspx,1,True
http://www.nainotalbank.co.in/english/home.aspx,1,True
http://www.naimnitalbank.co.in/english/home.aspx,1,True
http://www.nainitalpbank.co.in/english/home.aspx,1,True
http://www.nainitaylbank.co.in/english/home.aspx,1,True
http://www.nainitanbank.co.in/english/home.aspx,1,True
http://www.nainitzalbank.co.in/english/home.aspx,1,True
http://www.nainiitalbank.co.in/english/home.aspx,1,True
http://www.naniitalbank.co.in/english/home.aspx,1,True
http://www.nainmitalbank.co.in/english/home.aspx,1,True
http://www.niinitalbank.co.in/english/home.aspx,1,True
http://www.nai-nitalbank.co.in/english/home.aspx,1,True
http://www.nainhitalbank.co.in/english/home.aspx,1,True
http://www.nainitaolbank.co.in/english/home.aspx,1,True
http://www.nainitalbanhk.co.in/english/home.aspx,1,True
http://www.n2ainitalbank.co.in/english/home.aspx,1,True
http://www.nainitalbanka.co.in/english/home.aspx,1,True
http://www.nainitaqlbank.co.in/english/home.aspx,1,True
http://www.nainitalkbank.co.in/english/home.aspx,1,True
http://www.naibnitalbank.co.in/english/home.aspx,1,True
http://www.nakinitalbank.co.in/english/home.aspx,1,True
http://www.nazinitalbank.co.in/english/home.aspx,1,True
http://www.nainitalbaznk.co.in/english/home.aspx,1,True
http://www.nainitalkbank.co.in/english/home.aspx,1,True
http://www.nainoitalbank.co.in/english/home.aspx,1,True
http://www.na2initalbank.co.in/english/home.aspx,1,True
http://www.nainitalbahnk.co.in/english/home.aspx,1,True
http://www.nainitalbanmk.co.in/english/home.aspx,1,True
http://www.nainutalbank.co.in/english/home.aspx,1,True
http://www.naini5talbank.co.in/english/home.aspx,1,True
http://www.nainitalbankl.co.in/english/home.aspx,1,True
http://www.naenitalbank.co.in/english/home.aspx,1,True
http://www.nainitalbankc.co.in/english/home.aspx,1,True
http://www.nainita1bank.co.in/english/home.aspx,1,True
http://www.nainmtalbank.co.in/english/home.aspx,1,True
http://www.nainitaslbank.co.in/english/home.aspx,1,True
http://www.nainitalbunk.co.in/english/home.aspx,1,True
http://www.nainitalbakn.co.in/english/home.aspx,1,True
http://www.nainitalbenk.co.in/english/home.aspx,1,True
http://www.nainitalbasnk.co.in/english/home.aspx,1,True
http://www.nainitalhbank.co.in/english/home.aspx,1,True
http://www.nainitalba2nk.co.in/english/home.aspx,1,True
http://www.oainitalbank.co.in/english/home.aspx,1,True
http://www.naunitalbank.co.in/english/home.aspx,1,True
http://www.nainitalbalk.co.in/english/home.aspx,1,True
http://www.nainitalban.co.in/english/home.aspx,1,True
http://www.nainitalbaqnk.co.in/english/home.aspx,1,True
http://www.nainitalbanko.co.in/english/home.aspx,1,True
http://www.nainiytalbank.co.in/english/home.aspx,1,True
http://www.nainitablank.co.in/english/home.aspx,1,True
http://www.nainitsalbank.co.in/english/home.aspx,1,True
http://www.nasinitalbank.co.in/english/home.aspx,1,True
http://www.naini9talbank.co.in/english/home.aspx,1,True
http://www.nai8nitalbank.co.in/english/home.aspx,1,True
http://www.naini6talbank.co.in/english/home.aspx,1,True
http://www.naihnitalbank.co.in/english/home.aspx,1,True
http://www.nainita1lbank.co.in/english/home.aspx,1,True
http://www.naiintalbank.co.in/english/home.aspx,1,True
http://www.nawinitalbank.co.in/english/home.aspx,1,True
http://www.nainitalbqnk.co.in/english/home.aspx,1,True
http://www.ninitalbank.co.in/english/home.aspx,1,True
http://www.nainitalbaznk.co.in/english/home.aspx,1,True
http://www.nainitadbank.co.in/english/home.aspx,1,True
http://www.na1initalbank.co.in/english/home.aspx,1,True
http://www.nainitalbanbk.co.in/english/home.aspx,1,True
http://www.ncinitalbank.co.in/english/home.aspx,1,True
http://www.nainitaalbank.co.in/english/home.aspx,1,True
http://www.nainitalbqank.co.in/english/home.aspx,1,True
http://www.naanitalbank.co.in/english/home.aspx,1,True
http://www.najinitalbank.co.in/english/home.aspx,1,True
http://www.nainit2albank.co.in/english/home.aspx,1,True
http://www.nainitfalbank.co.in/english/home.aspx,1,True
http://www.nainiatlbank.co.in/english/home.aspx,1,True
http://www.nainitalbanjk.co.in/english/home.aspx,1,True
http://www.lainitalbank.co.in/english/home.aspx,1,True
http://www.naini6talbank.co.in/english/home.aspx,1,True
http://www.nain9italbank.co.in/english/home.aspx,1,True
http://www.nainitalbankt.co.in/english/home.aspx,1,True
http://www.nainhtalbank.co.in/english/home.aspx,1,True
http://www.nainijtalbank.co.in/english/home.aspx,1,True
http://www.nainijtalbank.co.in/english/home.aspx,1,True
http://www.na2initalbank.co.in/english/home.aspx,1,True
http://www.nainitalbaok.co.in/english/home.aspx,1,True
http://www.naoinitalbank.co.in/english/home.aspx,1,True
http://www.n1ainitalbank.co.in/english/home.aspx,1,True
http://www.nainitzalbank.co.in/english/home.aspx,1,True
http://www.nainitalb-ank.co.in/english/home.aspx,1,True
http://www.oainitalbank.co.in/english/home.aspx,1,True
http://www.nainit-albank.co.in/english/home.aspx,1,True
http://www.nwainitalbank.co.in/english/home.aspx,1,True
http://www.nainitalbankm.co.in/english/home.aspx,1,True
http://www.naini9talbank.co.in/english/home.aspx,1,True
http://www.nianitalbank.co.in/english/home.aspx,1,True
http://www.nainitalpbank.co.in/english/home.aspx,1,True
http://www.nainit.albank.co.in/english/home.aspx,1,True
http://www.nainittalbank.co.in/english/home.aspx,1,True
http://www.nainiktalbank.co.in/english/home.aspx,1,True
http://www.nainitalbnak.co.in/english/home.aspx,1,True
http://www.nainita2lbank.co.in/english/home.aspx,1,True
http://www.nainitalbankw.co.in/english/home.aspx,1,True
http://www.na-initalbank.co.in/english/home.aspx,1,True
http://www.nainigtalbank.co.in/english/home.aspx,1,True
http://www.nainit1albank.co.in/english/home.aspx,1,True
http://www.nainitalbonk.co.in/english/home.aspx,1,True
http://www.nasinitalbank.co.in/english/home.aspx,1,True
http://www.nainitaalbank.co.in/english/home.aspx,1,True
http://www.naenitalbank.co.in/english/home.aspx,1,True
http://www.nainitalbbank.co.in/english/home.aspx,1,True
http://www.nainitalbankx.co.in/english/home.aspx,1,True
http://www.nainitahbank.co.in/english/home.aspx,1,True
http://www.nainitalbgank.co.in/english/home.aspx,1,True
http://www.nainitalbankk.co.in/english/home.aspx,1,True
http://www.nainitlabank.co.in/english/home.aspx,1,True
http://www.nqainitalbank.co.in/english/home.aspx,1,True
http://www.nainitalbaok.co.in/english/home.aspx,1,True
http://www.nain8italbank.co.in/english/home.aspx,1,True
http://www.nwainitalbank.co.in/english/home.aspx,1,True
http://www.nainitalbanks.co.in/english/home.aspx,1,True
http://www.nainutalbank.co.in/english/home.aspx,1,True
http://www.nainitaklbank.co.in/english/home.aspx,1,True
http://www.nainitalbanks.co.in/english/home.aspx,1,True
http://www.nainjitalbank.co.in/english/home.aspx,1,True
http://www.jainitalbank.co.in/english/home.aspx,1,True
http://www.nainitalbanjk.co.in/english/home.aspx,1,True
http://www.nainitalbanc.co.in/english/home.aspx,1,True
http://www.nainitalbak.co.in/english/home.aspx,1,True
http://www.nainkitalbank.co.in/english/home.aspx,1,True
http://www.nainitalbannk.co.in/english/home.aspx,1,True
http://www.nainitalbanky.co.in/english/home.aspx,1,True
http://www.nainita-lbank.co.in/english/home.aspx,1,True
http://www.nainitolbank.co.in/english/home.aspx,1,True
http://www.nainitralbank.co.in/english/home.aspx,1,True
http://www.nainitalbani.co.in/english/home.aspx,1,True
http://www.nainit6albank.co.in/english/home.aspx,1,True
http://www.nainitilbank.co.in/english/home.aspx,1,True
http://www.nainitalbabnk.co.in/english/home.aspx,1,True
http://www.n-ainitalbank.co.in/english/home.aspx,1,True
http://www.nahnitalbank.co.in/english/home.aspx,1,True
http://www.nainitralbank.co.in/english/home.aspx,1,True
http://www.nai.nitalbank.co.in/english/home.aspx,1,True
http://www.nainetalbank.co.in/english/home.aspx,1,True
http://www.nainitalbank-nainitalbank.co.in/english/home.aspx,1,True
http://www.naijnitalbank.co.in/english/home.aspx,1,True
http://www.nqainitalbank.co.in/english/home.aspx,1,True
http://www.naiinitalbank.co.in/english/home.aspx,1,True
http://www.nainitalbwank.co.in/english/home.aspx,1,True
http://www.nainitalobank.co.in/english/home.aspx,1,True
http://www.naqinitalbank.co.in/english/home.aspx,1,True
http://www.naijitalbank.co.in/english/home.aspx,1,True
http://www.nainetalbank.co.in/english/home.aspx,1,True
http://www.nainipalbank.co.in/english/home.aspx,1,True
http://www.nainitalabnk.co.in/english/home.aspx,1,True
http://www.nainitalbankp.co.in/english/home.aspx,1,True
http://www.naoinitalbank.co.in/english/home.aspx,1,True
http://www.nqinitalbank.co.in/english/home.aspx,1,True
http://www.naiknitalbank.co.in/english/home.aspx,1,True
http://www.naini8talbank.co.in/english/home.aspx,1,True
http://www.naibnitalbank.co.in/english/home.aspx,1,True
http://www.nainiatlbank.co.in/english/home.aspx,1,True
http://www.nainuitalbank.co.in/english/home.aspx,1,True
http://www.naiitalbank.co.in/english/home.aspx,1,True
http://www.nainiutalbank.co.in/english/home.aspx,1,True
http://www.nainitalbankn.co.in/english/home.aspx,1,True
http://www.nainitalrank.co.in/english/home.aspx,1,True
http://www.namnitalbank.co.in/english/home.aspx,1,True
http://www.nainatalbank.co.in/english/home.aspx,1,True
http://www.n.ainitalbank.co.in/english/home.aspx,1,True
http://www.nainitabank.co.in/english/home.aspx,1,True
http://www.nainitalbonk.co.in/english/home.aspx,1,True
http://www.nainitalbankb.co.in/english/home.aspx,1,True
http://www.nainitaklbank.co.in/english/home.aspx,1,True
http://www.nainitalnbank.co.in/english/home.aspx,1,True
http://www.nainitalbak.co.in/english/home.aspx,1,True
http://www.nainitalbsank.co.in/english/home.aspx,1,True
http://www.nainitalbaank.co.in/english/home.aspx,1,True
http://www.n-ainitalbank.co.in/english/home.aspx,1,True
http://www.jainitalbank.co.in/english/home.aspx,1,True
http://www.nainitalbgank.co.in/english/home.aspx,1,True
http://www.nainitalbanke.co.in/english/home.aspx,1,True
http://www.nainirtalbank.co.in/english/home.aspx,1,True
http://www.nainitalbani.co.in/english/home.aspx,1,True
http://www.nainitalbink.co.in/english/home.aspx,1,True
http://www.nzainitalbank.co.in/english/home.aspx,1,True
http://www.nainitalbwank.co.in/english/home.aspx,1,True
http://www.nainitalbankh.co.in/english/home.aspx,1,True
http://www.nainitalbankt.co.in/english/home.aspx,1,True
http://www.nainitalbanka.co.in/english/home.aspx,1,True
http://www.nainitazlbank.co.in/english/home.aspx,1,True
http://www.nainitalba2nk.co.in/english/home.aspx,1,True
http://www.nainktalbank.co.in/english/home.aspx,1,True
http://www.na8initalbank.co.in/english/home.aspx,1,True
http://www.nainytalbank.co.in/english/home.aspx,1,True
http://www.nakinitalbank.co.in/english/home.aspx,1,True
http://www.nainhitalbank.co.in/english/home.aspx,1,True
http://www.nailitalbank.co.in/english/home.aspx,1,True
http://www.nainkitalbank.co.in/english/home.aspx,1,True
http://www.nainitambank.co.in/english/home.aspx,1,True
http://www.nainiualbank.co.in/english/home.aspx,1,True
http://www.nai9nitalbank.co.in/english/home.aspx,1,True
http://www.neinitalbank.co.in/english/home.aspx,1,True
http://www.nainitalgbank.co.in/english/home.aspx,1,True
http://www.naonitalbank.co.in/english/home.aspx,1,True
http://www.naijnitalbank.co.in/english/home.aspx,1,True
http://www.nainitelbank.co.in/english/home.aspx,1,True
http://www.nainitalbank-nainitalbank.co.in/english/home.aspx,1,True
http://www.nainipalbank.co.in/english/home.aspx,1,True
http://www.nainbitalbank.co.in/english/home.aspx,1,True
http://www.nainitalbankz.co.in/english/home.aspx,1,True
http://www.nainitalvbank.co.in/english/home.aspx,1,True
http://www.nainidalbank.co.in/english/home.aspx,1,True
http://www.nyainitalbank.co.in/english/home.aspx,1,True
http://www.naonitalbank.co.in/english/home.aspx,1,True
http://www.nainit5albank.co.in/english/home.aspx,1,True
http://www.nainitalbhank.co.in/english/home.aspx,1,True
http://www.nainitalbaynk.co.in/english/home.aspx,1,True
http://www.nainitalbankm.co.in/english/home.aspx,1,True
http://www.nainitalbanc.co.in/english/home.aspx,1,True
http://www.nainitalbalk.co.in/english/home.aspx,1,True
http://www.nainitulbank.co.in/english/home.aspx,1,True
http://www.nainitalbvank.co.in/english/home.aspx,1,True
http://www.nianitalbank.co.in/english/home.aspx,1,True
http://www.nainitalbano.co.in/english/home.aspx,1,True
http://www.najinitalbank.co.in/english/home.aspx,1,True
http://www.naunitalbank.co.in/english/home.aspx,1,True
http://www.nainitalbajk.co.in/english/home.aspx,1,True
http://www.nainktalbank.co.in/english/home.aspx,1,True
http://www.n.ainitalbank.co.in/english/home.aspx,1,True
http://www.nzainitalbank.co.in/english/home.aspx,1,True
http://www.naiinitalbank.co.in/english/home.aspx,1,True
http://www.noinitalbank.co.in/english/home.aspx,1,True
http://www.nainnitalbank.co.in/english/home.aspx,1,True
http://www.nailitalbank.co.in/english/home.aspx,1,True
http://www.nainitalbink.co.in/english/home.aspx,1,True
http://www.nainit5albank.co.in/english/home.aspx,1,True
http://www.naini.talbank.co.in/english/home.aspx,1,True
http://www.nainitaplbank.co.in/english/home.aspx,1,True
http://www.nainitalbyank.co.in/english/home.aspx,1,True
http://www.nainitaolbank.co.in/english/home.aspx,1,True
http://www.nainitalbnank.co.in/english/home.aspx,1,True
http://www.nainitalbankl.co.in/english/home.aspx,1,True
http://www.lainitalbank.co.in/english/home.aspx,1,True
http://www.nainiztalbank.co.in/english/home.aspx,1,True
http://www.nainitalbunk.co.in/english/home.aspx,1,True
http://www.nyainitalbank.co.in/english/home.aspx,1,True
http://www.nainitalbqank.co.in/english/home.aspx,1,True
http://www.nainitalfank.co.in/english/home.aspx,1,True
http://www.nainitalbawnk.co.in/english/home.aspx,1,True
http://www.naifitalbank.co.in/english/home.aspx,1,True
http://www.nsainitalbank.co.in/english/home.aspx,1,True
http://www.nainitalban-k.co.in/english/home.aspx,1,True
http://www.nainitalbafk.co.in/english/home.aspx,1,True
http://www.naioitalbank.co.in/english/home.aspx,1,True
http://www.naini-talbank.co.in/english/home.aspx,1,True
http://www.nainitaIbank.co.in/english/home.aspx,1,True
http://www.nainitalbankf.co.in/english/home.aspx,1,True
http://www.n.ainitalbank.co.in/english/home.aspx,1,True
http://www.nainitalobank.co.in/english/home.aspx,1,True
http://www.nainitalank.co.in/english/home.aspx,1,True
http://www.nainita2lbank.co.in/english/home.aspx,1,True
http://www.naini-talbank.co.in/english/home.aspx,1,True
http://www.nainitalbankg.co.in/english/home.aspx,1,True
http://www.namnitalbank.co.in/english/home.aspx,1,True
http://www.nainitgalbank.co.in/english/home.aspx,1,True
http://www.nainitwalbank.co.in/english/home.aspx,1,True
http://www.nai8nitalbank.co.in/english/home.aspx,1,True
http://www.nainit6albank.co.in/english/home.aspx,1,True
http://www.nainitalbanmk.co.in/english/home.aspx,1,True
http://www.naknitalbank.co.in/english/home.aspx,1,True
http://www.nainitalb-ank.co.in/english/home.aspx,1,True
http://www.nainiotalbank.co.in/english/home.aspx,1,True
http://www.na-initalbank.co.in/english/home.aspx,1,True
http://www.naintialbank.co.in/english/home.aspx,1,True
http://www.nainiktalbank.co.in/english/home.aspx,1,True
http://www.naiintalbank.co.in/english/home.aspx,1,True
http://www.nainitalbenk.co.in/english/home.aspx,1,True
http://www.nainitalbankr.co.in/english/home.aspx,1,True
http://www.nainiytalbank.co.in/english/home.aspx,1,True
http://www.naionitalbank.co.in/english/home.aspx,1,True
http://www.nnainitalbank.co.in/english/home.aspx,1,True
http://www.naintalbank.co.in/english/home.aspx,1,True
http://www.n2ainitalbank.co.in/english/home.aspx,1,True
http://www.nainitalbaqnk.co.in/english/home.aspx,1,True
http://www.nainit-albank.co.in/english/home.aspx,1,True
http://www.nainytalbank.co.in/english/home.aspx,1,True
http://www.nainitaqlbank.co.in/english/home.aspx,1,True
http://www.nainitaIbank.co.in/english/home.aspx,1,True
http://www.nainitalbano.co.in/english/home.aspx,1,True
http://www.nainita1lbank.co.in/english/home.aspx,1,True
http://www.nainitalbankd.co.in/english/home.aspx,1,True
http://www.nainiualbank.co.in/english/home.aspx,1,True
http://www.nainitalbajnk.co.in/english/home.aspx,1,True
http://www.nain.italbank.co.in/english/home.aspx,1,True
http://www.nainiftalbank.co.in/english/home.aspx,1,True
http://www.naiunitalbank.co.in/english/home.aspx,1,True
http://www.nainitalbcnk.co.in/english/home.aspx,1,True
http://www.nainatalbank.co.in/english/home.aspx,1,True
http://www.nainitallbank.co.in/english/home.aspx,1,True
http://www.nainitalgbank.co.in/english/home.aspx,1,True
http://www.nainitalbyank.co.in/english/home.aspx,1,True
http://www.nainitawlbank.co.in/english/home.aspx,1,True
http://www.nainitwalbank.co.in/english/home.aspx,1,True
http://www.ninitalbank.co.in/english/home.aspx,1,True
http://www.nainjitalbank.co.in/english/home.aspx,1,True
http://www.nain-italbank.co.in/english/home.aspx,1,True
http://www.nainitalcank.co.in/english/home.aspx,1,True
http://www.nainita.lbank.co.in/english/home.aspx,1,True
http://www.naainitalbank.co.in/english/home.aspx,1,True
http://www.neinitalbank.co.in/english/home.aspx,1,True
http://www.nainitalbankb.co.in/english/home.aspx,1,True
http://www.nain-italbank.co.in/english/home.aspx,1,True
http://www.nainitalb1ank.co.in/english/home.aspx,1,True
http://www.nainitalbaynk.co.in/english/home.aspx,1,True
http://www.nainitalhbank.co.in/english/home.aspx,1,True
http://www.nainitalrank.co.in/english/home.aspx,1,True
http://www.nainitlabank.co.in/english/home.aspx,1,True
http://www.nainitlbank.co.in/english/home.aspx,1,True
http://www.nainitalbafk.co.in/english/home.aspx,1,True
http://www.naionitalbank.co.in/english/home.aspx,1,True
http://www.nainitalbnk.co.in/english/home.aspx,1,True
http://www.nainitalbankz.co.in/english/home.aspx,1,True
http://www.nainitalbankd.co.in/english/home.aspx,1,True
http://www.nainitalba-nk.co.in/english/home.aspx,1,True
http://www.naihnitalbank.co.in/english/home.aspx,1,True
http://www.nainitalbcnk.co.in/english/home.aspx,1,True
http://www.nainidalbank.co.in/english/home.aspx,1,True
http://www.nainitalbankr.co.in/english/home.aspx,1,True
http://www.naifitalbank.co.in/english/home.aspx,1,True
http://www.nainitulbank.co.in/english/home.aspx,1,True
http://www.nai9nitalbank.co.in/english/home.aspx,1,True
http://www.nain8italbank.co.in/english/home.aspx,1,True
http://www.nainitilbank.co.in/english/home.aspx,1,True
http://www.niinitalbank.co.in/english/home.aspx,1,True
http://www.nainitalnbank.co.in/english/home.aspx,1,True
http://www.nainitalbankg.co.in/english/home.aspx,1,True
http://www.nainitaljank.co.in/english/home.aspx,1,True
http://www.nainotalbank.co.in/english/home.aspx,1,True
http://www.nai-nitalbank.co.in/english/home.aspx,1,True
http://www.nainitclbank.co.in/english/home.aspx,1,True
http://www.nainitalbankc.co.in/english/home.aspx,1,True
http://www.nainitalmbank.co.in/english/home.aspx,1,True
http://www.nainitelbank.co.in/english/home.aspx,1,True
http://www.nainitalbankx.co.in/english/home.aspx,1,True
http://www.nainhtalbank.co.in/english/home.aspx,1,True
http://www.nainitalcank.co.in/english/home.aspx,1,True
http://www.naainitalbank.co.in/english/home.aspx,1,True
http://www.nayinitalbank.co.in/english/home.aspx,1,True
http://www.nainmitalbank.co.in/english/home.aspx,1,True
http://www.nainitallbank.co.in/english/home.aspx,1,True
http://www.nainitolbank.co.in/english/home.aspx,1,True
http://www.nauinitalbank.co.in/english/home.aspx,1,True
http://www.nainitamlbank.co.in/english/home.aspx,1,True
http://www.nainitqalbank.co.in/english/home.aspx,1,True
http://www.nainitalbawnk.co.in/english/home.aspx,1,True
http://www.nainitalbankp.co.in/english/home.aspx,1,True
http://www.na9initalbank.co.in/english/home.aspx,1,True
http://www.nainitalbanbk.co.in/english/home.aspx,1,True
http://www.ncinitalbank.co.in/english/home.aspx,1,True
http://www.nuinitalbank.co.in/english/home.aspx,1,True
http://www.naiitalbank.co.in/english/home.aspx,1,True
http://www.nuinitalbank.co.in/english/home.aspx,1,True
http://www.naini8talbank.co.in/english/home.aspx,1,True
http://www.nainialbank.co.in/english/home.aspx,1,True
http://www.nainmtalbank.co.in/english/home.aspx,1,True
http://www.nainitalbanku.co.in/english/home.aspx,1,True
http://www.nainitablank.co.in/english/home.aspx,1,True
http://www.naioitalbank.co.in/english/home.aspx,1,True
http://www.nainitalbanko.co.in/english/home.aspx,1,True
http://www.nainivalbank.co.in/english/home.aspx,1,True
http://www.nainitalbanki.co.in/english/home.aspx,1,True
http://www.nainitalbankq.co.in/english/home.aspx,1,True
http://www.nainitalb2ank.co.in/english/home.aspx,1,True
http://www.nainitalbanj.co.in/english/home.aspx,1,True
http://www.nainitalfank.co.in/english/home.aspx,1,True
http://www.naanitalbank.co.in/english/home.aspx,1,True
http://www.nauinitalbank.co.in/english/home.aspx,1,True
http://www.nainitalbankj.co.in/english/home.aspx,1,True
http://www.nainoitalbank.co.in/english/home.aspx,1,True
http://www.nainitalbamnk.co.in/english/home.aspx,1,True
http://www.nainigtalbank.co.in/english/home.aspx,1,True
http://www.nainitazlbank.co.in/english/home.aspx,1,True
http://www.nailitalbank.co.in/english/home.aspx,1,True
http://www.naiknitalbank.co.in/english/home.aspx,1,True
http://www.naifitalbank.co.in/english/home.aspx,1,True
http://www.nainitalvbank.co.in/english/home.aspx,1,True
http://www.nainitamlbank.co.in/english/home.aspx,1,True
http://www.nayinitalbank.co.in/english/home.aspx,1,True
http://www.nainitaklbank.co.in/english/home.aspx,1,True
http://www.nainitalbano.co.in/english/home.aspx,1,True
http://www.nainmitalbank.co.in/english/home.aspx,1,True
http://www.nainiualbank.co.in/english/home.aspx,1,True
http://www.nainitgalbank.co.in/english/home.aspx,1,True
http://www.nqainitalbank.co.in/english/home.aspx,1,True
http://www.nawinitalbank.co.in/english/home.aspx,1,True
http://www.naoinitalbank.co.in/english/home.aspx,1,True
http://www.nainitalb2ank.co.in/english/home.aspx,1,True
http://www.nainitalpbank.co.in/english/home.aspx,1,True
http://www.nainitalbanc.co.in/english/home.aspx,1,True
http://www.nainitalvbank.co.in/english/home.aspx,1,True
http://www.nainitalb1ank.co.in/english/home.aspx,1,True
http://www.nainitalmbank.co.in/english/home.aspx,1,True
http://www.nain8italbank.co.in/english/home.aspx,1,True
http://www.nainitqalbank.co.in/english/home.aspx,1,True
http://www.nainiztalbank.co.in/english/home.aspx,1,True
http://www.nainitaplbank.co.in/english/home.aspx,1,True
http://www.nainitsalbank.co.in/english/home.aspx,1,True
http://www.nain9italbank.co.in/english/home.aspx,1,True
http://www.nainbitalbank.co.in/english/home.aspx,1,True
http://www.naqinitalbank.co.in/english/home.aspx,1,True
http://www.nainitalbwank.co.in/english/home.aspx,1,True
http://www.nsainitalbank.co.in/english/home.aspx,1,True
http://www.nainuitalbank.co.in/english/home.aspx,1,True
http://www.nainitalbanjk.co.in/english/home.aspx,1,True
http://www.nainitalbanbk.co.in/english/home.aspx,1,True
http://www.nwainitalbank.co.in/english/home.aspx,1,True
http://www.nzainitalbank.co.in/english/home.aspx,1,True
http://www.nainigtalbank.co.in/english/home.aspx,1,True
http://www.nayinitalbank.co.in/english/home.aspx,1,True
http://www.nasinitalbank.co.in/english/home.aspx,1,True
http://www.nainit5albank.co.in/english/home.aspx,1,True
http://www.naibnitalbank.co.in/english/home.aspx,1,True
http://www.nainitaylbank.co.in/english/home.aspx,1,True
http://www.nainit2albank.co.in/english/home.aspx,1,True
http://www.nainitalbaqnk.co.in/english/home.aspx,1,True
http://www.nainitalbank-nainitalbank.co.in/english/home.aspx,1,True
http://www.nsainitalbank.co.in/english/home.aspx,1,True
http://www.naini-talbank.co.in/english/home.aspx,1,True
http://www.nainit1albank.co.in/english/home.aspx,1,True
http://www.nainitzalbank.co.in/english/home.aspx,1,True
http://www.na1initalbank.co.in/english/home.aspx,1,True
http://www.nainhitalbank.co.in/english/home.aspx,1,True
http://www.naiunitalbank.co.in/english/home.aspx,1,True
http://www.nainmtalbank.co.in/english/home.aspx,1,True
http://www.nainitzalbank.co.in/english/home.aspx,1,True
http://www.n-ainitalbank.co.in/english/home.aspx,1,True
http://www.na-initalbank.co.in/english/home.aspx,1,True
http://www.naini8talbank.co.in/english/home.aspx,1,True
http://www.nyainitalbank.co.in/english/home.aspx,1,True
http://www.nainitalbajnk.co.in/english/home.aspx,1,True
http://www.nainitawlbank.co.in/english/home.aspx,1,True
http://www.nainit5albank.co.in/english/home.aspx,1,True
http://www.nainitalhbank.co.in/english/home.aspx,1,True
http://www.nainirtalbank.co.in/english/home.aspx,1,True
http://www.nainigtalbank.co.in/english/home.aspx,1,True
http://www.nainitalmbank.co.in/english/home.aspx,1,True
http://www.nainytalbank.co.in/english/home.aspx,1,True
http://www.naijnitalbank.co.in/english/home.aspx,1,True
http://www.n1ainitalbank.co.in/english/home.aspx,1,True
http://www.nainitalnbank.co.in/english/home.aspx,1,True
http://www.nailitalbank.co.in/english/home.aspx,1,True
http://www.nainjitalbank.co.in/english/home.aspx,1,True
http://www.nainitalbanmk.co.in/english/home.aspx,1,True
http://www.nainitalbnank.co.in/english/home.aspx,1,True
http://www.nainitalbaynk.co.in/english/home.aspx,1,True
http://www.nainitalbzank.co.in/english/home.aspx,1,True
http://www.nainitalbawnk.co.in/english/home.aspx,1,True
http://www.nainitwalbank.co.in/english/home.aspx,1,True
http://www.nainitalbanhk.co.in/english/home.aspx,1,True
http://www.nauinitalbank.co.in/english/home.aspx,1,True
http://www.naqinitalbank.co.in/english/home.aspx,1,True
http://www.nainitalb-ank.co.in/english/home.aspx,1,True
http://www.naionitalbank.co.in/english/home.aspx,1,True
http://www.nyainitalbank.co.in/english/home.aspx,1,True
http://www.nzainitalbank.co.in/english/home.aspx,1,True
http://www.nainitalbaznk.co.in/english/home.aspx,1,True
http://www.nainitawlbank.co.in/english/home.aspx,1,True
http://www.nainitalbqank.co.in/english/home.aspx,1,True
http://www.nainitalbamnk.co.in/english/home.aspx,1,True
http://www.nainiktalbank.co.in/english/home.aspx,1,True
http://www.nainitalobank.co.in/english/home.aspx,1,True
http://www.nainiftalbank.co.in/english/home.aspx,1,True
http://www.nainitalbanmk.co.in/english/home.aspx,1,True
http://www.nainitalba1nk.co.in/english/home.aspx,1,True
http://www.naihnitalbank.co.in/english/home.aspx,1,True
http://www.nwainitalbank.co.in/english/home.aspx,1,True
http://www.nakinitalbank.co.in/english/home.aspx,1,True
http://www.nainhtalbank.co.in/english/home.aspx,1,True
http://www.nainitalbvank.co.in/english/home.aspx,1,True
http://www.nainitalbaqnk.co.in/english/home.aspx,1,True
http://www.naini5talbank.co.in/english/home.aspx,1,True
http://www.na8initalbank.co.in/english/home.aspx,1,True
http://www.naoinitalbank.co.in/english/home.aspx,1,True
http://www.naifitalbank.co.in/english/home.aspx,1,True
http://www.nainitalbabnk.co.in/english/home.aspx,1,True
http://www.nainhtalbank.co.in/english/home.aspx,1,True
http://www.na9initalbank.co.in/english/home.aspx,1,True
http://www.nainitalbasnk.co.in/english/home.aspx,1,True
http://www.nainmtalbank.co.in/english/home.aspx,1,True
http://www.nainitalba2nk.co.in/english/home.aspx,1,True
http://www.naintalbank.co.in/english/home.aspx,1,True
http://www.nainitalbani.co.in/english/home.aspx,1,True
http://www.nainitamlbank.co.in/english/home.aspx,1,True
http://www.nawinitalbank.co.in/english/home.aspx,1,True
http://www.nainitalcank.co.in/english/home.aspx,1,True
http://www.nainiytalbank.co.in/english/home.aspx,1,True
http://www.nainiutalbank.co.in/english/home.aspx,1,True
http://www.nainitralbank.co.in/english/home.aspx,1,True
http://www.nai9nitalbank.co.in/english/home.aspx,1,True
http://www.nainitalkbank.co.in/english/home.aspx,1,True
http://www.nainit6albank.co.in/english/home.aspx,1,True
http://www.naini4albank.co.in/english/home.aspx,1,True
http://www.nainitaplbank.co.in/english/home.aspx,1,True
http://www.nainitaslbank.co.in/english/home.aspx,1,True
http://www.nahnitalbank.co.in/english/home.aspx,1,True
http://www.nainitalbzank.co.in/english/home.aspx,1,True
http://www.nqinitalbank.co.in/english/home.aspx,1,True
http://www.naini6talbank.co.in/english/home.aspx,1,True
http://www.nainitalpbank.co.in/english/home.aspx,1,True
http://www.na2initalbank.co.in/english/home.aspx,1,True
http://www.nainita-lbank.co.in/english/home.aspx,1,True
http://www.nainivalbank.co.in/english/home.aspx,1,True
http://www.nainoitalbank.co.in/english/home.aspx,1,True
http://www.naihnitalbank.co.in/english/home.aspx,1,True
http://www.naini4albank.co.in/english/home.aspx,1,True
http://www.nainitfalbank.co.in/english/home.aspx,1,True
http://www.nainitalba-nk.co.in/english/home.aspx,1,True
http://www.nainitaslbank.co.in/english/home.aspx,1,True
http://www.lainitalbank.co.in/english/home.aspx,1,True
http://www.nainitalbgank.co.in/english/home.aspx,1,True
http://www.nainitalbajnk.co.in/english/home.aspx,1,True
http://www.naini9talbank.co.in/english/home.aspx,1,True
http://www.nainitalbaok.co.in/english/home.aspx,1,True
http://www.nainitalbanj.co.in/english/home.aspx,1,True
http://www.nainityalbank.co.in/english/home.aspx,1,True
http://www.nazinitalbank.co.in/english/home.aspx,1,True
http://www.nainhitalbank.co.in/english/home.aspx,1,True
http://www.nainoitalbank.co.in/english/home.aspx,1,True
http://www.nainitwalbank.co.in/english/home.aspx,1,True
http://www.nainitalbasnk.co.in/english/home.aspx,1,True
http://www.nainitalbajk.co.in/english/home.aspx,1,True
http://www.nainitaqlbank.co.in/english/home.aspx,1,True
http://www.nainitalbhank.co.in/english/home.aspx,1,True
http://www.nai-nitalbank.co.in/english/home.aspx,1,True
http://www.nainiztalbank.co.in/english/home.aspx,1,True
http://www.nainitalbnank.co.in/english/home.aspx,1,True
http://www.nainipalbank.co.in/english/home.aspx,1,True
http://www.nainitalbank-nainitalbank.co.in/english/home.aspx,1,True
http://www.naknitalbank.co.in/english/home.aspx,1,True
http://www.fainitalbank.co.in/english/home.aspx,1,True
http://www.nainitfalbank.co.in/english/home.aspx,1,True
http://www.nainitalbahnk.co.in/english/home.aspx,1,True
http://www.naioitalbank.co.in/english/home.aspx,1,True
http://www.nainivalbank.co.in/english/home.aspx,1,True
http://www.nainitalbankl.co.in/english/home.aspx,1,True
http://www.nainytalbank.co.in/english/home.aspx,1,True
http://www.nainitalrank.co.in/english/home.aspx,1,True
http://www.nainitalba-nk.co.in/english/home.aspx,1,True
http://www.nainitgalbank.co.in/english/home.aspx,1,True
http://www.naini6talbank.co.in/english/home.aspx,1,True
http://www.nai8nitalbank.co.in/english/home.aspx,1,True
http://www.nainiftalbank.co.in/english/home.aspx,1,True
http://www.nasinitalbank.co.in/english/home.aspx,1,True
http://www.nainita-lbank.co.in/english/home.aspx,1,True
http://www.nainitalb2ank.co.in/english/home.aspx,1,True
http://www.nainiotalbank.co.in/english/home.aspx,1,True
http://www.nainitaljank.co.in/english/home.aspx,1,True
http://www.nainitalgbank.co.in/english/home.aspx,1,True
http://www.naijitalbank.co.in/english/home.aspx,1,True
http://www.nainitalban-k.co.in/english/home.aspx,1,True
http://www.nainuitalbank.co.in/english/home.aspx,1,True
http://www.nai9nitalbank.co.in/english/home.aspx,1,True
http://www.n2ainitalbank.co.in/english/home.aspx,1,True
http://www.nainit-albank.co.in/english/home.aspx,1,True
http://www.nainitalbamnk.co.in/english/home.aspx,1,True
http://www.nainitalbajk.co.in/english/home.aspx,1,True
http://www.nainitalbankl.co.in/english/home.aspx,1,True
http://www.nainitalnbank.co.in/english/home.aspx,1,True
http://www.oainitalbank.co.in/english/home.aspx,1,True
http://www.naijnitalbank.co.in/english/home.aspx,1,True
http://www.nainitalbyank.co.in/english/home.aspx,1,True
http://www.nainitalbyank.co.in/english/home.aspx,1,True
http://www.nainitanbank.co.in/english/home.aspx,1,True
http://www.nainijtalbank.co.in/english/home.aspx,1,True
http://www.nainitadbank.co.in/english/home.aspx,1,True
http://www.nainitalbankg.co.in/english/home.aspx,1,True
http://www.naibnitalbank.co.in/english/home.aspx,1,True
http://www.fainitalbank.co.in/english/home.aspx,1,True
http://www.nainjitalbank.co.in/english/home.aspx,1,True
http://www.nainitqalbank.co.in/english/home.aspx,1,True
http://www.nainitalbgank.co.in/english/home.aspx,1,True
http://www.nainita1lbank.co.in/english/home.aspx,1,True
http://www.n2ainitalbank.co.in/english/home.aspx,1,True
http://www.nqainitalbank.co.in/english/home.aspx,1,True
http://www.nainiytalbank.co.in/english/home.aspx,1,True
http://www.na1initalbank.co.in/english/home.aspx,1,True
http://www.nain9italbank.co.in/english/home.aspx,1,True
http://www.naynitalbank.co.in/english/home.aspx,1,True
http://www.nainiktalbank.co.in/english/home.aspx,1,True
http://www.naiunitalbank.co.in/english/home.aspx,1,True
http://www.nainitalbafk.co.in/english/home.aspx,1,True
http://www.najinitalbank.co.in/english/home.aspx,1,True
http://www.naioitalbank.co.in/english/home.aspx,1,True
http://www.oainitalbank.co.in/english/home.aspx,1,True
http://www.nauinitalbank.co.in/english/home.aspx,1,True
http://www.nainitambank.co.in/english/home.aspx,1,True
http://www.nain-italbank.co.in/english/home.aspx,1,True
http://www.nainitclbank.co.in/english/home.aspx,1,True
http://www.nainitalba1nk.co.in/english/home.aspx,1,True
http://www.nainitalba2nk.co.in/english/home.aspx,1,True
http://www.naini8talbank.co.in/english/home.aspx,1,True
http://www.nainit6albank.co.in/english/home.aspx,1,True
http://www.nainita2lbank.co.in/english/home.aspx,1,True
http://www.nainitalbanhk.co.in/english/home.aspx,1,True
http://www.nainitalbalk.co.in/english/home.aspx,1,True
http://www.naini9talbank.co.in/english/home.aspx,1,True
http://www.nainit-albank.co.in/english/home.aspx,1,True
http://www.nainitahbank.co.in/english/home.aspx,1,True
http://www.jainitalbank.co.in/english/home.aspx,1,True
http://www.n1ainitalbank.co.in/english/home.aspx,1,True
http://www.nainbitalbank.co.in/english/home.aspx,1,True
http://www.nainitalbankg.co.in/english/home.aspx,1,True
http://www.nainitalbalk.co.in/english/home.aspx,1,True
http://www.nainitalb-ank.co.in/english/home.aspx,1,True
http://www.nazinitalbank.co.in/english/home.aspx,1,True
http://www.nainitalbqnk.co.in/english/home.aspx,1,True
http://www.na9initalbank.co.in/english/home.aspx,1,True
http://www.nainktalbank.co.in/english/home.aspx,1,True
http://www.nainitalbsank.co.in/english/home.aspx,1,True
http://www.naionitalbank.co.in/english/home.aspx,1,True
http://www.nainitalgbank.co.in/english/home.aspx,1,True
http://www.nainirtalbank.co.in/english/home.aspx,1,True
http://www.najinitalbank.co.in/english/home.aspx,1,True
http://www.nain-italbank.co.in/english/home.aspx,1,True
http://www.namnitalbank.co.in/english/home.aspx,1,True
http://www.nain8italbank.co.in/english/home.aspx,1,True
http://www.nainitaklbank.co.in/english/home.aspx,1,True
http://www.naynitalbank.co.in/english/home.aspx,1,True
http://www.jainitalbank.co.in/english/home.aspx,1,True
http://www.nainitalbanjk.co.in/english/home.aspx,1,True
http://www.nainitalfank.co.in/english/home.aspx,1,True
http://www.nainit2albank.co.in/english/home.aspx,1,True
http://www.lainitalbank.co.in/english/home.aspx,1,True
http://www.nainitaolbank.co.in/english/home.aspx,1,True
http://www.nainitaljank.co.in/english/home.aspx,1,True
http://www.nainit1albank.co.in/english/home.aspx,1,True
http://www.nainitalbhank.co.in/english/home.aspx,1,True
http://www.nainitclbank.co.in/english/home.aspx,1,True
http://www.nainitalfank.co.in/english/home.aspx,1,True
http://www.nainkitalbank.co.in/english/home.aspx,1,True
http://www.nainitalbaynk.co.in/english/home.aspx,1,True
http://www.naimnitalbank.co.in/english/home.aspx,1,True
http://www.nainitalbano.co.in/english/home.aspx,1,True
http://www.nainitambank.co.in/english/home.aspx,1,True
http://www.nainitalrank.co.in/english/home.aspx,1,True
http://www.nainitalbqnk.co.in/english/home.aspx,1,True
http://www.nainitaolbank.co.in/english/home.aspx,1,True
http://www.nainitralbank.co.in/english/home.aspx,1,True
http://www.naijitalbank.co.in/english/home.aspx,1,True
http://www.naintalbank.co.in/english/home.aspx,1,True
http://www.nainipalbank.co.in/english/home.aspx,1,True
http://www.nainitalbcnk.co.in/english/home.aspx,1,True
http://www.na-initalbank.co.in/english/home.aspx,1,True
http://www.nainmitalbank.co.in/english/home.aspx,1,True
http://www.nainitalbawnk.co.in/english/home.aspx,1,True
http://www.nainitaqlbank.co.in/english/home.aspx,1,True
http://www.naini-talbank.co.in/english/home.aspx,1,True
http://www.nainitadbank.co.in/english/home.aspx,1,True
http://www.nainitqlbank.co.in/english/home.aspx,1,True
http://www.nainiutalbank.co.in/english/home.aspx,1,True
http://www.nainktalbank.co.in/english/home.aspx,1,True
http://www.na8initalbank.co.in/english/home.aspx,1,True
http://www.nahnitalbank.co.in/english/home.aspx,1,True
http://www.na2initalbank.co.in/english/home.aspx,1,True
http://www.ncinitalbank.co.in/english/home.aspx,1,True
http://www.ncinitalbank.co.in/english/home.aspx,1,True
http://www.nainitalbankl.co.in/english/home.aspx,1,True
http://www.nainitalbanbk.co.in/english/home.aspx,1,True
http://www.nainitalbafk.co.in/english/home.aspx,1,True
http://www.nainitqlbank.co.in/english/home.aspx,1,True
http://www.nainitalb1ank.co.in/english/home.aspx,1,True
http://www.nainiotalbank.co.in/english/home.aspx,1,True
http://www.nainitalbqank.co.in/english/home.aspx,1,True
http://www.nainita1lbank.co.in/english/home.aspx,1,True
http://www.nainitalbank-nainitalbank.co.in/english/home.aspx,1,True
http://www.nainitalbahnk.co.in/english/home.aspx,1,True
http://www.naiknitalbank.co.in/english/home.aspx,1,True
http://www.nainitsalbank.co.in/english/home.aspx,1,True
http://www.nainitalkbank.co.in/english/home.aspx,1,True
http://www.nai8nitalbank.co.in/english/home.aspx,1,True
http://www.nainitalbanc.co.in/english/home.aspx,1,True
http://www.nainitalbanj.co.in/english/home.aspx,1,True
http://www.nainitalban-k.co.in/english/home.aspx,1,True
http://www.nainitalcank.co.in/english/home.aspx,1,True
http://www.nainitalbwank.co.in/english/home.aspx,1,True
http://www.nainijtalbank.co.in/english/home.aspx,1,True
http://www.nainidalbank.co.in/english/home.aspx,1,True
http://www.nainitalbaok.co.in/english/home.aspx,1,True
http://www.nainidalbank.co.in/english/home.aspx,1,True
http://www.nai-nitalbank.co.in/english/home.aspx,1,True
http://www.nainkitalbank.co.in/english/home.aspx,1,True
http://www.nainita2lbank.co.in/english/home.aspx,1,True
http://www.nainitalbcnk.co.in/english/home.aspx,1,True
http://www.nainityalbank.co.in/english/home.aspx,1,True
http://www.nainitalbani.co.in/english/home.aspx,1,True
http://www.nainitazlbank.co.in/english/home.aspx,1,True
http://www.namnitalbank.co.in/english/home.aspx,1,True
http://www.nainitalhbank.co.in/english/home.aspx,1,True
http://www.nainitalbsank.co.in/english/home.aspx,1,True
http://www.nainitahbank.co.in/english/home.aspx,1,True
http://www.nainitalbankg.co.in/english/home.aspx,1,True
http://www.nainitalbaznk.co.in/english/home.aspx,1,True
http://www.nakinitalbank.co.in/english/home.aspx,1,True
http://www.naknitalbank.co.in/english/home.aspx,1,True
http://www.n-ainitalbank.co.in/english/home.aspx,1,True
http://www.nainitalbabnk.co.in/english/home.aspx,1,True
http://www.nainitanbank.co.in/english/home.aspx,1,True
http://www.nainiualbank.co.in/english/home.aspx,1,True
http://www.nainitaylbank.co.in/english/home.aspx,1,True
http://www.naimnitalbank.co.in/english/home.aspx,1,True
http://www.nqinitalbank.co.in/english/home.aspx,1,True
http://www.nainitalbvank.co.in/english/home.aspx,1,True
http://www.nainitalobank.co.in/english/home.aspx,1,True
http://www.naini5talbank.co.in/english/home.aspx,1,True
http://www.nainitalbanky.co.in/english/home.aspx,1,True
http://www.nainitalbannk.co.in/english/home.aspx,1,True
http://www.nainitalbunk.co.in/english/home.aspx,1,True
http://www.nainitalbankq.co.in/english/home.aspx,1,True
http://www.nnainitalbank.co.in/english/home.aspx,1,True
http://www.nainitalbaank.co.in/english/home.aspx,1,True
http://www.nainitaalbank.co.in/english/home.aspx,1,True
http://www.nainitalbonk.co.in/english/home.aspx,1,True
http://www.nainnitalbank.co.in/english/home.aspx,1,True
http://www.nainitalank.co.in/english/home.aspx,1,True
http://www.ninitalbank.co.in/english/home.aspx,1,True
http://www.nainitalbankp.co.in/english/home.aspx,1,True
http://www.nainitalbenk.co.in/english/home.aspx,1,True
http://www.nainitaIbank.co.in/english/home.aspx,1,True
http://www.naunitalbank.co.in/english/home.aspx,1,True
http://www.neinitalbank.co.in/english/home.aspx,1,True
http://www.nainitalbankn.co.in/english/home.aspx,1,True
http://www.nainita1bank.co.in/english/home.aspx,1,True
http://www.nainitalbankb.co.in/english/home.aspx,1,True
http://www.nainitalbankf.co.in/english/home.aspx,1,True
http://www.na.initalbank.co.in/english/home.aspx,1,True
http://www.nainitalbanke.co.in/english/home.aspx,1,True
http://www.naonitalbank.co.in/english/home.aspx,1,True
http://www.nainitalban.co.in/english/home.aspx,1,True
http://www.niinitalbank.co.in/english/home.aspx,1,True
http://www.nainitalbbank.co.in/english/home.aspx,1,True
http://www.nainitalbanka.co.in/english/home.aspx,1,True
http://www.nainitalbankd.co.in/english/home.aspx,1,True
http://www.nainitalbankz.co.in/english/home.aspx,1,True
http://www.nai.nitalbank.co.in/english/home.aspx,1,True
http://www.n.ainitalbank.co.in/english/home.aspx,1,True
http://www.n.ainitalbank.co.in/english/home.aspx,1,True
http://www.nainitalbankc.co.in/english/home.aspx,1,True
http://www.naiitalbank.co.in/english/home.aspx,1,True
http://www.nainialbank.co.in/english/home.aspx,1,True
http://www.naainitalbank.co.in/english/home.aspx,1,True
http://www.nainitalbak.co.in/english/home.aspx,1,True
http://www.nainitalbaank.co.in/english/home.aspx,1,True
http://www.nainitilbank.co.in/english/home.aspx,1,True
http://www.nainitalbankw.co.in/english/home.aspx,1,True
http://www.nainitalbankh.co.in/english/home.aspx,1,True
http://www.nainetalbank.co.in/english/home.aspx,1,True
http://www.nainitallbank.co.in/english/home.aspx,1,True
http://www.nnainitalbank.co.in/english/home.aspx,1,True
http://www.nainitalbankr.co.in/english/home.aspx,1,True
http://www.nainitalbankc.co.in/english/home.aspx,1,True
http://www.nainitalbankm.co.in/english/home.aspx,1,True
http://www.nainitalbnk.co.in/english/home.aspx,1,True
http://www.nainitalbankw.co.in/english/home.aspx,1,True
http://www.naanitalbank.co.in/english/home.aspx,1,True
http://www.nainitalbannk.co.in/english/home.aspx,1,True
http://www.nainitlbank.co.in/english/home.aspx,1,True
http://www.nainitabank.co.in/english/home.aspx,1,True
http://www.neinitalbank.co.in/english/home.aspx,1,True
http://www.nainitabank.co.in/english/home.aspx,1,True
http://www.nainitalbankb.co.in/english/home.aspx,1,True
http://www.nainitalbankh.co.in/english/home.aspx,1,True
http://www.nainitalbnk.co.in/english/home.aspx,1,True
http://www.naiinitalbank.co.in/english/home.aspx,1,True
http://www.nainatalbank.co.in/english/home.aspx,1,True
http://www.nainitalbankc.co.in/english/home.aspx,1,True
http://www.nainitalbankk.co.in/english/home.aspx,1,True
http://www.nainitalbankm.co.in/english/home.aspx,1,True
http://www.nainitalbankk.co.in/english/home.aspx,1,True
http://www.nainitalbankx.co.in/english/home.aspx,1,True
http://www.noinitalbank.co.in/english/home.aspx,1,True
http://www.nuinitalbank.co.in/english/home.aspx,1,True
http://www.nainotalbank.co.in/english/home.aspx,1,True
http://www.ninitalbank.co.in/english/home.aspx,1,True
http://www.nainitalbanks.co.in/english/home.aspx,1,True
http://www.nainitalbankx.co.in/english/home.aspx,1,True
http://www.nainitalbankv.co.in/english/home.aspx,1,True
http://www.nainiatlbank.co.in/english/home.aspx,1,True
http://www.naonitalbank.co.in/english/home.aspx,1,True
http://www.nainitalbanko.co.in/english/home.aspx,1,True
http://www.nainitalbankj.co.in/english/home.aspx,1,True
http://www.nainitalbankk.co.in/english/home.aspx,1,True
http://www.nainitalbankt.co.in/english/home.aspx,1,True
http://www.nainitlabank.co.in/english/home.aspx,1,True
http://www.nainitalbankb.co.in/english/home.aspx,1,True
http://www.nainitalbnak.co.in/english/home.aspx,1,True
http://www.nainitalbankf.co.in/english/home.aspx,1,True
http://www.nainitalbankm.co.in/english/home.aspx,1,True
http://www.noinitalbank.co.in/english/home.aspx,1,True
http://www.nainitalbankh.co.in/english/home.aspx,1,True
http://www.nainitalbanki.co.in/english/home.aspx,1,True
http://www.niinitalbank.co.in/english/home.aspx,1,True
http://www.nainutalbank.co.in/english/home.aspx,1,True
http://www.naini.talbank.co.in/english/home.aspx,1,True
http://www.naenitalbank.co.in/english/home.aspx,1,True
http://www.nainitalbak.co.in/english/home.aspx,1,True
http://www.nainitalbankq.co.in/english/home.aspx,1,True
http://www.nainitelbank.co.in/english/home.aspx,1,True
http://www.nainiitalbank.co.in/english/home.aspx,1,True
http://www.nainitalbanku.co.in/english/home.aspx,1,True
http://www.nainotalbank.co.in/english/home.aspx,1,True
http://www.nianitalbank.co.in/english/home.aspx,1,True
http://www.nainitalbankd.co.in/english/home.aspx,1,True
http://www.nainutalbank.co.in/english/home.aspx,1,True
http://www.nainetalbank.co.in/english/home.aspx,1,True
http://www.nainitalbankt.co.in/english/home.aspx,1,True
http://www.nainitalbankd.co.in/english/home.aspx,1,True
http://www.nainitalbankv.co.in/english/home.aspx,1,True
http://www.naniitalbank.co.in/english/home.aspx,1,True
http://www.nainitalbanki.co.in/english/home.aspx,1,True
http://www.nainitalbankr.co.in/english/home.aspx,1,True
http://www.naenitalbank.co.in/english/home.aspx,1,True
http://www.nainitalbankv.co.in/english/home.aspx,1,True
http://www.nainitalbanku.co.in/english/home.aspx,1,True
http://www.nainitalbankt.co.in/english/home.aspx,1,True
http://www.nnainitalbank.co.in/english/home.aspx,1,True
http://www.nainitalbanka.co.in/english/home.aspx,1,True
http://www.nainittalbank.co.in/english/home.aspx,1,True
http://www.nainatalbank.co.in/english/home.aspx,1,True
http://www.nainitalbanku.co.in/english/home.aspx,1,True
http://www.nainitalban.co.in/english/home.aspx,1,True
http://www.nainitalbankn.co.in/english/home.aspx,1,True
http://www.nainitalbankx.co.in/english/home.aspx,1,True
http://www.nainitalbankf.co.in/english/home.aspx,1,True
http://www.nainita1bank.co.in/english/home.aspx,1,True
http://www.nainita.lbank.co.in/english/home.aspx,1,True
http://www.nainitlbank.co.in/english/home.aspx,1,True
http://www.nainitalbbank.co.in/english/home.aspx,1,True
http://www.nainitalabnk.co.in/english/home.aspx,1,True
http://www.nainitalbankp.co.in/english/home.aspx,1,True
http://www.nainitulbank.co.in/english/home.aspx,1,True
http://www.nainitalbanki.co.in/english/home.aspx,1,True
http://www.nainitalbankn.co.in/english/home.aspx,1,True
http://www.nainitalbankj.co.in/english/home.aspx,1,True
http://www.nainitalbankq.co.in/english/home.aspx,1,True
http://www.nainitalbanky.co.in/english/home.aspx,1,True
http://www.nainitalbink.co.in/english/home.aspx,1,True
http://www.nainitelbank.co.in/english/home.aspx,1,True
http://www.nainitalbanks.co.in/english/home.aspx,1,True
http://www.nainitalbankz.co.in/english/home.aspx,1,True
http://www.nainitalbanko.co.in/english/home.aspx,1,True
http://www.nainitalbanke.co.in/english/home.aspx,1,True
http://www.naanitalbank.co.in/english/home.aspx,1,True
http://www.nainitablank.co.in/english/home.aspx,1,True
http://www.naiintalbank.co.in/english/home.aspx,1,True
http://www.nainitolbank.co.in/english/home.aspx,1,True
http://www.n.ainitalbank.co.in/english/home.aspx,1,True
http://www.nainitalbankr.co.in/english/home.aspx,1,True
http://www.nain.italbank.co.in/english/home.aspx,1,True
http://www.nainitalbankj.co.in/english/home.aspx,1,True
http://www.aninitalbank.co.in/english/home.aspx,1,True
http://www.nainnitalbank.co.in/english/home.aspx,1,True
http://www.nainit.albank.co.in/english/home.aspx,1,True
http://www.nainitalbanko.co.in/english/home.aspx,1,True
http://www.naintialbank.co.in/english/home.aspx,1,True
http://www.nainitalank.co.in/english/home.aspx,1,True
http://www.nainitaIbank.co.in/english/home.aspx,1,True
http://www.naiitalbank.co.in/english/home.aspx,1,True
http://www.nainitalbanka.co.in/english/home.aspx,1,True
http://www.nainitaalbank.co.in/english/home.aspx,1,True
http://www.nainitalbakn.co.in/english/home.aspx,1,True
http://www.nainitalbankw.co.in/english/home.aspx,1,True
http://www.nainitalbankp.co.in/english/home.aspx,1,True
http://www.naunitalbank.co.in/english/home.aspx,1,True
http://www.nainitalbanke.co.in/english/home.aspx,1,True
http://www.nainitalbankz.co.in/english/home.aspx,1,True
http://www.nainitalbanky.co.in/english/home.aspx,1,True
http://www.nuinitalbank.co.in/english/home.aspx,1,True
http://www.nainialbank.co.in/english/home.aspx,1,True
http://www.nainitalbanks.co.in/english/home.aspx,1,True
http://www.nainitalbunk.co.in/english/home.aspx,1,True
http://www.nainitilbank.co.in/english/home.aspx,1,True
http://www.nainitlbank.co.in/english/home.aspx,1,True
http://www.nianitalbank.co.in/english/home.aspx,1,True
http://www.nainitalbnk.co.in/english/home.aspx,1,True
http://www.nainitabank.co.in/english/home.aspx,1,True
http://www.nainita.lbank.co.in/english/home.aspx,1,True
http://www.n.ainitalbank.co.in/english/home.aspx,1,True
http://www.nnainitalbank.co.in/english/home.aspx,1,True
http://www.nainitalbonk.co.in/english/home.aspx,1,True
http://www.na.initalbank.co.in/english/home.aspx,1,True
http://www.nainitalbink.co.in/english/home.aspx,1,True
http://www.ninitalbank.co.in/english/home.aspx,1,True
http://www.nainitalbankk.co.in/english/home.aspx,1,True
http://www.nainitalbenk.co.in/english/home.aspx,1,True
http://www.nainitalbanky.co.in/english/home.aspx,1,True
http://www.nainita1bank.co.in/english/home.aspx,1,True
http://www.nainitallbank.co.in/english/home.aspx,1,True
http://www.nainiitalbank.co.in/english/home.aspx,1,True
http://www.nain.italbank.co.in/english/home.aspx,1,True
http://www.naainitalbank.co.in/english/home.aspx,1,True
http://www.nainitalbannk.co.in/english/home.aspx,1,True
http://www.nainit.albank.co.in/english/home.aspx,1,True
http://www.nainitalbankh.co.in/english/home.aspx,1,True
http://www.naonitalbank.co.in/english/home.aspx,1,True
http://www.nainitalbanki.co.in/english/home.aspx,1,True
http://www.n.ainitalbank.co.in/english/home.aspx,1,True
http://www.noinitalbank.co.in/english/home.aspx,1,True
http://www.nainitalbankp.co.in/english/home.aspx,1,True
http://www.nai.nitalbank.co.in/english/home.aspx,1,True
http://www.naiitalbank.co.in/english/home.aspx,1,True
http://www.nainnitalbank.co.in/english/home.aspx,1,True
http://www.nainitalbaank.co.in/english/home.aspx,1,True
http://www.nainitalbankz.co.in/english/home.aspx,1,True
http://www.nainitalbanku.co.in/english/home.aspx,1,True
http://www.nainitalbakn.co.in/english/home.aspx,1,True
http://www.nainitalbbank.co.in/english/home.aspx,1,True
http://www.nainitalbankn.co.in/english/home.aspx,1,True
http://www.naini.talbank.co.in/english/home.aspx,1,True
http://www.naiinitalbank.co.in/english/home.aspx,1,True
http://www.nainitalank.co.in/english/home.aspx,1,True
http://www.nainitalbenk.co.in/english/home.aspx,1,True
http://www.nain.italbank.co.in/english/home.aspx,1,True
http://www.nainitalbanku.co.in/english/home.aspx,1,True
http://www.nainitolbank.co.in/english/home.aspx,1,True
http://www.nainitlabank.co.in/english/home.aspx,1,True
http://www.nainatalbank.co.in/english/home.aspx,1,True
http://www.nainiatlbank.co.in/english/home.aspx,1,True
http://www.nainitalbanka.co.in/english/home.aspx,1,True
http://www.nainitilbank.co.in/english/home.aspx,1,True
http://www.nainitalban.co.in/english/home.aspx,1,True
http://www.nainitalbankm.co.in/english/home.aspx,1,True
http://www.nainitalbankx.co.in/english/home.aspx,1,True
http://www.nainitolbank.co.in/english/home.aspx,1,True
http://www.nainitalbankt.co.in/english/home.aspx,1,True
http://www.nainatalbank.co.in/english/home.aspx,1,True
http://www.neinitalbank.co.in/english/home.aspx,1,True
http://www.nainitalban.co.in/english/home.aspx,1,True
http://www.n.ainitalbank.co.in/english/home.aspx,1,True
http://www.nainitalbankv.co.in/english/home.aspx,1,True
http://www.nainnitalbank.co.in/english/home.aspx,1,True
http://www.n.ainitalbank.co.in/english/home.aspx,1,True
http://www.nainitalbankd.co.in/english/home.aspx,1,True
http://www.nainitaalbank.co.in/english/home.aspx,1,True
http://www.nainitalbink.co.in/english/home.aspx,1,True
http://www.nainitalbnak.co.in/english/home.aspx,1,True
http://www.nainitalbankq.co.in/english/home.aspx,1,True
http://www.nainitalbankc.co.in/english/home.aspx,1,True
http://www.nainitaalbank.co.in/english/home.aspx,1,True
http://www.niinitalbank.co.in/english/home.aspx,1,True
http://www.nainialbank.co.in/english/home.aspx,1,True
http://www.naintialbank.co.in/english/home.aspx,1,True
http://www.nuinitalbank.co.in/english/home.aspx,1,True
http://www.nainitalbankw.co.in/english/home.aspx,1,True
http://www.nainitallbank.co.in/english/home.aspx,1,True
http://www.nainitalbankr.co.in/english/home.aspx,1,True
http://www.nainitalbankf.co.in/english/home.aspx,1,True
http://www.nainitalbak.co.in/english/home.aspx,1,True
http://www.naunitalbank.co.in/english/home.aspx,1,True
http://www.nainitalabnk.co.in/english/home.aspx,1,True
http://www.nainittalbank.co.in/english/home.aspx,1,True
http://www.nuinitalbank.co.in/english/home.aspx,1,True
http://www.nainitalbankj.co.in/english/home.aspx,1,True
http://www.nainitalbankj.co.in/english/home.aspx,1,True
http://www.naniitalbank.co.in/english/home.aspx,1,True
http://www.nainitalbak.co.in/english/home.aspx,1,True
http://www.nainitalbanke.co.in/english/home.aspx,1,True
http://www.nainitalbankp.co.in/english/home.aspx,1,True
http://www.nainutalbank.co.in/english/home.aspx,1,True
http://www.nainitaIbank.co.in/english/home.aspx,1,True
http://www.na.initalbank.co.in/english/home.aspx,1,True
http://www.nainitalbakn.co.in/english/home.aspx,1,True
http://www.nnainitalbank.co.in/english/home.aspx,1,True
http://www.nainitalbankw.co.in/english/home.aspx,1,True
http://www.nainittalbank.co.in/english/home.aspx,1,True
http://www.nainiitalbank.co.in/english/home.aspx,1,True
http://www.aninitalbank.co.in/english/home.aspx,1,True
http://www.nainitalbankn.co.in/english/home.aspx,1,True
http://www.naini.talbank.co.in/english/home.aspx,1,True
http://www.nainita.lbank.co.in/english/home.aspx,1,True
http://www.nainitablank.co.in/english/home.aspx,1,True
http://www.nainitalbannk.co.in/english/home.aspx,1,True
http://www.naunitalbank.co.in/english/home.aspx,1,True
http://www.naanitalbank.co.in/english/home.aspx,1,True
http://www.nainitalbanka.co.in/english/home.aspx,1,True
http://www.nainitablank.co.in/english/home.aspx,1,True
http://www.naanitalbank.co.in/english/home.aspx,1,True
http://www.nainitalbanks.co.in/english/home.aspx,1,True
http://www.nainitalbankd.co.in/english/home.aspx,1,True
http://www.nainitlbank.co.in/english/home.aspx,1,True
http://www.nainitulbank.co.in/english/home.aspx,1,True
http://www.nainitalbankx.co.in/english/home.aspx,1,True
http://www.nainiatlbank.co.in/english/home.aspx,1,True
http://www.nainita1bank.co.in/english/home.aspx,1,True
http://www.naiitalbank.co.in/english/home.aspx,1,True
http://www.ninitalbank.co.in/english/home.aspx,1,True
http://www.nainitalbankm.co.in/english/home.aspx,1,True
http://www.nainitalbanko.co.in/english/home.aspx,1,True
http://www.naiintalbank.co.in/english/home.aspx,1,True
http://www.nainitalbanki.co.in/english/home.aspx,1,True
http://www.nainitaIbank.co.in/english/home.aspx,1,True
http://www.nainitalbanko.co.in/english/home.aspx,1,True
http://www.nainitalbankb.co.in/english/home.aspx,1,True
http://www.nainitalbankq.co.in/english/home.aspx,1,True
http://www.nainitalbankr.co.in/english/home.aspx,1,True
http://www.nainitalabnk.co.in/english/home.aspx,1,True
http://www.nainitalbanke.co.in/english/home.aspx,1,True
http://www.nainotalbank.co.in/english/home.aspx,1,True
http://www.naiinitalbank.co.in/english/home.aspx,1,True
http://www.naenitalbank.co.in/english/home.aspx,1,True
http://www.naonitalbank.co.in/english/home.aspx,1,True
http://www.aninitalbank.co.in/english/home.aspx,1,True
http://www.nainitelbank.co.in/english/home.aspx,1,True
http://www.nainitlabank.co.in/english/home.aspx,1,True
http://www.nainitalbaank.co.in/english/home.aspx,1,True
http://www.nainitalbankb.co.in/english/home.aspx,1,True
http://www.nainitalank.co.in/english/home.aspx,1,True
http://www.nainitalbunk.co.in/english/home.aspx,1,True
http://www.naiintalbank.co.in/english/home.aspx,1,True
http://www.noinitalbank.co.in/english/home.aspx,1,True
http://www.nainitulbank.co.in/english/home.aspx,1,True
http://www.nainitalbanks.co.in/english/home.aspx,1,True
http://www.nainitalbnk.co.in/english/home.aspx,1,True
http://www.nainitalbankz.co.in/english/home.aspx,1,True
http://www.nainetalbank.co.in/english/home.aspx,1,True
http://www.nainitalbankk.co.in/english/home.aspx,1,True
http://www.nainialbank.co.in/english/home.aspx,1,True
http://www.nianitalbank.co.in/english/home.aspx,1,True
http://www.naainitalbank.co.in/english/home.aspx,1,True
http://www.naenitalbank.co.in/english/home.aspx,1,True
http://www.naniitalbank.co.in/english/home.aspx,1,True
http://www.nainitalbankh.co.in/english/home.aspx,1,True
http://www.nainitalbbank.co.in/english/home.aspx,1,True
http://www.nainitalbanky.co.in/english/home.aspx,1,True
http://www.nainitalbankf.co.in/english/home.aspx,1,True
http://www.nainit.albank.co.in/english/home.aspx,1,True
http://www.niinitalbank.co.in/english/home.aspx,1,True
http://www.nainitalbnak.co.in/english/home.aspx,1,True
http://www.neinitalbank.co.in/english/home.aspx,1,True
http://www.nainitabank.co.in/english/home.aspx,1,True
http://www.nainitalbankv.co.in/english/home.aspx,1,True
http://www.nainitalbankc.co.in/english/home.aspx,1,True
http://www.nai.nitalbank.co.in/english/home.aspx,1,True
http://www.naintialbank.co.in/english/home.aspx,1,True
http://www.nainitalbankt.co.in/english/home.aspx,1,True
http://www.nainitalbonk.co.in/english/home.aspx,1,True
http://www.nainitalbwank.co.in/english/home.aspx,1,True
http://www.nainitalbawnk.co.in/english/home.aspx,1,True
http://www.nainiutalbank.co.in/english/home.aspx,1,True
http://www.nainbitalbank.co.in/english/home.aspx,1,True
http://www.nasinitalbank.co.in/english/home.aspx,1,True
http://www.nainitalbaznk.co.in/english/home.aspx,1,True
http://www.nainitalbanmk.co.in/english/home.aspx,1,True
http://www.nainigtalbank.co.in/english/home.aspx,1,True
http://www.nainitqlbank.co.in/english/home.aspx,1,True
http://www.nainityalbank.co.in/english/home.aspx,1,True
http://www.naionitalbank.co.in/english/home.aspx,1,True
http://www.nsainitalbank.co.in/english/home.aspx,1,True
http://www.nainitalbzank.co.in/english/home.aspx,1,True
http://www.naionitalbank.co.in/english/home.aspx,1,True
http://www.na1initalbank.co.in/english/home.aspx,1,True
http://www.nainitalbanhk.co.in/english/home.aspx,1,True
http://www.naibnitalbank.co.in/english/home.aspx,1,True
http://www.naini9talbank.co.in/english/home.aspx,1,True
http://www.nainitalba1nk.co.in/english/home.aspx,1,True
http://www.nai9nitalbank.co.in/english/home.aspx,1,True
http://www.nainitaqlbank.co.in/english/home.aspx,1,True
http://www.nainitqalbank.co.in/english/home.aspx,1,True
http://www.nainit1albank.co.in/english/home.aspx,1,True
http://www.nainitqlbank.co.in/english/home.aspx,1,True
http://www.lainitalbank.co.in/english/home.aspx,1,True
http://www.nainitalbaok.co.in/english/home.aspx,1,True
http://www.naqinitalbank.co.in/english/home.aspx,1,True
http://www.najinitalbank.co.in/english/home.aspx,1,True
http://www.nainitalbabnk.co.in/english/home.aspx,1,True
http://www.nai8nitalbank.co.in/english/home.aspx,1,True
http://www.naiknitalbank.co.in/english/home.aspx,1,True
http://www.nainmitalbank.co.in/english/home.aspx,1,True
http://www.nayinitalbank.co.in/english/home.aspx,1,True
http://www.naoinitalbank.co.in/english/home.aspx,1,True
http://www.nainitalbqank.co.in/english/home.aspx,1,True
http://www.nainitalbasnk.co.in/english/home.aspx,1,True
http://www.nauinitalbank.co.in/english/home.aspx,1,True
http://www.nainitalba2nk.co.in/english/home.aspx,1,True
http://www.nainitalbankg.co.in/english/home.aspx,1,True
http://www.naini6talbank.co.in/english/home.aspx,1,True
http://www.nainuitalbank.co.in/english/home.aspx,1,True
http://www.nainita-lbank.co.in/english/home.aspx,1,True
http://www.nainiotalbank.co.in/english/home.aspx,1,True
http://www.nainitalobank.co.in/english/home.aspx,1,True
http://www.nainitalbnank.co.in/english/home.aspx,1,True
http://www.nainitaljank.co.in/english/home.aspx,1,True
http://www.naioitalbank.co.in/english/home.aspx,1,True
http://www.nainytalbank.co.in/english/home.aspx,1,True
http://www.nainitfalbank.co.in/english/home.aspx,1,True
http://www.nainivalbank.co.in/english/home.aspx,1,True
http://www.nainitalb1ank.co.in/english/home.aspx,1,True
http://www.nainitalbaynk.co.in/english/home.aspx,1,True
http://www.nqinitalbank.co.in/english/home.aspx,1,True
http://www.nainidalbank.co.in/english/home.aspx,1,True
http://www.n2ainitalbank.co.in/english/home.aspx,1,True
http://www.naioitalbank.co.in/english/home.aspx,1,True
http://www.nainit6albank.co.in/english/home.aspx,1,True
http://www.naifitalbank.co.in/english/home.aspx,1,True
http://www.naini5talbank.co.in/english/home.aspx,1,True
http://www.na-initalbank.co.in/english/home.aspx,1,True
http://www.naibnitalbank.co.in/english/home.aspx,1,True
http://www.nainirtalbank.co.in/english/home.aspx,1,True
http://www.nyainitalbank.co.in/english/home.aspx,1,True
http://www.nainitaolbank.co.in/english/home.aspx,1,True
http://www.ncinitalbank.co.in/english/home.aspx,1,True
http://www.nainit6albank.co.in/english/home.aspx,1,True
http://www.nyainitalbank.co.in/english/home.aspx,1,True
http://www.naoinitalbank.co.in/english/home.aspx,1,True
http://www.na-initalbank.co.in/english/home.aspx,1,True
http://www.nawinitalbank.co.in/english/home.aspx,1,True
http://www.nainiytalbank.co.in/english/home.aspx,1,True
http://www.nainitalbhank.co.in/english/home.aspx,1,True
http://www.nainiztalbank.co.in/english/home.aspx,1,True
http://www.na8initalbank.co.in/english/home.aspx,1,True
http://www.nainita1lbank.co.in/english/home.aspx,1,True
http://www.nauinitalbank.co.in/english/home.aspx,1,True
http://www.nainiualbank.co.in/english/home.aspx,1,True
http://www.nainitalbanmk.co.in/english/home.aspx,1,True
http://www.nainita-lbank.co.in/english/home.aspx,1,True
http://www.nainijtalbank.co.in/english/home.aspx,1,True
http://www.nainitalbanbk.co.in/english/home.aspx,1,True
http://www.nainitalbnank.co.in/english/home.aspx,1,True
http://www.nqinitalbank.co.in/english/home.aspx,1,True
http://www.nainktalbank.co.in/english/home.aspx,1,True
http://www.nainitalrank.co.in/english/home.aspx,1,True
http://www.naintalbank.co.in/english/home.aspx,1,True
http://www.naihnitalbank.co.in/english/home.aspx,1,True
http://www.jainitalbank.co.in/english/home.aspx,1,True
http://www.nainitamlbank.co.in/english/home.aspx,1,True
http://www.nainitalb-ank.co.in/english/home.aspx,1,True
http://www.nainitalbanjk.co.in/english/home.aspx,1,True
http://www.nainitaplbank.co.in/english/home.aspx,1,True
http://www.nainitalbaqnk.co.in/english/home.aspx,1,True
http://www.nainitalbamnk.co.in/english/home.aspx,1,True
http://www.na9initalbank.co.in/english/home.aspx,1,True
http://www.naintalbank.co.in/english/home.aspx,1,True
http://www.nainitalhbank.co.in/english/home.aspx,1,True
http://www.nainitfalbank.co.in/english/home.aspx,1,True
http://www.nainitalgbank.co.in/english/home.aspx,1,True
http://www.namnitalbank.co.in/english/home.aspx,1,True
http://www.nainitalbvank.co.in/english/home.aspx,1,True
http://www.naini9talbank.co.in/english/home.aspx,1,True
http://www.nainitalba-nk.co.in/english/home.aspx,1,True
http://www.naini6talbank.co.in/english/home.aspx,1,True
http://www.nayinitalbank.co.in/english/home.aspx,1,True
http://www.nainitalvbank.co.in/english/home.aspx,1,True
http://www.nainitralbank.co.in/english/home.aspx,1,True
http://www.nainhitalbank.co.in/english/home.aspx,1,True
http://www.nainitalbanj.co.in/english/home.aspx,1,True
http://www.nainiutalbank.co.in/english/home.aspx,1,True
http://www.naimnitalbank.co.in/english/home.aspx,1,True
http://www.nainitazlbank.co.in/english/home.aspx,1,True
http://www.nainitawlbank.co.in/english/home.aspx,1,True
http://www.nasinitalbank.co.in/english/home.aspx,1,True
http://www.namnitalbank.co.in/english/home.aspx,1,True
http://www.nainitahbank.co.in/english/home.aspx,1,True
http://www.nainigtalbank.co.in/english/home.aspx,1,True
http://www.nainitalba-nk.co.in/english/home.aspx,1,True
http://www.naijitalbank.co.in/english/home.aspx,1,True
http://www.naini4albank.co.in/english/home.aspx,1,True
http://www.nainhtalbank.co.in/english/home.aspx,1,True
http://www.nainitalbanbk.co.in/english/home.aspx,1,True
http://www.nainitalvbank.co.in/english/home.aspx,1,True
http://www.nainiztalbank.co.in/english/home.aspx,1,True
http://www.nainitalbajk.co.in/english/home.aspx,1,True
http://www.nainitalb2ank.co.in/english/home.aspx,1,True
http://www.nainitalban-k.co.in/english/home.aspx,1,True
http://www.naini-talbank.co.in/english/home.aspx,1,True
http://www.nqainitalbank.co.in/english/home.aspx,1,True
http://www.nainitzalbank.co.in/english/home.aspx,1,True
http://www.oainitalbank.co.in/english/home.aspx,1,True
http://www.nainktalbank.co.in/english/home.aspx,1,True
http://www.nainitalbsank.co.in/english/home.aspx,1,True
http://www.nainitalbanhk.co.in/english/home.aspx,1,True
http://www.nainitalba1nk.co.in/english/home.aspx,1,True
http://www.nainytalbank.co.in/english/home.aspx,1,True
http://www.nainitsalbank.co.in/english/home.aspx,1,True
http://www.nainitalbajnk.co.in/english/home.aspx,1,True
http://www.nainitalkbank.co.in/english/home.aspx,1,True
http://www.nainitalbqnk.co.in/english/home.aspx,1,True
http://www.na1initalbank.co.in/english/home.aspx,1,True
http://www.na2initalbank.co.in/english/home.aspx,1,True
http://www.nai-nitalbank.co.in/english/home.aspx,1,True
http://www.nainmtalbank.co.in/english/home.aspx,1,True
http://www.nainit1albank.co.in/english/home.aspx,1,True
http://www.nainitalbqank.co.in/english/home.aspx,1,True
http://www.nainitalbaok.co.in/english/home.aspx,1,True
http://www.nainitwalbank.co.in/english/home.aspx,1,True
http://www.nainitalbankg.co.in/english/home.aspx,1,True
http://www.nainitalbsank.co.in/english/home.aspx,1,True
http://www.n1ainitalbank.co.in/english/home.aspx,1,True
http://www.nainitalbgank.co.in/english/home.aspx,1,True
http://www.nainitalobank.co.in/english/home.aspx,1,True
http://www.nainitalkbank.co.in/english/home.aspx,1,True
http://www.nainitalfank.co.in/english/home.aspx,1,True
http://www.nainitalbzank.co.in/english/home.aspx,1,True
http://www.nainitalbamnk.co.in/english/home.aspx,1,True
http://www.oainitalbank.co.in/english/home.aspx,1,True
http://www.nainitambank.co.in/english/home.aspx,1,True
http://www.nainit-albank.co.in/english/home.aspx,1,True
http://www.naynitalbank.co.in/english/home.aspx,1,True
http://www.nainhitalbank.co.in/english/home.aspx,1,True
http://www.nainitalbank-nainitalbank.co.in/english/home.aspx,1,True
http://www.nainitalpbank.co.in/english/home.aspx,1,True
http://www.naknitalbank.co.in/english/home.aspx,1,True
http://www.nainitalbaznk.co.in/english/home.aspx,1,True
http://www.nawinitalbank.co.in/english/home.aspx,1,True
http://www.nainitalbankl.co.in/english/home.aspx,1,True
http://www.nain8italbank.co.in/english/home.aspx,1,True
http://www.nainoitalbank.co.in/english/home.aspx,1,True
http://www.nain-italbank.co.in/english/home.aspx,1,True
http://www.nazinitalbank.co.in/english/home.aspx,1,True
http://www.nain-italbank.co.in/english/home.aspx,1,True
http://www.naifitalbank.co.in/english/home.aspx,1,True
http://www.nainit-albank.co.in/english/home.aspx,1,True
http://www.nainitalb-ank.co.in/english/home.aspx,1,True
http://www.nainmitalbank.co.in/english/home.aspx,1,True
http://www.naijnitalbank.co.in/english/home.aspx,1,True
http://www.nainitalbanjk.co.in/english/home.aspx,1,True
http://www.najinitalbank.co.in/english/home.aspx,1,True
http://www.nainitalbcnk.co.in/english/home.aspx,1,True
http://www.nahnitalbank.co.in/english/home.aspx,1,True
http://www.nainit2albank.co.in/english/home.aspx,1,True
http://www.nainitalbhank.co.in/english/home.aspx,1,True
http://www.nainitalbawnk.co.in/english/home.aspx,1,True
http://www.nainitalbasnk.co.in/english/home.aspx,1,True
http://www.nainitclbank.co.in/english/home.aspx,1,True
http://www.nainitalbcnk.co.in/english/home.aspx,1,True
http://www.nainiotalbank.co.in/english/home.aspx,1,True
http://www.nainitalmbank.co.in/english/home.aspx,1,True
http://www.nainitalbani.co.in/english/home.aspx,1,True
http://www.nainitalbaynk.co.in/english/home.aspx,1,True
http://www.nainitambank.co.in/english/home.aspx,1,True
http://www.nainitgalbank.co.in/english/home.aspx,1,True
http://www.nainitaklbank.co.in/english/home.aspx,1,True
http://www.nainitalbano.co.in/english/home.aspx,1,True
http://www.nainipalbank.co.in/english/home.aspx,1,True
http://www.nainoitalbank.co.in/english/home.aspx,1,True
http://www.nainuitalbank.co.in/english/home.aspx,1,True
http://www.nainkitalbank.co.in/english/home.aspx,1,True
http://www.nainitaylbank.co.in/english/home.aspx,1,True
http://www.nainitalb2ank.co.in/english/home.aspx,1,True
http://www.nainitalbalk.co.in/english/home.aspx,1,True
http://www.nainitahbank.co.in/english/home.aspx,1,True
http://www.nainitalba2nk.co.in/english/home.aspx,1,True
http://www.nainitalnbank.co.in/english/home.aspx,1,True
http://www.nainitadbank.co.in/english/home.aspx,1,True
http://www.nainitalbabnk.co.in/english/home.aspx,1,True
http://www.naini5talbank.co.in/english/home.aspx,1,True
http://www.naknitalbank.co.in/english/home.aspx,1,True
http://www.nainitalbafk.co.in/english/home.aspx,1,True
http://www.nainitalbyank.co.in/english/home.aspx,1,True
http://www.nainitalbalk.co.in/english/home.aspx,1,True
http://www.nainitalcank.co.in/english/home.aspx,1,True
http://www.nain9italbank.co.in/english/home.aspx,1,True
http://www.lainitalbank.co.in/english/home.aspx,1,True
http://www.nainiktalbank.co.in/english/home.aspx,1,True
http://www.nainitalbvank.co.in/english/home.aspx,1,True
http://www.nakinitalbank.co.in/english/home.aspx,1,True
http://www.jainitalbank.co.in/english/home.aspx,1,True
http://www.nainita2lbank.co.in/english/home.aspx,1,True
http://www.nailitalbank.co.in/english/home.aspx,1,True
http://www.fainitalbank.co.in/english/home.aspx,1,True
http://www.nwainitalbank.co.in/english/home.aspx,1,True
http://www.nainitalbahnk.co.in/english/home.aspx,1,True
http://www.nainitaolbank.co.in/english/home.aspx,1,True
http://www.nainitanbank.co.in/english/home.aspx,1,True
http://www.nainitalbajk.co.in/english/home.aspx,1,True
http://www.nainiualbank.co.in/english/home.aspx,1,True
http://www.nzainitalbank.co.in/english/home.aspx,1,True
http://www.fainitalbank.co.in/english/home.aspx,1,True
http://www.nainidalbank.co.in/english/home.aspx,1,True
http://www.nainitqalbank.co.in/english/home.aspx,1,True
http://www.nainijtalbank.co.in/english/home.aspx,1,True
http://www.naimnitalbank.co.in/english/home.aspx,1,True
http://www.nainjitalbank.co.in/english/home.aspx,1,True
http://www.naini4albank.co.in/english/home.aspx,1,True
http://www.nainitalnbank.co.in/english/home.aspx,1,True
http://www.nain8italbank.co.in/english/home.aspx,1,True
http://www.nainitaslbank.co.in/english/home.aspx,1,True
http://www.nainita1lbank.co.in/english/home.aspx,1,True
http://www.nainitalbank-nainitalbank.co.in/english/home.aspx,1,True
http://www.nainitalbaqnk.co.in/english/home.aspx,1,True
http://www.nainit2albank.co.in/english/home.aspx,1,True
http://www.naihnitalbank.co.in/english/home.aspx,1,True
http://www.nai-nitalbank.co.in/english/home.aspx,1,True
http://www.nainirtalbank.co.in/english/home.aspx,1,True
http://www.na9initalbank.co.in/english/home.aspx,1,True
http://www.nainitalban-k.co.in/english/home.aspx,1,True
http://www.nainitalb1ank.co.in/english/home.aspx,1,True
http://www.nainitaplbank.co.in/english/home.aspx,1,True
http://www.nainit5albank.co.in/english/home.aspx,1,True
http://www.nainitawlbank.co.in/english/home.aspx,1,True
http://www.nainitaslbank.co.in/english/home.aspx,1,True
http://www.nainityalbank.co.in/english/home.aspx,1,True
http://www.na8initalbank.co.in/english/home.aspx,1,True
http://www.naynitalbank.co.in/english/home.aspx,1,True
http://www.nainitalbwank.co.in/english/home.aspx,1,True
http://www.nainitalbano.co.in/english/home.aspx,1,True
http://www.nainitaljank.co.in/english/home.aspx,1,True
http://www.n-ainitalbank.co.in/english/home.aspx,1,True
http://www.naiknitalbank.co.in/english/home.aspx,1,True
http://www.nainkitalbank.co.in/english/home.aspx,1,True
http://www.nainitalgbank.co.in/english/home.aspx,1,True
http://www.nainiftalbank.co.in/english/home.aspx,1,True
http://www.nainivalbank.co.in/english/home.aspx,1,True
http://www.n1ainitalbank.co.in/english/home.aspx,1,True
http://www.naiunitalbank.co.in/english/home.aspx,1,True
http://www.nazinitalbank.co.in/english/home.aspx,1,True
http://www.nainitazlbank.co.in/english/home.aspx,1,True
http://www.nainmtalbank.co.in/english/home.aspx,1,True
http://www.naini8talbank.co.in/english/home.aspx,1,True
http://www.nainitalrank.co.in/english/home.aspx,1,True
http://www.naiunitalbank.co.in/english/home.aspx,1,True
http://www.nainitalbanc.co.in/english/home.aspx,1,True
http://www.n-ainitalbank.co.in/english/home.aspx,1,True
http://www.nainitaylbank.co.in/english/home.aspx,1,True
http://www.ncinitalbank.co.in/english/home.aspx,1,True
http://www.nainitgalbank.co.in/english/home.aspx,1,True
http://www.nainitanbank.co.in/english/home.aspx,1,True
http://www.nainitsalbank.co.in/english/home.aspx,1,True
http://www.naqinitalbank.co.in/english/home.aspx,1,True
http://www.nsainitalbank.co.in/english/home.aspx,1,True
http://www.nainitralbank.co.in/english/home.aspx,1,True
http://www.nakinitalbank.co.in/english/home.aspx,1,True
http://www.nainitalbanc.co.in/english/home.aspx,1,True
http://www.nainitalbani.co.in/english/home.aspx,1,True
http://www.nainitwalbank.co.in/english/home.aspx,1,True
http://www.nai9nitalbank.co.in/english/home.aspx,1,True
http://www.nainitalcank.co.in/english/home.aspx,1,True
http://www.nqainitalbank.co.in/english/home.aspx,1,True
http://www.naini8talbank.co.in/english/home.aspx,1,True
http://www.nainhtalbank.co.in/english/home.aspx,1,True
http://www.nainjitalbank.co.in/english/home.aspx,1,True
http://www.naini-talbank.co.in/english/home.aspx,1,True
http://www.nainitalbafk.co.in/english/home.aspx,1,True
http://www.nainitalbqnk.co.in/english/home.aspx,1,True
http://www.nainitalbgank.co.in/english/home.aspx,1,True
http://www.naijnitalbank.co.in/english/home.aspx,1,True
http://www.nain9italbank.co.in/english/home.aspx,1,True
http://www.nainiktalbank.co.in/english/home.aspx,1,True
http://www.nwainitalbank.co.in/english/home.aspx,1,True
http://www.nai8nitalbank.co.in/english/home.aspx,1,True
http://www.nailitalbank.co.in/english/home.aspx,1,True
http://www.nainitalbajnk.co.in/english/home.aspx,1,True
http://www.nainitamlbank.co.in/english/home.aspx,1,True
http://www.n2ainitalbank.co.in/english/home.aspx,1,True
http://www.nainitalmbank.co.in/english/home.aspx,1,True
http://www.nzainitalbank.co.in/english/home.aspx,1,True
http://www.nainitalhbank.co.in/english/home.aspx,1,True
http://www.nainitalpbank.co.in/english/home.aspx,1,True
http://www.nainbitalbank.co.in/english/home.aspx,1,True
http://www.nainitaklbank.co.in/english/home.aspx,1,True
http://www.nainitaqlbank.co.in/english/home.aspx,1,True
http://www.nainitalbahnk.co.in/english/home.aspx,1,True
http://www.nainitalbanj.co.in/english/home.aspx,1,True
http://www.nainit5albank.co.in/english/home.aspx,1,True
http://www.nainiftalbank.co.in/english/home.aspx,1,True
http://www.nainiytalbank.co.in/english/home.aspx,1,True
http://www.nainitzalbank.co.in/english/home.aspx,1,True
http://www.nainipalbank.co.in/english/home.aspx,1,True
http://www.nainitadbank.co.in/english/home.aspx,1,True
http://www.nahnitalbank.co.in/english/home.aspx,1,True
http://www.na2initalbank.co.in/english/home.aspx,1,True
http://www.nainitclbank.co.in/english/home.aspx,1,True
http://www.nainitalbyank.co.in/english/home.aspx,1,True
http://www.nainitalbankl.co.in/english/home.aspx,1,True
http://www.nainita2lbank.co.in/english/home.aspx,1,True
http://www.nainitalfank.co.in/english/home.aspx,1,True
http://www.naijitalbank.co.in/english/home.aspx,1,True
http://www.nainitalbbank.co.in/english/home.aspx,1,True
http://www.nainetalbank.co.in/english/home.aspx,1,True
http://www.nainotalbank.co.in/english/home.aspx,1,True
http://www.nainitalbaank.co.in/english/home.aspx,1,True
http://www.naanitalbank.co.in/english/home.aspx,1,True
http://www.nainitulbank.co.in/english/home.aspx,1,True
http://www.nainitelbank.co.in/english/home.aspx,1,True
http://www.nainitalbanky.co.in/english/home.aspx,1,True
http://www.noinitalbank.co.in/english/home.aspx,1,True
http://www.nainiztalbank.co.in/english/home.aspx,1,True
http://www.naintialbank.co.in/english/home.aspx,1,True
http://www.n.ainitalbank.co.in/english/home.aspx,1,True
http://www.nqinitalbank.co.in/english/home.aspx,1,True
http://www.nainit2albank.co.in/english/home.aspx,1,True
http://www.nainitablank.co.in/english/home.aspx,1,True
http://www.nainitalrank.co.in/english/home.aspx,1,True
http://www.nainitalba-nk.co.in/english/home.aspx,1,True
http://www.n.ainitalbank.co.in/english/home.aspx,1,True
http://www.nainitqlbank.co.in/english/home.aspx,1,True
http://www.nazinitalbank.co.in/english/home.aspx,1,True
http://www.nainitaslbank.co.in/english/home.aspx,1,True
http://www.nainitalbabnk.co.in/english/home.aspx,1,True
http://www.nain8italbank.co.in/english/home.aspx,1,True
http://www.nainitalhbank.co.in/english/home.aspx,1,True
http://www.nqinitalbank.co.in/english/home.aspx,1,True
http://www.nainitaqlbank.co.in/english/home.aspx,1,True
http://www.naibnitalbank.co.in/english/home.aspx,1,True
http://www.naintalbank.co.in/english/home.aspx,1,True
http://www.fainitalbank.co.in/english/home.aspx,1,True
http://www.nainitambank.co.in/english/home.aspx,1,True
http://www.nainitalbqnk.co.in/english/home.aspx,1,True
http://www.nain.italbank.co.in/english/home.aspx,1,True
http://www.naini8talbank.co.in/english/home.aspx,1,True
http://www.naniitalbank.co.in/english/home.aspx,1,True
http://www.nainitalban.co.in/english/home.aspx,1,True
http://www.nainitalbaank.co.in/english/home.aspx,1,True
http://www.nahnitalbank.co.in/english/home.aspx,1,True
http://www.nainitaalbank.co.in/english/home.aspx,1,True
http://www.nainitalbanbk.co.in/english/home.aspx,1,True
http://www.nainitalbankh.co.in/english/home.aspx,1,True
http://www.nainitalbafk.co.in/english/home.aspx,1,True
http://www.nainita1lbank.co.in/english/home.aspx,1,True
http://www.nainitalbanc.co.in/english/home.aspx,1,True
http://www.nainitalbanke.co.in/english/home.aspx,1,True
http://www.nainoitalbank.co.in/english/home.aspx,1,True
http://www.naimnitalbank.co.in/english/home.aspx,1,True
http://www.nainita-lbank.co.in/english/home.aspx,1,True
http://www.naini9talbank.co.in/english/home.aspx,1,True
http://www.nainitalbalk.co.in/english/home.aspx,1,True
http://www.nainitwalbank.co.in/english/home.aspx,1,True
http://www.nwainitalbank.co.in/english/home.aspx,1,True
http://www.naionitalbank.co.in/english/home.aspx,1,True
http://www.nainitqalbank.co.in/english/home.aspx,1,True
http://www.nainita2lbank.co.in/english/home.aspx,1,True
http://www.nazinitalbank.co.in/english/home.aspx,1,True
http://www.nauinitalbank.co.in/english/home.aspx,1,True
http://www.nainutalbank.co.in/english/home.aspx,1,True
http://www.nainittalbank.co.in/english/home.aspx,1,True
http://www.nainitilbank.co.in/english/home.aspx,1,True
http://www.naainitalbank.co.in/english/home.aspx,1,True
http://www.nainitahbank.co.in/english/home.aspx,1,True
http://www.nainiytalbank.co.in/english/home.aspx,1,True
http://www.nainitalbak.co.in/english/home.aspx,1,True
http://www.nainitalbankc.co.in/english/home.aspx,1,True
http://www.nainita.lbank.co.in/english/home.aspx,1,True
http://www.nainitalbzank.co.in/english/home.aspx,1,True
http://www.nain-italbank.co.in/english/home.aspx,1,True
http://www.nainmitalbank.co.in/english/home.aspx,1,True
http://www.nainitalbzank.co.in/english/home.aspx,1,True
http://www.nainitalba1nk.co.in/english/home.aspx,1,True
http://www.naynitalbank.co.in/english/home.aspx,1,True
http://www.nainiitalbank.co.in/english/home.aspx,1,True
http://www.nai.nitalbank.co.in/english/home.aspx,1,True
http://www.nainit.albank.co.in/english/home.aspx,1,True
http://www.naijnitalbank.co.in/english/home.aspx,1,True
http://www.na2initalbank.co.in/english/home.aspx,1,True
http://www.nainitolbank.co.in/english/home.aspx,1,True
http://www.nainitalb2ank.co.in/english/home.aspx,1,True
http://www.nainiktalbank.co.in/english/home.aspx,1,True
http://www.naini9talbank.co.in/english/home.aspx,1,True
http://www.naijitalbank.co.in/english/home.aspx,1,True
http://www.nainitalb1ank.co.in/english/home.aspx,1,True
http://www.nainijtalbank.co.in/english/home.aspx,1,True
http://www.nainitalbankn.co.in/english/home.aspx,1,True
http://www.nainitalank.co.in/english/home.aspx,1,True
http://www.nainitalbunk.co.in/english/home.aspx,1,True
http://www.n.ainitalbank.co.in/english/home.aspx,1,True
http://www.nyainitalbank.co.in/english/home.aspx,1,True
http://www.naintalbank.co.in/english/home.aspx,1,True
http://www.nainitalbak.co.in/english/home.aspx,1,True
http://www.n2ainitalbank.co.in/english/home.aspx,1,True
http://www.nainitalbawnk.co.in/english/home.aspx,1,True
http://www.nainitalbankg.co.in/english/home.aspx,1,True
http://www.nainitalkbank.co.in/english/home.aspx,1,True
http://www.nainitalpbank.co.in/english/home.aspx,1,True
http://www.naynitalbank.co.in/english/home.aspx,1,True
http://www.nainita.lbank.co.in/english/home.aspx,1,True
http://www.nainitgalbank.co.in/english/home.aspx,1,True
http://www.nainitlbank.co.in/english/home.aspx,1,True
http://www.nainitzalbank.co.in/english/home.aspx,1,True
http://www.nainijtalbank.co.in/english/home.aspx,1,True
http://www.nainitalbnk.co.in/english/home.aspx,1,True
http://www.nainitalbvank.co.in/english/home.aspx,1,True
http://www.nainitalban.co.in/english/home.aspx,1,True
http://www.nainjitalbank.co.in/english/home.aspx,1,True
http://www.nainitalb-ank.co.in/english/home.aspx,1,True
http://www.nainitaolbank.co.in/english/home.aspx,1,True
http://www.nainitalbgank.co.in/english/home.aspx,1,True
http://www.naiinitalbank.co.in/english/home.aspx,1,True
http://www.nainialbank.co.in/english/home.aspx,1,True
http://www.naini.talbank.co.in/english/home.aspx,1,True
http://www.nainitalbanmk.co.in/english/home.aspx,1,True
http://www.nainitaylbank.co.in/english/home.aspx,1,True
http://www.nainitalbankm.co.in/english/home.aspx,1,True
http://www.nainityalbank.co.in/english/home.aspx,1,True
http://www.nainnitalbank.co.in/english/home.aspx,1,True
http://www.nainytalbank.co.in/english/home.aspx,1,True
http://www.nainit6albank.co.in/english/home.aspx,1,True
http://www.nainitalba1nk.co.in/english/home.aspx,1,True
http://www.nainitlabank.co.in/english/home.aspx,1,True
http://www.nain.italbank.co.in/english/home.aspx,1,True
http://www.n-ainitalbank.co.in/english/home.aspx,1,True
http://www.neinitalbank.co.in/english/home.aspx,1,True
http://www.nainitalbannk.co.in/english/home.aspx,1,True
http://www.naihnitalbank.co.in/english/home.aspx,1,True
http://www.nainitalbankw.co.in/english/home.aspx,1,True
http://www.nainitalbankk.co.in/english/home.aspx,1,True
http://www.nainitaIbank.co.in/english/home.aspx,1,True
http://www.nainitahbank.co.in/english/home.aspx,1,True
http://www.nainitalbaok.co.in/english/home.aspx,1,True
http://www.nainitalbnak.co.in/english/home.aspx,1,True
http://www.naioitalbank.co.in/english/home.aspx,1,True
http://www.nainitalbink.co.in/english/home.aspx,1,True
http://www.nai9nitalbank.co.in/english/home.aspx,1,True
http://www.niinitalbank.co.in/english/home.aspx,1,True
http://www.jainitalbank.co.in/english/home.aspx,1,True
http://www.nainitaalbank.co.in/english/home.aspx,1,True
http://www.nainitalbbank.co.in/english/home.aspx,1,True
http://www.na-initalbank.co.in/english/home.aspx,1,True
http://www.nainitalbannk.co.in/english/home.aspx,1,True
http://www.nnainitalbank.co.in/english/home.aspx,1,True
http://www.jainitalbank.co.in/english/home.aspx,1,True
http://www.nainitalbenk.co.in/english/home.aspx,1,True
http://www.nainitadbank.co.in/english/home.aspx,1,True
http://www.na8initalbank.co.in/english/home.aspx,1,True
http://www.nainitalb2ank.co.in/english/home.aspx,1,True
http://www.nainitalbnk.co.in/english/home.aspx,1,True
http://www.nainidalbank.co.in/english/home.aspx,1,True
http://www.nainitalbajnk.co.in/english/home.aspx,1,True
http://www.nainitalbyank.co.in/english/home.aspx,1,True
http://www.nainitalbanjk.co.in/english/home.aspx,1,True
http://www.nainigtalbank.co.in/english/home.aspx,1,True
http://www.nainitalbankf.co.in/english/home.aspx,1,True
http://www.nainktalbank.co.in/english/home.aspx,1,True
http://www.fainitalbank.co.in/english/home.aspx,1,True
http://www.nzainitalbank.co.in/english/home.aspx,1,True
http://www.nainitalbaynk.co.in/english/home.aspx,1,True
http://www.nainitalmbank.co.in/english/home.aspx,1,True
http://www.nainitalvbank.co.in/english/home.aspx,1,True
http://www.nainialbank.co.in/english/home.aspx,1,True
http://www.nainiualbank.co.in/english/home.aspx,1,True
http://www.nainitalbanj.co.in/english/home.aspx,1,True
http://www.nainbitalbank.co.in/english/home.aspx,1,True
http://www.nainitalbankr.co.in/english/home.aspx,1,True
http://www.nnainitalbank.co.in/english/home.aspx,1,True
http://www.nainitalbanke.co.in/english/home.aspx,1,True
http://www.naiitalbank.co.in/english/home.aspx,1,True
http://www.nainitalbabnk.co.in/english/home.aspx,1,True
http://www.nainitalbonk.co.in/english/home.aspx,1,True
http://www.nainitalbawnk.co.in/english/home.aspx,1,True
http://www.naiinitalbank.co.in/english/home.aspx,1,True
http://www.nainitalbahnk.co.in/english/home.aspx,1,True
http://www.nainjitalbank.co.in/english/home.aspx,1,True
http://www.nainitalbanku.co.in/english/home.aspx,1,True
http://www.nain-italbank.co.in/english/home.aspx,1,True
http://www.nayinitalbank.co.in/english/home.aspx,1,True
http://www.nainitalgbank.co.in/english/home.aspx,1,True
http://www.naimnitalbank.co.in/english/home.aspx,1,True
http://www.nainitalbajnk.co.in/english/home.aspx,1,True
http://www.nainivalbank.co.in/english/home.aspx,1,True
http://www.naiunitalbank.co.in/english/home.aspx,1,True
http://www.nainitaplbank.co.in/english/home.aspx,1,True
http://www.nainktalbank.co.in/english/home.aspx,1,True
http://www.naifitalbank.co.in/english/home.aspx,1,True
http://www.na1initalbank.co.in/english/home.aspx,1,True
http://www.nawinitalbank.co.in/english/home.aspx,1,True
http://www.nailitalbank.co.in/english/home.aspx,1,True
http://www.naijnitalbank.co.in/english/home.aspx,1,True
http://www.nainitaljank.co.in/english/home.aspx,1,True
http://www.nainitalbanky.co.in/english/home.aspx,1,True
http://www.nainkitalbank.co.in/english/home.aspx,1,True
http://www.nainitalbankl.co.in/english/home.aspx,1,True
http://www.naiintalbank.co.in/english/home.aspx,1,True
http://www.nainitalbano.co.in/english/home.aspx,1,True
http://www.nsainitalbank.co.in/english/home.aspx,1,True
http://www.nainit-albank.co.in/english/home.aspx,1,True
http://www.nainitalbankb.co.in/english/home.aspx,1,True
http://www.nainitaolbank.co.in/english/home.aspx,1,True
http://www.nainitalbaqnk.co.in/english/home.aspx,1,True
http://www.nailitalbank.co.in/english/home.aspx,1,True
http://www.nainitalgbank.co.in/english/home.aspx,1,True
http://www.n2ainitalbank.co.in/english/home.aspx,1,True
http://www.nainit2albank.co.in/english/home.aspx,1,True
http://www.nainitalbgank.co.in/english/home.aspx,1,True
http://www.nainitalfank.co.in/english/home.aspx,1,True
http://www.nainidalbank.co.in/english/home.aspx,1,True
http://www.nainitfalbank.co.in/english/home.aspx,1,True
http://www.nainitalbanks.co.in/english/home.aspx,1,True
http://www.nainita-lbank.co.in/english/home.aspx,1,True
http://www.nainitaplbank.co.in/english/home.aspx,1,True
http://www.nainnitalbank.co.in/english/home.aspx,1,True
http://www.ncinitalbank.co.in/english/home.aspx,1,True
http://www.nainivalbank.co.in/english/home.aspx,1,True
http://www.nainitazlbank.co.in/english/home.aspx,1,True
http://www.nainitalbank-nainitalbank.co.in/english/home.aspx,1,True
http://www.naiintalbank.co.in/english/home.aspx,1,True
http://www.nainiftalbank.co.in/english/home.aspx,1,True
http://www.nainitalbanbk.co.in/english/home.aspx,1,True
http://www.nainityalbank.co.in/english/home.aspx,1,True
http://www.nainitalbasnk.co.in/english/home.aspx,1,True
http://www.naiknitalbank.co.in/english/home.aspx,1,True
http://www.nainitalbasnk.co.in/english/home.aspx,1,True
http://www.nainitclbank.co.in/english/home.aspx,1,True
http://www.nainitsalbank.co.in/english/home.aspx,1,True
http://www.nainitalbanki.co.in/english/home.aspx,1,True
http://www.nainitgalbank.co.in/english/home.aspx,1,True
http://www.nainitalcank.co.in/english/home.aspx,1,True
http://www.niinitalbank.co.in/english/home.aspx,1,True
http://www.nainitalbankp.co.in/english/home.aspx,1,True
http://www.nainitalba2nk.co.in/english/home.aspx,1,True
http://www.nainitulbank.co.in/english/home.aspx,1,True
http://www.nainkitalbank.co.in/english/home.aspx,1,True
http://www.naainitalbank.co.in/english/home.aspx,1,True
http://www.naini4albank.co.in/english/home.aspx,1,True
http://www.nainitalbankd.co.in/english/home.aspx,1,True
http://www.nainiztalbank.co.in/english/home.aspx,1,True
http://www.naini8talbank.co.in/english/home.aspx,1,True
http://www.nainitalabnk.co.in/english/home.aspx,1,True
http://www.nainitalbamnk.co.in/english/home.aspx,1,True
http://www.naini-talbank.co.in/english/home.aspx,1,True
http://www.nainitalb1ank.co.in/english/home.aspx,1,True
http://www.nainitalnbank.co.in/english/home.aspx,1,True
http://www.nainitadbank.co.in/english/home.aspx,1,True
http://www.naonitalbank.co.in/english/home.aspx,1,True
http://www.nai-nitalbank.co.in/english/home.aspx,1,True
http://www.nain9italbank.co.in/english/home.aspx,1,True
http://www.nainitalvbank.co.in/english/home.aspx,1,True
http://www.naoinitalbank.co.in/english/home.aspx,1,True
http://www.nainitalbwank.co.in/english/home.aspx,1,True
http://www.naqinitalbank.co.in/english/home.aspx,1,True
http://www.nai9nitalbank.co.in/english/home.aspx,1,True
http://www.nainitlbank.co.in/english/home.aspx,1,True
http://www.nainitolbank.co.in/english/home.aspx,1,True
http://www.naknitalbank.co.in/english/home.aspx,1,True
http://www.nqainitalbank.co.in/english/home.aspx,1,True
http://www.nainitaIbank.co.in/english/home.aspx,1,True
http://www.naihnitalbank.co.in/english/home.aspx,1,True
http://www.nainiatlbank.co.in/english/home.aspx,1,True
http://www.nainitalbafk.co.in/english/home.aspx,1,True
http://www.n.ainitalbank.co.in/english/home.aspx,1,True
http://www.nainiutalbank.co.in/english/home.aspx,1,True
http://www.naanitalbank.co.in/english/home.aspx,1,True
http://www.nainitaslbank.co.in/english/home.aspx,1,True
http://www.nainipalbank.co.in/english/home.aspx,1,True
http://www.nainitanbank.co.in/english/home.aspx,1,True
http://www.na9initalbank.co.in/english/home.aspx,1,True
http://www.nainitalbanj.co.in/english/home.aspx,1,True
http://www.naini4albank.co.in/english/home.aspx,1,True
http://www.na-initalbank.co.in/english/home.aspx,1,True
http://www.nainitalbano.co.in/english/home.aspx,1,True
http://www.nainitalbanku.co.in/english/home.aspx,1,True
http://www.nainitalbalk.co.in/english/home.aspx,1,True
http://www.nainitalbanka.co.in/english/home.aspx,1,True
http://www.nainirtalbank.co.in/english/home.aspx,1,True
http://www.nzainitalbank.co.in/english/home.aspx,1,True
http://www.nainitalbankf.co.in/english/home.aspx,1,True
http://www.naijitalbank.co.in/english/home.aspx,1,True
http://www.nainitalbankb.co.in/english/home.aspx,1,True
http://www.nainitawlbank.co.in/english/home.aspx,1,True
http://www.lainitalbank.co.in/english/home.aspx,1,True
http://www.nainitalbankq.co.in/english/home.aspx,1,True
http://www.n1ainitalbank.co.in/english/home.aspx,1,True
http://www.nainiutalbank.co.in/english/home.aspx,1,True
http://www.nainitalbsank.co.in/english/home.aspx,1,True
http://www.nainita1bank.co.in/english/home.aspx,1,True
http://www.nainitamlbank.co.in/english/home.aspx,1,True
http://www.nainitalbank-nainitalbank.co.in/english/home.aspx,1,True
http://www.nainitalabnk.co.in/english/home.aspx,1,True
http://www.nainirtalbank.co.in/english/home.aspx,1,True
http://www.najinitalbank.co.in/english/home.aspx,1,True
http://www.oainitalbank.co.in/english/home.aspx,1,True
http://www.nyainitalbank.co.in/english/home.aspx,1,True
http://www.nainitalbani.co.in/english/home.aspx,1,True
http://www.nainmitalbank.co.in/english/home.aspx,1,True
http://www.na2initalbank.co.in/english/home.aspx,1,True
http://www.nainitablank.co.in/english/home.aspx,1,True
http://www.nainitalbanjk.co.in/english/home.aspx,1,True
http://www.nainitalbcnk.co.in/english/home.aspx,1,True
http://www.nainitalbanhk.co.in/english/home.aspx,1,True
http://www.naifitalbank.co.in/english/home.aspx,1,True
http://www.nainitalbankv.co.in/english/home.aspx,1,True
http://www.nainitazlbank.co.in/english/home.aspx,1,True
http://www.nainitalbanko.co.in/english/home.aspx,1,True
http://www.nainit1albank.co.in/english/home.aspx,1,True
http://www.nainhtalbank.co.in/english/home.aspx,1,True
http://www.nainitzalbank.co.in/english/home.aspx,1,True
http://www.nainitalbonk.co.in/english/home.aspx,1,True
http://www.naknitalbank.co.in/english/home.aspx,1,True
http://www.naiitalbank.co.in/english/home.aspx,1,True
http://www.nainmtalbank.co.in/english/home.aspx,1,True
http://www.nainitallbank.co.in/english/home.aspx,1,True
http://www.nainitalbankt.co.in/english/home.aspx,1,True
http://www.naenitalbank.co.in/english/home.aspx,1,True
http://www.nainitalbaok.co.in/english/home.aspx,1,True
http://www.na.initalbank.co.in/english/home.aspx,1,True
http://www.n-ainitalbank.co.in/english/home.aspx,1,True
http://www.aninitalbank.co.in/english/home.aspx,1,True
http://www.nainitqalbank.co.in/english/home.aspx,1,True
http://www.naintialbank.co.in/english/home.aspx,1,True
http://www.nainitalbankx.co.in/english/home.aspx,1,True
http://www.naini6talbank.co.in/english/home.aspx,1,True
http://www.nain9italbank.co.in/english/home.aspx,1,True
http://www.nahnitalbank.co.in/english/home.aspx,1,True
http://www.na1initalbank.co.in/english/home.aspx,1,True
http://www.n1ainitalbank.co.in/english/home.aspx,1,True
http://www.nainit5albank.co.in/english/home.aspx,1,True
http://www.nainitalbankg.co.in/english/home.aspx,1,True
http://www.nakinitalbank.co.in/english/home.aspx,1,True
http://www.nainitalbvank.co.in/english/home.aspx,1,True
http://www.na.initalbank.co.in/english/home.aspx,1,True
http://www.nasinitalbank.co.in/english/home.aspx,1,True
http://www.nainit1albank.co.in/english/home.aspx,1,True
http://www.nainiotalbank.co.in/english/home.aspx,1,True
http://www.nainitallbank.co.in/english/home.aspx,1,True
http://www.nainitqlbank.co.in/english/home.aspx,1,True
http://www.nainitalban-k.co.in/english/home.aspx,1,True
http://www.nainitalba2nk.co.in/english/home.aspx,1,True
http://www.nainiotalbank.co.in/english/home.aspx,1,True
http://www.nainitalbankp.co.in/english/home.aspx,1,True
http://www.nainitalbankx.co.in/english/home.aspx,1,True
http://www.nainitalbankd.co.in/english/home.aspx,1,True
http://www.nainitalbankz.co.in/english/home.aspx,1,True
http://www.nai8nitalbank.co.in/english/home.aspx,1,True
http://www.ncinitalbank.co.in/english/home.aspx,1,True
http://www.namnitalbank.co.in/english/home.aspx,1,True
http://www.naini.talbank.co.in/english/home.aspx,1,True
http://www.nainhtalbank.co.in/english/home.aspx,1,True
http://www.nainitabank.co.in/english/home.aspx,1,True
http://www.naioitalbank.co.in/english/home.aspx,1,True
http://www.nainitalbakn.co.in/english/home.aspx,1,True
http://www.nainita2lbank.co.in/english/home.aspx,1,True
http://www.nainhitalbank.co.in/english/home.aspx,1,True
http://www.nainitralbank.co.in/english/home.aspx,1,True
http://www.nainuitalbank.co.in/english/home.aspx,1,True
http://www.nainitalpbank.co.in/english/home.aspx,1,True
http://www.nainit-albank.co.in/english/home.aspx,1,True
http://www.nainiktalbank.co.in/english/home.aspx,1,True
http://www.nianitalbank.co.in/english/home.aspx,1,True
http://www.nainitalbnank.co.in/english/home.aspx,1,True
http://www.nasinitalbank.co.in/english/home.aspx,1,True
http://www.nai-nitalbank.co.in/english/home.aspx,1,True
http://www.naiunitalbank.co.in/english/home.aspx,1,True
http://www.nainitilbank.co.in/english/home.aspx,1,True
http://www.nainitalbhank.co.in/english/home.aspx,1,True
http://www.nainitalbankq.co.in/english/home.aspx,1,True
http://www.naniitalbank.co.in/english/home.aspx,1,True
http://www.nainitalbankk.co.in/english/home.aspx,1,True
http://www.nainitsalbank.co.in/english/home.aspx,1,True
http://www.nainitalbnak.co.in/english/home.aspx,1,True
http://www.aninitalbank.co.in/english/home.aspx,1,True
http://www.nainytalbank.co.in/english/home.aspx,1,True
http://www.nainitalbanmk.co.in/english/home.aspx,1,True
http://www.nainitalbankl.co.in/english/home.aspx,1,True
http://www.naini-talbank.co.in/english/home.aspx,1,True
http://www.nainitalobank.co.in/english/home.aspx,1,True
http://www.nainitaljank.co.in/english/home.aspx,1,True
http://www.nqainitalbank.co.in/english/home.aspx,1,True
http://www.naini6talbank.co.in/english/home.aspx,1,True
http://www.nainitalbanc.co.in/english/home.aspx,1,True
http://www.nainitalbyank.co.in/english/home.aspx,1,True
http://www.nainita1bank.co.in/english/home.aspx,1,True
http://www.nainitlabank.co.in/english/home.aspx,1,True
http://www.nainitalbqank.co.in/english/home.aspx,1,True
http://www.nwainitalbank.co.in/english/home.aspx,1,True
http://www.nainitalbcnk.co.in/english/home.aspx,1,True
http://www.nainitalbajk.co.in/english/home.aspx,1,True
http://www.nainuitalbank.co.in/english/home.aspx,1,True
http://www.nainitalmbank.co.in/english/home.aspx,1,True
http://www.nainita1lbank.co.in/english/home.aspx,1,True
http://www.nainoitalbank.co.in/english/home.aspx,1,True
http://www.naqinitalbank.co.in/english/home.aspx,1,True
http://www.nainotalbank.co.in/english/home.aspx,1,True
http://www.nainitalbankt.co.in/english/home.aspx,1,True
http://www.nainiitalbank.co.in/english/home.aspx,1,True
http://www.nianitalbank.co.in/english/home.aspx,1,True
http://www.nainitalbqank.co.in/english/home.aspx,1,True
http://www.nainigtalbank.co.in/english/home.aspx,1,True
http://www.nainit6albank.co.in/english/home.aspx,1,True
http://www.noinitalbank.co.in/english/home.aspx,1,True
http://www.nainitabank.co.in/english/home.aspx,1,True
http://www.nainitalbhank.co.in/english/home.aspx,1,True
http://www.nainitalban-k.co.in/english/home.aspx,1,True
http://www.nainitwalbank.co.in/english/home.aspx,1,True
http://www.nainitalbankw.co.in/english/home.aspx,1,True
http://www.nainitambank.co.in/english/home.aspx,1,True
http://www.nainitelbank.co.in/english/home.aspx,1,True
http://www.neinitalbank.co.in/english/home.aspx,1,True
http://www.nainit5albank.co.in/english/home.aspx,1,True
http://www.nainitalbunk.co.in/english/home.aspx,1,True
http://www.naionitalbank.co.in/english/home.aspx,1,True
http://www.nawinitalbank.co.in/english/home.aspx,1,True
http://www.naibnitalbank.co.in/english/home.aspx,1,True
http://www.nainitaklbank.co.in/english/home.aspx,1,True
http://www.nainitalcank.co.in/english/home.aspx,1,True
http://www.na9initalbank.co.in/english/home.aspx,1,True
http://www.nainitalbanhk.co.in/english/home.aspx,1,True
http://www.nainbitalbank.co.in/english/home.aspx,1,True
http://www.nainitalbankj.co.in/english/home.aspx,1,True
http://www.nainetalbank.co.in/english/home.aspx,1,True
http://www.ninitalbank.co.in/english/home.aspx,1,True
http://www.nainitalb-ank.co.in/english/home.aspx,1,True
http://www.nainiytalbank.co.in/english/home.aspx,1,True
http://www.nakinitalbank.co.in/english/home.aspx,1,True
http://www.nai8nitalbank.co.in/english/home.aspx,1,True
http://www.nainitalbankr.co.in/english/home.aspx,1,True
http://www.nainitalbankh.co.in/english/home.aspx,1,True
http://www.nainatalbank.co.in/english/home.aspx,1,True
http://www.nainitalobank.co.in/english/home.aspx,1,True
http://www.nainitalbink.co.in/english/home.aspx,1,True
http://www.nainit.albank.co.in/english/home.aspx,1,True
http://www.nainitalbahnk.co.in/english/home.aspx,1,True
http://www.nainitalnbank.co.in/english/home.aspx,1,True
http://www.nainitalbaqnk.co.in/english/home.aspx,1,True
http://www.nainutalbank.co.in/english/home.aspx,1,True
http://www.nainiatlbank.co.in/english/home.aspx,1,True
http://www.nainitalbankj.co.in/english/home.aspx,1,True
http://www.nainitalbsank.co.in/english/home.aspx,1,True
http://www.nainitalbanka.co.in/english/home.aspx,1,True
http://www.nainitalbaynk.co.in/english/home.aspx,1,True
http://www.nainitalbajk.co.in/english/home.aspx,1,True
http://www.nainitamlbank.co.in/english/home.aspx,1,True
http://www.nainitalbenk.co.in/english/home.aspx,1,True
http://www.nainitalbanks.co.in/english/home.aspx,1,True
http://www.nainitalbqnk.co.in/english/home.aspx,1,True
http://www.nainitalbankc.co.in/english/home.aspx,1,True
http://www.naini5talbank.co.in/english/home.aspx,1,True
http://www.ninitalbank.co.in/english/home.aspx,1,True
http://www.na8initalbank.co.in/english/home.aspx,1,True
http://www.nayinitalbank.co.in/english/home.aspx,1,True
http://www.nainmtalbank.co.in/english/home.aspx,1,True
http://www.nainhitalbank.co.in/english/home.aspx,1,True
http://www.naini5talbank.co.in/english/home.aspx,1,True
http://www.nainitalbanko.co.in/english/home.aspx,1,True
http://www.nainitalbankv.co.in/english/home.aspx,1,True
http://www.nuinitalbank.co.in/english/home.aspx,1,True
http://www.oainitalbank.co.in/english/home.aspx,1,True
http://www.nainitalhbank.co.in/english/home.aspx,1,True
http://www.nainitalbnank.co.in/english/home.aspx,1,True
http://www.nainitalrank.co.in/english/home.aspx,1,True
http://www.namnitalbank.co.in/english/home.aspx,1,True
http://www.nainipalbank.co.in/english/home.aspx,1,True
http://www.nainitaklbank.co.in/english/home.aspx,1,True
http://www.nainitawlbank.co.in/english/home.aspx,1,True
http://www.nainitalkbank.co.in/english/home.aspx,1,True
http://www.nsainitalbank.co.in/english/home.aspx,1,True
http://www.nainitalbankz.co.in/english/home.aspx,1,True
http://www.nainitralbank.co.in/english/home.aspx,1,True
http://www.nainiualbank.co.in/english/home.aspx,1,True
http://www.nainitalbankm.co.in/english/home.aspx,1,True
http://www.nainitalbakn.co.in/english/home.aspx,1,True
http://www.nainitaqlbank.co.in/english/home.aspx,1,True
http://www.nainitalbankn.co.in/english/home.aspx,1,True
http://www.nainitalbani.co.in/english/home.aspx,1,True
http://www.naiknitalbank.co.in/english/home.aspx,1,True
http://www.nainitalbamnk.co.in/english/home.aspx,1,True
http://www.nauinitalbank.co.in/english/home.aspx,1,True
http://www.nainitalba-nk.co.in/english/home.aspx,1,True
http://www.nainitclbank.co.in/english/home.aspx,1,True
http://www.nainitfalbank.co.in/english/home.aspx,1,True
http://www.nainitalank.co.in/english/home.aspx,1,True
http://www.nain8italbank.co.in/english/home.aspx,1,True
http://www.nainitalbaznk.co.in/english/home.aspx,1,True
http://www.nainitanbank.co.in/english/home.aspx,1,True
http://www.najinitalbank.co.in/english/home.aspx,1,True
http://www.naunitalbank.co.in/english/home.aspx,1,True
http://www.nainitaylbank.co.in/english/home.aspx,1,True
http://www.nainitalbwank.co.in/english/home.aspx,1,True
http://www.nainittalbank.co.in/english/home.aspx,1,True
http://www.lainitalbank.co.in/english/home.aspx,1,True
http://www.nainitalbanki.co.in/english/home.aspx,1,True
http://www.nainitalbaznk.co.in/english/home.aspx,1,True
http://www.nuinitalbank.co.in/english/home.aspx,1,True
http://www.nai.nitalbank.co.in/english/home.aspx,1,True
http://www.nainitalfank.co.in/english/home.aspx,1,True
http://www.nainiftalbank.co.in/english/home.aspx,1,True
http://www.naoinitalbank.co.in/english/home.aspx,1,True
http://www.nainijtalbank.co.in/english/home.aspx,1,True
http://www.naainitalbank.co.in/english/home.aspx,1,True
http://www.nainitalbanko.co.in/english/home.aspx,1,True
http://www.naintalbank.co.in/english/home.aspx,1,True
http://www.nainitalbnak.co.in/english/home.aspx,1,True
http://www.nainitalb1ank.co.in/english/home.aspx,1,True
http://www.nainitalgbank.co.in/english/home.aspx,1,True
http://www.nainiktalbank.co.in/english/home.aspx,1,True
http://www.nainitalbonk.co.in/english/home.aspx,1,True
http://www.nainiytalbank.co.in/english/home.aspx,1,True
http://www.nainitalbabnk.co.in/english/home.aspx,1,True
http://www.nainitalbankj.co.in/english/home.aspx,1,True
http://www.nainmtalbank.co.in/english/home.aspx,1,True
http://www.nainitalba1nk.co.in/english/home.aspx,1,True
http://www.nainiotalbank.co.in/english/home.aspx,1,True
http://www.n.ainitalbank.co.in/english/home.aspx,1,True
http://www.naonitalbank.co.in/english/home.aspx,1,True
http://www.nainittalbank.co.in/english/home.aspx,1,True
http://www.nainitaalbank.co.in/english/home.aspx,1,True
http://www.nainitalbajnk.co.in/english/home.aspx,1,True
http://www.nainitabank.co.in/english/home.aspx,1,True
http://www.nainutalbank.co.in/english/home.aspx,1,True
http://www.naiknitalbank.co.in/english/home.aspx,1,True
http://www.nainitelbank.co.in/english/home.aspx,1,True
http://www.nainita.lbank.co.in/english/home.aspx,1,True
http://www.nainitalbhank.co.in/english/home.aspx,1,True
http://www.nainitalbanks.co.in/english/home.aspx,1,True
http://www.nainitalbaok.co.in/english/home.aspx,1,True
http://www.nainatalbank.co.in/english/home.aspx,1,True
http://www.n.ainitalbank.co.in/english/home.aspx,1,True
http://www.nain-italbank.co.in/english/home.aspx,1,True
http://www.nainitilbank.co.in/english/home.aspx,1,True
http://www.nainitalbak.co.in/english/home.aspx,1,True
http://www.nainotalbank.co.in/english/home.aspx,1,True
http://www.na-initalbank.co.in/english/home.aspx,1,True
http://www.nainit.albank.co.in/english/home.aspx,1,True
http://www.nainjitalbank.co.in/english/home.aspx,1,True
http://www.nai-nitalbank.co.in/english/home.aspx,1,True
http://www.nainitalbanbk.co.in/english/home.aspx,1,True
http://www.nainita1lbank.co.in/english/home.aspx,1,True
http://www.nainitalbnank.co.in/english/home.aspx,1,True
http://www.nainitalbenk.co.in/english/home.aspx,1,True
http://www.nain.italbank.co.in/english/home.aspx,1,True
http://www.nainitolbank.co.in/english/home.aspx,1,True
http://www.na1initalbank.co.in/english/home.aspx,1,True
http://www.nainitalbzank.co.in/english/home.aspx,1,True
http://www.nainit1albank.co.in/english/home.aspx,1,True
http://www.nainitalbenk.co.in/english/home.aspx,1,True
http://www.naiknitalbank.co.in/english/home.aspx,1,True
http://www.nainutalbank.co.in/english/home.aspx,1,True
http://www.nainiktalbank.co.in/english/home.aspx,1,True
http://www.naini-talbank.co.in/english/home.aspx,1,True
http://www.lainitalbank.co.in/english/home.aspx,1,True
http://www.nainityalbank.co.in/english/home.aspx,1,True
http://www.nainitaIbank.co.in/english/home.aspx,1,True
http://www.naini9talbank.co.in/english/home.aspx,1,True
http://www.naijnitalbank.co.in/english/home.aspx,1,True
http://www.nainitalbano.co.in/english/home.aspx,1,True
http://www.nainitalbanka.co.in/english/home.aspx,1,True
http://www.nainitalbajk.co.in/english/home.aspx,1,True
http://www.nainitsalbank.co.in/english/home.aspx,1,True
http://www.nainitalbhank.co.in/english/home.aspx,1,True
http://www.nainitalbyank.co.in/english/home.aspx,1,True
http://www.naini6talbank.co.in/english/home.aspx,1,True
http://www.naenitalbank.co.in/english/home.aspx,1,True
http://www.na2initalbank.co.in/english/home.aspx,1,True
http://www.nainit-albank.co.in/english/home.aspx,1,True
http://www.nainkitalbank.co.in/english/home.aspx,1,True
http://www.nainitalbanhk.co.in/english/home.aspx,1,True
http://www.naanitalbank.co.in/english/home.aspx,1,True
http://www.nainitalbaznk.co.in/english/home.aspx,1,True
http://www.nainotalbank.co.in/english/home.aspx,1,True
http://www.naintialbank.co.in/english/home.aspx,1,True
http://www.nainitalnbank.co.in/english/home.aspx,1,True
http://www.nainitalbcnk.co.in/english/home.aspx,1,True
http://www.nainialbank.co.in/english/home.aspx,1,True
http://www.naini8talbank.co.in/english/home.aspx,1,True
http://www.nainit6albank.co.in/english/home.aspx,1,True
http://www.naintalbank.co.in/english/home.aspx,1,True
http://www.nai.nitalbank.co.in/english/home.aspx,1,True
http://www.nainirtalbank.co.in/english/home.aspx,1,True
http://www.nainmitalbank.co.in/english/home.aspx,1,True
http://www.nainitolbank.co.in/english/home.aspx,1,True
http://www.nainytalbank.co.in/english/home.aspx,1,True
http://www.nainitalbink.co.in/english/home.aspx,1,True
http://www.nainityalbank.co.in/english/home.aspx,1,True
http://www.naunitalbank.co.in/english/home.aspx,1,True
http://www.nainita2lbank.co.in/english/home.aspx,1,True
http://www.n2ainitalbank.co.in/english/home.aspx,1,True
http://www.nainiitalbank.co.in/english/home.aspx,1,True
http://www.fainitalbank.co.in/english/home.aspx,1,True
http://www.nainitalbankl.co.in/english/home.aspx,1,True
http://www.naniitalbank.co.in/english/home.aspx,1,True
http://www.nainitalbaqnk.co.in/english/home.aspx,1,True
http://www.nainitalbcnk.co.in/english/home.aspx,1,True
http://www.nainnitalbank.co.in/english/home.aspx,1,True
http://www.nzainitalbank.co.in/english/home.aspx,1,True
http://www.nainitalbwank.co.in/english/home.aspx,1,True
http://www.nainuitalbank.co.in/english/home.aspx,1,True
http://www.naiinitalbank.co.in/english/home.aspx,1,True
http://www.naiinitalbank.co.in/english/home.aspx,1,True
http://www.na.initalbank.co.in/english/home.aspx,1,True
http://www.nainitalbankb.co.in/english/home.aspx,1,True
http://www.nazinitalbank.co.in/english/home.aspx,1,True
http://www.noinitalbank.co.in/english/home.aspx,1,True
http://www.nazinitalbank.co.in/english/home.aspx,1,True
http://www.nainoitalbank.co.in/english/home.aspx,1,True
http://www.n1ainitalbank.co.in/english/home.aspx,1,True
http://www.nainitalba-nk.co.in/english/home.aspx,1,True
http://www.n.ainitalbank.co.in/english/home.aspx,1,True
http://www.nainitqalbank.co.in/english/home.aspx,1,True
http://www.nyainitalbank.co.in/english/home.aspx,1,True
http://www.nain-italbank.co.in/english/home.aspx,1,True
http://www.nainitalbaank.co.in/english/home.aspx,1,True
http://www.naimnitalbank.co.in/english/home.aspx,1,True
http://www.nainitalbankw.co.in/english/home.aspx,1,True
http://www.nakinitalbank.co.in/english/home.aspx,1,True
http://www.nainita1bank.co.in/english/home.aspx,1,True
http://www.nainitawlbank.co.in/english/home.aspx,1,True
http://www.nainitaalbank.co.in/english/home.aspx,1,True
http://www.nainivalbank.co.in/english/home.aspx,1,True
http://www.nainitalbsank.co.in/english/home.aspx,1,True
http://www.nainitazlbank.co.in/english/home.aspx,1,True
http://www.nainitalbbank.co.in/english/home.aspx,1,True
http://www.naknitalbank.co.in/english/home.aspx,1,True
http://www.nainitalbak.co.in/english/home.aspx,1,True
http://www.nainitalkbank.co.in/english/home.aspx,1,True
http://www.naini.talbank.co.in/english/home.aspx,1,True
http://www.nainitalban.co.in/english/home.aspx,1,True
http://www.nainitalbunk.co.in/english/home.aspx,1,True
http://www.nainitalbaznk.co.in/english/home.aspx,1,True
http://www.nainbitalbank.co.in/english/home.aspx,1,True
http://www.nianitalbank.co.in/english/home.aspx,1,True
http://www.naqinitalbank.co.in/english/home.aspx,1,True
http://www.nainitalbaank.co.in/english/home.aspx,1,True
http://www.nainivalbank.co.in/english/home.aspx,1,True
http://www.nainitalbankf.co.in/english/home.aspx,1,True
http://www.nainitalbasnk.co.in/english/home.aspx,1,True
http://www.naionitalbank.co.in/english/home.aspx,1,True
http://www.nainitalban-k.co.in/english/home.aspx,1,True
http://www.nainitalbink.co.in/english/home.aspx,1,True
http://www.nainitalbanhk.co.in/english/home.aspx,1,True
http://www.nai8nitalbank.co.in/english/home.aspx,1,True
http://www.nainitilbank.co.in/english/home.aspx,1,True
http://www.naiunitalbank.co.in/english/home.aspx,1,True
http://www.nainitalbawnk.co.in/english/home.aspx,1,True
http://www.naini4albank.co.in/english/home.aspx,1,True
http://www.nainitalobank.co.in/english/home.aspx,1,True
http://www.nainit1albank.co.in/english/home.aspx,1,True
http://www.nainitalbabnk.co.in/english/home.aspx,1,True
http://www.nainitulbank.co.in/english/home.aspx,1,True
http://www.nainidalbank.co.in/english/home.aspx,1,True
http://www.nainita-lbank.co.in/english/home.aspx,1,True
http://www.nainipalbank.co.in/english/home.aspx,1,True
http://www.nainiualbank.co.in/english/home.aspx,1,True
http://www.nsainitalbank.co.in/english/home.aspx,1,True
http://www.najinitalbank.co.in/english/home.aspx,1,True
http://www.nyainitalbank.co.in/english/home.aspx,1,True
http://www.nainitalmbank.co.in/english/home.aspx,1,True
http://www.nainitalkbank.co.in/english/home.aspx,1,True
http://www.nainhitalbank.co.in/english/home.aspx,1,True
http://www.nainitalank.co.in/english/home.aspx,1,True
http://www.nainitalban.co.in/english/home.aspx,1,True
http://www.nainitalbbank.co.in/english/home.aspx,1,True
http://www.na2initalbank.co.in/english/home.aspx,1,True
http://www.nainitalbank-nainitalbank.co.in/english/home.aspx,1,True
http://www.nain8italbank.co.in/english/home.aspx,1,True
http://www.nakinitalbank.co.in/english/home.aspx,1,True
http://www.nainitalb1ank.co.in/english/home.aspx,1,True
http://www.naini-talbank.co.in/english/home.aspx,1,True
http://www.nainigtalbank.co.in/english/home.aspx,1,True
http://www.nqainitalbank.co.in/english/home.aspx,1,True
http://www.nainitfalbank.co.in/english/home.aspx,1,True
http://www.nainitaylbank.co.in/english/home.aspx,1,True
http://www.nainitalbankm.co.in/english/home.aspx,1,True
http://www.nzainitalbank.co.in/english/home.aspx,1,True
http://www.nainitazlbank.co.in/english/home.aspx,1,True
http://www.nainiztalbank.co.in/english/home.aspx,1,True
http://www.nainit6albank.co.in/english/home.aspx,1,True
http://www.nainitzalbank.co.in/english/home.aspx,1,True
http://www.nainetalbank.co.in/english/home.aspx,1,True
http://www.nainitalb2ank.co.in/english/home.aspx,1,True
http://www.nainitalbankk.co.in/english/home.aspx,1,True
http://www.nainitaklbank.co.in/english/home.aspx,1,True
http://www.nsainitalbank.co.in/english/home.aspx,1,True
http://www.nainitalbannk.co.in/english/home.aspx,1,True
http://www.naenitalbank.co.in/english/home.aspx,1,True
http://www.naiunitalbank.co.in/english/home.aspx,1,True
http://www.nainitalbajnk.co.in/english/home.aspx,1,True
http://www.nainitalbqnk.co.in/english/home.aspx,1,True
http://www.nainitalbanj.co.in/english/home.aspx,1,True
http://www.nainit-albank.co.in/english/home.aspx,1,True
http://www.nainitaIbank.co.in/english/home.aspx,1,True
http://www.nai-nitalbank.co.in/english/home.aspx,1,True
http://www.na9initalbank.co.in/english/home.aspx,1,True
http://www.naini9talbank.co.in/english/home.aspx,1,True
http://www.nain9italbank.co.in/english/home.aspx,1,True
http://www.nainitalbanmk.co.in/english/home.aspx,1,True
http://www.nainitaqlbank.co.in/english/home.aspx,1,True
http://www.na8initalbank.co.in/english/home.aspx,1,True
http://www.nainitaylbank.co.in/english/home.aspx,1,True
http://www.nainita1lbank.co.in/english/home.aspx,1,True
http://www.ninitalbank.co.in/english/home.aspx,1,True
http://www.nainitalgbank.co.in/english/home.aspx,1,True
http://www.nainitalobank.co.in/english/home.aspx,1,True
http://www.na9initalbank.co.in/english/home.aspx,1,True
http://www.nainiutalbank.co.in/english/home.aspx,1,True
http://www.nainitaslbank.co.in/english/home.aspx,1,True
http://www.nainitclbank.co.in/english/home.aspx,1,True
http://www.nainitalbonk.co.in/english/home.aspx,1,True
http://www.nainitalbamnk.co.in/english/home.aspx,1,True
http://www.nainitalba2nk.co.in/english/home.aspx,1,True
http://www.nainitalbaynk.co.in/english/home.aspx,1,True
http://www.nainitambank.co.in/english/home.aspx,1,True
http://www.naibnitalbank.co.in/english/home.aspx,1,True
http://www.neinitalbank.co.in/english/home.aspx,1,True
http://www.nainitalbankj.co.in/english/home.aspx,1,True
http://www.nainitalbankg.co.in/english/home.aspx,1,True
http://www.nayinitalbank.co.in/english/home.aspx,1,True
http://www.nainitalbankv.co.in/english/home.aspx,1,True
http://www.naoinitalbank.co.in/english/home.aspx,1,True
http://www.nainitalbgank.co.in/english/home.aspx,1,True
http://www.nai9nitalbank.co.in/english/home.aspx,1,True
http://www.nainitalb-ank.co.in/english/home.aspx,1,True
http://www.naniitalbank.co.in/english/home.aspx,1,True
http://www.nawinitalbank.co.in/english/home.aspx,1,True
http://www.n1ainitalbank.co.in/english/home.aspx,1,True
http://www.nainitalbanky.co.in/english/home.aspx,1,True
http://www.nainitalbanki.co.in/english/home.aspx,1,True
http://www.nainitalba1nk.co.in/english/home.aspx,1,True
http://www.nainitalbanbk.co.in/english/home.aspx,1,True
http://www.nainitalbwank.co.in/english/home.aspx,1,True
http://www.nainitaslbank.co.in/english/home.aspx,1,True
http://www.naini8talbank.co.in/english/home.aspx,1,True
http://www.naiitalbank.co.in/english/home.aspx,1,True
http://www.nainitalbanc.co.in/english/home.aspx,1,True
http://www.jainitalbank.co.in/english/home.aspx,1,True
http://www.nainitalpbank.co.in/english/home.aspx,1,True
http://www.nainktalbank.co.in/english/home.aspx,1,True
http://www.nainitalbalk.co.in/english/home.aspx,1,True
http://www.na-initalbank.co.in/english/home.aspx,1,True
http://www.nainitalbahnk.co.in/english/home.aspx,1,True
http://www.naiitalbank.co.in/english/home.aspx,1,True
http://www.nqinitalbank.co.in/english/home.aspx,1,True
http://www.nainirtalbank.co.in/english/home.aspx,1,True
http://www.nainitanbank.co.in/english/home.aspx,1,True
http://www.na.initalbank.co.in/english/home.aspx,1,True
http://www.nainitalbnk.co.in/english/home.aspx,1,True
http://www.nainitalhbank.co.in/english/home.aspx,1,True
http://www.nainitalbnak.co.in/english/home.aspx,1,True
http://www.nainitalbakn.co.in/english/home.aspx,1,True
http://www.nainitadbank.co.in/english/home.aspx,1,True
http://www.nainhtalbank.co.in/english/home.aspx,1,True
http://www.nainitalbankq.co.in/english/home.aspx,1,True
http://www.nainitamlbank.co.in/english/home.aspx,1,True
http://www.naonitalbank.co.in/english/home.aspx,1,True
http://www.nainit2albank.co.in/english/home.aspx,1,True
http://www.nainitalbankx.co.in/english/home.aspx,1,True
http://www.neinitalbank.co.in/english/home.aspx,1,True
http://www.nainitabank.co.in/english/home.aspx,1,True
http://www.nainitalbankp.co.in/english/home.aspx,1,True
http://www.nwainitalbank.co.in/english/home.aspx,1,True
http://www.n-ainitalbank.co.in/english/home.aspx,1,True
http://www.nainytalbank.co.in/english/home.aspx,1,True
http://www.nainitablank.co.in/english/home.aspx,1,True
http://www.nainiftalbank.co.in/english/home.aspx,1,True
http://www.nainita-lbank.co.in/english/home.aspx,1,True
http://www.nasinitalbank.co.in/english/home.aspx,1,True
http://www.naihnitalbank.co.in/english/home.aspx,1,True
http://www.nainitawlbank.co.in/english/home.aspx,1,True
http://www.nainitlabank.co.in/english/home.aspx,1,True
http://www.nainitfalbank.co.in/english/home.aspx,1,True
http://www.nainitaplbank.co.in/english/home.aspx,1,True
http://www.nainitalbanka.co.in/english/home.aspx,1,True
http://www.nai8nitalbank.co.in/english/home.aspx,1,True
http://www.naiintalbank.co.in/english/home.aspx,1,True
http://www.nainitralbank.co.in/english/home.aspx,1,True
http://www.nainitalbanc.co.in/english/home.aspx,1,True
http://www.nainitalbaynk.co.in/english/home.aspx,1,True
http://www.nainitalbyank.co.in/english/home.aspx,1,True
http://www.nainitalbsank.co.in/english/home.aspx,1,True
http://www.nainitalbani.co.in/english/home.aspx,1,True
http://www.nainiualbank.co.in/english/home.aspx,1,True
http://www.nainitanbank.co.in/english/home.aspx,1,True
http://www.nahnitalbank.co.in/english/home.aspx,1,True
http://www.nainitalba2nk.co.in/english/home.aspx,1,True
http://www.nainita1bank.co.in/english/home.aspx,1,True
http://www.nainatalbank.co.in/english/home.aspx,1,True
http://www.nainoitalbank.co.in/english/home.aspx,1,True
http://www.nainitalbanj.co.in/english/home.aspx,1,True
http://www.nainbitalbank.co.in/english/home.aspx,1,True
http://www.nai9nitalbank.co.in/english/home.aspx,1,True
http://www.nainitalbanku.co.in/english/home.aspx,1,True
http://www.nainiftalbank.co.in/english/home.aspx,1,True
http://www.nainiotalbank.co.in/english/home.aspx,1,True
http://www.nain.italbank.co.in/english/home.aspx,1,True
http://www.nainitalrank.co.in/english/home.aspx,1,True
http://www.naqinitalbank.co.in/english/home.aspx,1,True
http://www.naifitalbank.co.in/english/home.aspx,1,True
http://www.nainitallbank.co.in/english/home.aspx,1,True
http://www.nainitalbanjk.co.in/english/home.aspx,1,True
http://www.nainitalank.co.in/english/home.aspx,1,True
http://www.naifitalbank.co.in/english/home.aspx,1,True
http://www.nainitalbankz.co.in/english/home.aspx,1,True
http://www.nainitclbank.co.in/english/home.aspx,1,True
http://www.nainitaqlbank.co.in/english/home.aspx,1,True
http://www.nainitalbakn.co.in/english/home.aspx,1,True
http://www.nainitalbannk.co.in/english/home.aspx,1,True
http://www.nainitzalbank.co.in/english/home.aspx,1,True
http://www.nainitalbankl.co.in/english/home.aspx,1,True
http://www.nainitqalbank.co.in/english/home.aspx,1,True
http://www.nainitalbgank.co.in/english/home.aspx,1,True
http://www.nainitalbasnk.co.in/english/home.aspx,1,True
http://www.nainitalbano.co.in/english/home.aspx,1,True
http://www.aninitalbank.co.in/english/home.aspx,1,True
http://www.nainitalbankt.co.in/english/home.aspx,1,True
http://www.nainitalbankz.co.in/english/home.aspx,1,True
http://www.nainitalbankk.co.in/english/home.aspx,1,True
http://www.nainitalbanku.co.in/english/home.aspx,1,True
http://www.nainitallbank.co.in/english/home.aspx,1,True
http://www.nainitalbanke.co.in/english/home.aspx,1,True
http://www.nainitwalbank.co.in/english/home.aspx,1,True
http://www.nainitalcank.co.in/english/home.aspx,1,True
http://www.nainitahbank.co.in/english/home.aspx,1,True
http://www.n-ainitalbank.co.in/english/home.aspx,1,True
http://www.nainitalbalk.co.in/english/home.aspx,1,True
http://www.nainita.lbank.co.in/english/home.aspx,1,True
http://www.n.ainitalbank.co.in/english/home.aspx,1,True
http://www.nainitalabnk.co.in/english/home.aspx,1,True
http://www.n2ainitalbank.co.in/english/home.aspx,1,True
http://www.nainit.albank.co.in/english/home.aspx,1,True
http://www.nainitalbankr.co.in/english/home.aspx,1,True
http://www.nauinitalbank.co.in/english/home.aspx,1,True
http://www.nainitalbanki.co.in/english/home.aspx,1,True
http://www.nainktalbank.co.in/english/home.aspx,1,True
http://www.nainitalbafk.co.in/english/home.aspx,1,True
http://www.nainuitalbank.co.in/english/home.aspx,1,True
http://www.naioitalbank.co.in/english/home.aspx,1,True
http://www.nainitalbqnk.co.in/english/home.aspx,1,True
http://www.nainitalbankw.co.in/english/home.aspx,1,True
http://www.nainitwalbank.co.in/english/home.aspx,1,True
http://www.nain9italbank.co.in/english/home.aspx,1,True
http://www.nainitamlbank.co.in/english/home.aspx,1,True
http://www.naini5talbank.co.in/english/home.aspx,1,True
http://www.nayinitalbank.co.in/english/home.aspx,1,True
http://www.nainitaolbank.co.in/english/home.aspx,1,True
http://www.nainhitalbank.co.in/english/home.aspx,1,True
http://www.nainitalbankr.co.in/english/home.aspx,1,True
http://www.nainitalbank-nainitalbank.co.in/english/home.aspx,1,True
http://www.oainitalbank.co.in/english/home.aspx,1,True
http://www.nainitralbank.co.in/english/home.aspx,1,True
http://www.nainitqlbank.co.in/english/home.aspx,1,True
http://www.nainitalabnk.co.in/english/home.aspx,1,True
http://www.nainitelbank.co.in/english/home.aspx,1,True
http://www.niinitalbank.co.in/english/home.aspx,1,True
http://www.naknitalbank.co.in/english/home.aspx,1,True
http://www.nainjitalbank.co.in/english/home.aspx,1,True
http://www.nainmitalbank.co.in/english/home.aspx,1,True
http://www.nainitalbankt.co.in/english/home.aspx,1,True
http://www.nainitgalbank.co.in/english/home.aspx,1,True
http://www.nauinitalbank.co.in/english/home.aspx,1,True
http://www.nainiztalbank.co.in/english/home.aspx,1,True
http://www.nainitalbankv.co.in/english/home.aspx,1,True
http://www.nainitalvbank.co.in/english/home.aspx,1,True
http://www.nainitalbanko.co.in/english/home.aspx,1,True
http://www.nainnitalbank.co.in/english/home.aspx,1,True
http://www.na8initalbank.co.in/english/home.aspx,1,True
http://www.nainit2albank.co.in/english/home.aspx,1,True
http://www.lainitalbank.co.in/english/home.aspx,1,True
http://www.nainita2lbank.co.in/english/home.aspx,1,True
http://www.oainitalbank.co.in/english/home.aspx,1,True
http://www.nainitalbankn.co.in/english/home.aspx,1,True
http://www.naioitalbank.co.in/english/home.aspx,1,True
http://www.nainitambank.co.in/english/home.aspx,1,True
http://www.nuinitalbank.co.in/english/home.aspx,1,True
http://www.naionitalbank.co.in/english/home.aspx,1,True
http://www.nwainitalbank.co.in/english/home.aspx,1,True
http://www.namnitalbank.co.in/english/home.aspx,1,True
http://www.nainitsalbank.co.in/english/home.aspx,1,True
http://www.nainkitalbank.co.in/english/home.aspx,1,True
http://www.nainittalbank.co.in/english/home.aspx,1,True
http://www.nainitalbaqnk.co.in/english/home.aspx,1,True
http://www.nainitaklbank.co.in/english/home.aspx,1,True
http://www.naini.talbank.co.in/english/home.aspx,1,True
http://www.nainit5albank.co.in/english/home.aspx,1,True
http://www.nainitalbanky.co.in/english/home.aspx,1,True
http://www.nainitalbanks.co.in/english/home.aspx,1,True
http://www.nainitalbankq.co.in/english/home.aspx,1,True
http://www.naintialbank.co.in/english/home.aspx,1,True
http://www.nnainitalbank.co.in/english/home.aspx,1,True
http://www.naynitalbank.co.in/english/home.aspx,1,True
http://www.naini5talbank.co.in/english/home.aspx,1,True
http://www.ncinitalbank.co.in/english/home.aspx,1,True
http://www.nainiatlbank.co.in/english/home.aspx,1,True
http://www.na1initalbank.co.in/english/home.aspx,1,True
http://www.naijitalbank.co.in/english/home.aspx,1,True
http://www.nainitalnbank.co.in/english/home.aspx,1,True
http://www.nainitalfank.co.in/english/home.aspx,1,True
http://www.nasinitalbank.co.in/english/home.aspx,1,True
http://www.aninitalbank.co.in/english/home.aspx,1,True
http://www.ncinitalbank.co.in/english/home.aspx,1,True
http://www.nainitulbank.co.in/english/home.aspx,1,True
http://www.nainitlbank.co.in/english/home.aspx,1,True
http://www.nainidalbank.co.in/english/home.aspx,1,True
http://www.nainit5albank.co.in/english/home.aspx,1,True
http://www.nainitalbzank.co.in/english/home.aspx,1,True
http://www.naunitalbank.co.in/english/home.aspx,1,True
http://www.nianitalbank.co.in/english/home.aspx,1,True
http://www.jainitalbank.co.in/english/home.aspx,1,True
http://www.nawinitalbank.co.in/english/home.aspx,1,True
http://www.nainitalbankm.co.in/english/home.aspx,1,True
http://www.nainitahbank.co.in/english/home.aspx,1,True
http://www.ninitalbank.co.in/english/home.aspx,1,True
http://www.nainitalbahnk.co.in/english/home.aspx,1,True
http://www.nainitalbankg.co.in/english/home.aspx,1,True
http://www.nainitadbank.co.in/english/home.aspx,1,True
http://www.nain8italbank.co.in/english/home.aspx,1,True
http://www.nainitalbnk.co.in/english/home.aspx,1,True
http://www.nainiytalbank.co.in/english/home.aspx,1,True
http://www.nainijtalbank.co.in/english/home.aspx,1,True
http://www.nainitalhbank.co.in/english/home.aspx,1,True
http://www.nainitalbunk.co.in/english/home.aspx,1,True
http://www.nainigtalbank.co.in/english/home.aspx,1,True
http://www.nainhtalbank.co.in/english/home.aspx,1,True
http://www.nainitalbqank.co.in/english/home.aspx,1,True
http://www.naynitalbank.co.in/english/home.aspx,1,True
http://www.nainitgalbank.co.in/english/home.aspx,1,True
http://www.nai.nitalbank.co.in/english/home.aspx,1,True
http://www.nainitaljank.co.in/english/home.aspx,1,True
http://www.nainitaljank.co.in/english/home.aspx,1,True
http://www.naainitalbank.co.in/english/home.aspx,1,True
http://www.nainitalmbank.co.in/english/home.aspx,1,True
http://www.nainiatlbank.co.in/english/home.aspx,1,True
http://www.nainitalrank.co.in/english/home.aspx,1,True
http://www.naijitalbank.co.in/english/home.aspx,1,True
http://www.nainitqlbank.co.in/english/home.aspx,1,True
http://www.nainitalbankp.co.in/english/home.aspx,1,True
http://www.nainitalba-nk.co.in/english/home.aspx,1,True
http://www.nainitalb-ank.co.in/english/home.aspx,1,True
http://www.nainitalbankh.co.in/english/home.aspx,1,True
http://www.nainitalcank.co.in/english/home.aspx,1,True
http://www.nainitalbvank.co.in/english/home.aspx,1,True
http://www.naihnitalbank.co.in/english/home.aspx,1,True
http://www.nainitalbamnk.co.in/english/home.aspx,1,True
http://www.nainmtalbank.co.in/english/home.aspx,1,True
http://www.naimnitalbank.co.in/english/home.aspx,1,True
http://www.nainitalbankc.co.in/english/home.aspx,1,True
http://www.nainitalb2ank.co.in/english/home.aspx,1,True
http://www.nainialbank.co.in/english/home.aspx,1,True
http://www.nainitalbvank.co.in/english/home.aspx,1,True
http://www.nainitalbanjk.co.in/english/home.aspx,1,True
http://www.nqainitalbank.co.in/english/home.aspx,1,True
http://www.nainitalbawnk.co.in/english/home.aspx,1,True
http://www.nainitalbankn.co.in/english/home.aspx,1,True
http://www.nainitalbanmk.co.in/english/home.aspx,1,True
http://www.nainetalbank.co.in/english/home.aspx,1,True
http://www.nainitalbankf.co.in/english/home.aspx,1,True
http://www.nainitlbank.co.in/english/home.aspx,1,True
http://www.naoinitalbank.co.in/english/home.aspx,1,True
http://www.nainitalbafk.co.in/english/home.aspx,1,True
http://www.nainitalban-k.co.in/english/home.aspx,1,True
http://www.nainitalbankb.co.in/english/home.aspx,1,True
http://www.namnitalbank.co.in/english/home.aspx,1,True
http://www.nainitaplbank.co.in/english/home.aspx,1,True
http://www.nainitablank.co.in/english/home.aspx,1,True
http://www.nainitalbnank.co.in/english/home.aspx,1,True
http://www.nainitalbankc.co.in/english/home.aspx,1,True
http://www.nainitalbankd.co.in/english/home.aspx,1,True
http://www.nainitalbaok.co.in/english/home.aspx,1,True
http://www.nainitalbankh.co.in/english/home.aspx,1,True
http://www.fainitalbank.co.in/english/home.aspx,1,True
http://www.nainiitalbank.co.in/english/home.aspx,1,True
http://www.nainitaolbank.co.in/english/home.aspx,1,True
http://www.nainitalbajk.co.in/english/home.aspx,1,True
http://www.nainitlabank.co.in/english/home.aspx,1,True
http://www.nainitalbanke.co.in/english/home.aspx,1,True
http://www.naijnitalbank.co.in/english/home.aspx,1,True
http://www.nainiutalbank.co.in/english/home.aspx,1,True
http://www.nainitalbankd.co.in/english/home.aspx,1,True
http://www.naiintalbank.co.in/english/home.aspx,1,True
http://www.naini6talbank.co.in/english/home.aspx,1,True
http://www.nailitalbank.co.in/english/home.aspx,1,True
http://www.najinitalbank.co.in/english/home.aspx,1,True
http://www.nqinitalbank.co.in/english/home.aspx,1,True
http://www.nainitalpbank.co.in/english/home.aspx,1,True
http://www.nainitalbankx.co.in/english/home.aspx,1,True
http://www.nailitalbank.co.in/english/home.aspx,1,True
http://www.nainipalbank.co.in/english/home.aspx,1,True
http://www.nainitalvbank.co.in/english/home.aspx,1,True
http://www.nainitalfank.co.in/english/home.aspx,1,True
http://www.nainitalbani.co.in/english/home.aspx,1,True
http://www.nahnitalbank.co.in/english/home.aspx,1,True
http://www.nnainitalbank.co.in/english/home.aspx,1,True
http://www.naibnitalbank.co.in/english/home.aspx,1,True
http://www.naini4albank.co.in/english/home.aspx,1,True
http://www.nainitalbqank.co.in/english/home.aspx,1,True
http://www.naiinitalbank.co.in/english/home.aspx,1,True
http://www.nainitalban.co.in/english/home.aspx,1,True
http://www.nnainitalbank.co.in/english/home.aspx,1,True
http://www.jainitalbank.co.in/english/home.aspx,1,True
http://www.nainitalbzank.co.in/english/home.aspx,1,True
http://www.nainitalbink.co.in/english/home.aspx,1,True
http://www.nainitalbqank.co.in/english/home.aspx,1,True
http://www.nyainitalbank.co.in/english/home.aspx,1,True
http://www.nainitaqlbank.co.in/english/home.aspx,1,True
http://www.nainirtalbank.co.in/english/home.aspx,1,True
http://www.nai.nitalbank.co.in/english/home.aspx,1,True
http://www.na2initalbank.co.in/english/home.aspx,1,True
http://www.namnitalbank.co.in/english/home.aspx,1,True
http://www.nainitaolbank.co.in/english/home.aspx,1,True
http://www.nainit1albank.co.in/english/home.aspx,1,True
http://www.nqinitalbank.co.in/english/home.aspx,1,True
http://www.nainitalbasnk.co.in/english/home.aspx,1,True
http://www.naenitalbank.co.in/english/home.aspx,1,True
http://www.nainmtalbank.co.in/english/home.aspx,1,True
http://www.niinitalbank.co.in/english/home.aspx,1,True
http://www.nainitelbank.co.in/english/home.aspx,1,True
http://www.nainitalba1nk.co.in/english/home.aspx,1,True
http://www.nainitalbonk.co.in/english/home.aspx,1,True
http://www.nainitolbank.co.in/english/home.aspx,1,True
http://www.na1initalbank.co.in/english/home.aspx,1,True
http://www.nainhitalbank.co.in/english/home.aspx,1,True
http://www.nainit.albank.co.in/english/home.aspx,1,True
http://www.nainitalkbank.co.in/english/home.aspx,1,True
http://www.nainitalnbank.co.in/english/home.aspx,1,True
http://www.nainitalbabnk.co.in/english/home.aspx,1,True
http://www.nainipalbank.co.in/english/home.aspx,1,True
http://www.naini.talbank.co.in/english/home.aspx,1,True
http://www.nainita.lbank.co.in/english/home.aspx,1,True
http://www.nainitalbaank.co.in/english/home.aspx,1,True
http://www.n2ainitalbank.co.in/english/home.aspx,1,True
http://www.nainitalank.co.in/english/home.aspx,1,True
http://www.nainit2albank.co.in/english/home.aspx,1,True
http://www.nainnitalbank.co.in/english/home.aspx,1,True
http://www.nain.italbank.co.in/english/home.aspx,1,True
http://www.nainitalbajnk.co.in/english/home.aspx,1,True
http://www.nainitilbank.co.in/english/home.aspx,1,True
http://www.nainuitalbank.co.in/english/home.aspx,1,True
http://www.naiitalbank.co.in/english/home.aspx,1,True
http://www.nainitallbank.co.in/english/home.aspx,1,True
http://www.naini9talbank.co.in/english/home.aspx,1,True
http://www.nainitlbank.co.in/english/home.aspx,1,True
http://www.naainitalbank.co.in/english/home.aspx,1,True
http://www.nainitalbanmk.co.in/english/home.aspx,1,True
http://www.nainatalbank.co.in/english/home.aspx,1,True
http://www.nainitalbaynk.co.in/english/home.aspx,1,True
http://www.n.ainitalbank.co.in/english/home.aspx,1,True
http://www.nainitaalbank.co.in/english/home.aspx,1,True
http://www.nainutalbank.co.in/english/home.aspx,1,True
http://www.noinitalbank.co.in/english/home.aspx,1,True
http://www.nahnitalbank.co.in/english/home.aspx,1,True
http://www.nainiitalbank.co.in/english/home.aspx,1,True
http://www.naanitalbank.co.in/english/home.aspx,1,True
http://www.nainitalbasnk.co.in/english/home.aspx,1,True
http://www.nainitsalbank.co.in/english/home.aspx,1,True
http://www.nainitalbannk.co.in/english/home.aspx,1,True
http://www.nayinitalbank.co.in/english/home.aspx,1,True
http://www.nsainitalbank.co.in/english/home.aspx,1,True
http://www.nainitabank.co.in/english/home.aspx,1,True
http://www.naionitalbank.co.in/english/home.aspx,1,True
http://www.nainitulbank.co.in/english/home.aspx,1,True
http://www.nainittalbank.co.in/english/home.aspx,1,True
http://www.naunitalbank.co.in/english/home.aspx,1,True
http://www.nainivalbank.co.in/english/home.aspx,1,True
http://www.naintalbank.co.in/english/home.aspx,1,True
http://www.nainitalbanbk.co.in/english/home.aspx,1,True
http://www.nainitaplbank.co.in/english/home.aspx,1,True
http://www.naijnitalbank.co.in/english/home.aspx,1,True
http://www.nainitalbvank.co.in/english/home.aspx,1,True
http://www.naimnitalbank.co.in/english/home.aspx,1,True
http://www.nainitralbank.co.in/english/home.aspx,1,True
http://www.nainkitalbank.co.in/english/home.aspx,1,True
http://www.nzainitalbank.co.in/english/home.aspx,1,True
http://www.nainitalbhank.co.in/english/home.aspx,1,True
http://www.nainitadbank.co.in/english/home.aspx,1,True
http://www.naoinitalbank.co.in/english/home.aspx,1,True
http://www.nainhtalbank.co.in/english/home.aspx,1,True
http://www.nakinitalbank.co.in/english/home.aspx,1,True
http://www.naini4albank.co.in/english/home.aspx,1,True
http://www.naonitalbank.co.in/english/home.aspx,1,True
http://www.nainitalbwank.co.in/english/home.aspx,1,True
http://www.ninitalbank.co.in/english/home.aspx,1,True
http://www.nailitalbank.co.in/english/home.aspx,1,True
http://www.n-ainitalbank.co.in/english/home.aspx,1,True
http://www.najinitalbank.co.in/english/home.aspx,1,True
http://www.nai8nitalbank.co.in/english/home.aspx,1,True
http://www.naini-talbank.co.in/english/home.aspx,1,True
http://www.nainiotalbank.co.in/english/home.aspx,1,True
http://www.naibnitalbank.co.in/english/home.aspx,1,True
http://www.nainitaplbank.co.in/english/home.aspx,1,True
http://www.nainitalbnak.co.in/english/home.aspx,1,True
http://www.naimnitalbank.co.in/english/home.aspx,1,True
http://www.nazinitalbank.co.in/english/home.aspx,1,True
http://www.nainitazlbank.co.in/english/home.aspx,1,True
http://www.nainigtalbank.co.in/english/home.aspx,1,True
http://www.nainiualbank.co.in/english/home.aspx,1,True
http://www.nainitalbank-nainitalbank.co.in/english/home.aspx,1,True
http://www.nakinitalbank.co.in/english/home.aspx,1,True
http://www.naknitalbank.co.in/english/home.aspx,1,True
http://www.na8initalbank.co.in/english/home.aspx,1,True
http://www.nainit-albank.co.in/english/home.aspx,1,True
http://www.nahnitalbank.co.in/english/home.aspx,1,True
http://www.nauinitalbank.co.in/english/home.aspx,1,True
http://www.nainitalbano.co.in/english/home.aspx,1,True
http://www.nainitalbank-nainitalbank.co.in/english/home.aspx,1,True
http://www.nainita1lbank.co.in/english/home.aspx,1,True
http://www.na.initalbank.co.in/english/home.aspx,1,True
http://www.nainitalhbank.co.in/english/home.aspx,1,True
http://www.nainuitalbank.co.in/english/home.aspx,1,True
http://www.nain8italbank.co.in/english/home.aspx,1,True
http://www.nainmitalbank.co.in/english/home.aspx,1,True
http://www.naanitalbank.co.in/english/home.aspx,1,True
http://www.nainita.lbank.co.in/english/home.aspx,1,True
http://www.nainitalbanki.co.in/english/home.aspx,1,True
http://www.nainitalbankt.co.in/english/home.aspx,1,True
http://www.nainitalrank.co.in/english/home.aspx,1,True
http://www.nainitalbankf.co.in/english/home.aspx,1,True
http://www.nainitalbaqnk.co.in/english/home.aspx,1,True
http://www.na9initalbank.co.in/english/home.aspx,1,True
http://www.nainitalbanku.co.in/english/home.aspx,1,True
http://www.nai8nitalbank.co.in/english/home.aspx,1,True
http://www.nain9italbank.co.in/english/home.aspx,1,True
http://www.nainita1lbank.co.in/english/home.aspx,1,True
http://www.naniitalbank.co.in/english/home.aspx,1,True
http://www.nainitalfank.co.in/english/home.aspx,1,True
http://www.nasinitalbank.co.in/english/home.aspx,1,True
http://www.naini8talbank.co.in/english/home.aspx,1,True
http://www.nainitlabank.co.in/english/home.aspx,1,True
http://www.nainitalbaok.co.in/english/home.aspx,1,True
http://www.nainitalbafk.co.in/english/home.aspx,1,True
http://www.nainitamlbank.co.in/english/home.aspx,1,True
http://www.nqainitalbank.co.in/english/home.aspx,1,True
http://www.nainijtalbank.co.in/english/home.aspx,1,True
http://www.nainit1albank.co.in/english/home.aspx,1,True
http://www.naynitalbank.co.in/english/home.aspx,1,True
http://www.naonitalbank.co.in/english/home.aspx,1,True
http://www.nainitalbankm.co.in/english/home.aspx,1,True
http://www.nainitaslbank.co.in/english/home.aspx,1,True
http://www.n.ainitalbank.co.in/english/home.aspx,1,True
http://www.nainitalgbank.co.in/english/home.aspx,1,True
http://www.nainitelbank.co.in/english/home.aspx,1,True
http://www.nwainitalbank.co.in/english/home.aspx,1,True
http://www.nainitaolbank.co.in/english/home.aspx,1,True
http://www.nainitilbank.co.in/english/home.aspx,1,True
http://www.nainitalbawnk.co.in/english/home.aspx,1,True
http://www.nain-italbank.co.in/english/home.aspx,1,True
http://www.naibnitalbank.co.in/english/home.aspx,1,True
http://www.nainitfalbank.co.in/english/home.aspx,1,True
http://www.nainitalbanc.co.in/english/home.aspx,1,True
http://www.nainitaalbank.co.in/english/home.aspx,1,True
http://www.noinitalbank.co.in/english/home.aspx,1,True
http://www.nainitazlbank.co.in/english/home.aspx,1,True
http://www.nainitalbbank.co.in/english/home.aspx,1,True
http://www.nawinitalbank.co.in/english/home.aspx,1,True
http://www.naifitalbank.co.in/english/home.aspx,1,True
http://www.nainitalbankl.co.in/english/home.aspx,1,True
http://www.nainitalbankg.co.in/english/home.aspx,1,True
http://www.nuinitalbank.co.in/english/home.aspx,1,True
http://www.nainitaylbank.co.in/english/home.aspx,1,True
http://www.nainitulbank.co.in/english/home.aspx,1,True
http://www.nainitalbqank.co.in/english/home.aspx,1,True
http://www.naknitalbank.co.in/english/home.aspx,1,True
http://www.naainitalbank.co.in/english/home.aspx,1,True
http://www.nainita-lbank.co.in/english/home.aspx,1,True
http://www.nain9italbank.co.in/english/home.aspx,1,True
http://www.nqinitalbank.co.in/english/home.aspx,1,True
http://www.nainitalbankx.co.in/english/home.aspx,1,True
http://www.nainitalbaok.co.in/english/home.aspx,1,True
http://www.najinitalbank.co.in/english/home.aspx,1,True
http://www.nainiualbank.co.in/english/home.aspx,1,True
http://www.nainetalbank.co.in/english/home.aspx,1,True
http://www.na1initalbank.co.in/english/home.aspx,1,True
http://www.nainitalbani.co.in/english/home.aspx,1,True
http://www.nainitaljank.co.in/english/home.aspx,1,True
http://www.nainitalbyank.co.in/english/home.aspx,1,True
http://www.nai-nitalbank.co.in/english/home.aspx,1,True
http://www.naioitalbank.co.in/english/home.aspx,1,True
http://www.nainitclbank.co.in/english/home.aspx,1,True
http://www.nainiztalbank.co.in/english/home.aspx,1,True
http://www.nainitalba-nk.co.in/english/home.aspx,1,True
http://www.nainitsalbank.co.in/english/home.aspx,1,True
http://www.n2ainitalbank.co.in/english/home.aspx,1,True
http://www.nainitadbank.co.in/english/home.aspx,1,True
http://www.nainitalbannk.co.in/english/home.aspx,1,True
http://www.nauinitalbank.co.in/english/home.aspx,1,True
http://www.naijitalbank.co.in/english/home.aspx,1,True
http://www.niinitalbank.co.in/english/home.aspx,1,True
http://www.nainitaqlbank.co.in/english/home.aspx,1,True
http://www.nainitaylbank.co.in/english/home.aspx,1,True
http://www.naihnitalbank.co.in/english/home.aspx,1,True
http://www.nainitalpbank.co.in/english/home.aspx,1,True
http://www.naiknitalbank.co.in/english/home.aspx,1,True
http://www.nainitawlbank.co.in/english/home.aspx,1,True
http://www.nainitalba1nk.co.in/english/home.aspx,1,True
http://www.naiunitalbank.co.in/english/home.aspx,1,True
http://www.nainitalba2nk.co.in/english/home.aspx,1,True
http://www.nainitanbank.co.in/english/home.aspx,1,True
http://www.na-initalbank.co.in/english/home.aspx,1,True
http://www.nainitambank.co.in/english/home.aspx,1,True
http://www.nainetalbank.co.in/english/home.aspx,1,True
http://www.nainitalbyank.co.in/english/home.aspx,1,True
http://www.nainitaklbank.co.in/english/home.aspx,1,True
http://www.nainiftalbank.co.in/english/home.aspx,1,True
http://www.naoinitalbank.co.in/english/home.aspx,1,True
http://www.nainoitalbank.co.in/english/home.aspx,1,True
http://www.nainitqlbank.co.in/english/home.aspx,1,True
http://www.nainitahbank.co.in/english/home.aspx,1,True
http://www.nainijtalbank.co.in/english/home.aspx,1,True
http://www.nainitalbalk.co.in/english/home.aspx,1,True
http://www.nainitalbbank.co.in/english/home.aspx,1,True
http://www.nainitqalbank.co.in/english/home.aspx,1,True
http://www.nainitwalbank.co.in/english/home.aspx,1,True
http://www.nainitqalbank.co.in/english/home.aspx,1,True
http://www.nainitalban-k.co.in/english/home.aspx,1,True
http://www.nainitalbajk.co.in/english/home.aspx,1,True
http://www.n-ainitalbank.co.in/english/home.aspx,1,True
http://www.naifitalbank.co.in/english/home.aspx,1,True
http://www.naini8talbank.co.in/english/home.aspx,1,True
http://www.naonitalbank.co.in/english/home.aspx,1,True
http://www.naijitalbank.co.in/english/home.aspx,1,True
http://www.nainhtalbank.co.in/english/home.aspx,1,True
http://www.nazinitalbank.co.in/english/home.aspx,1,True
http://www.nainitalbnank.co.in/english/home.aspx,1,True
http://www.naihnitalbank.co.in/english/home.aspx,1,True
http://www.nainotalbank.co.in/english/home.aspx,1,True
http://www.nainitalbsank.co.in/english/home.aspx,1,True
http://www.nainitalbawnk.co.in/english/home.aspx,1,True
http://www.nainitalbanks.co.in/english/home.aspx,1,True
http://www.nainitalbankn.co.in/english/home.aspx,1,True
http://www.aninitalbank.co.in/english/home.aspx,1,True
http://www.nainitalb1ank.co.in/english/home.aspx,1,True
http://www.nainytalbank.co.in/english/home.aspx,1,True
http://www.nainita2lbank.co.in/english/home.aspx,1,True
http://www.nainmitalbank.co.in/english/home.aspx,1,True
http://www.nainitalbafk.co.in/english/home.aspx,1,True
http://www.nainitalbani.co.in/english/home.aspx,1,True
http://www.nasinitalbank.co.in/english/home.aspx,1,True
http://www.nainitalbanka.co.in/english/home.aspx,1,True
http://www.nainitalbunk.co.in/english/home.aspx,1,True
http://www.nainitalbankc.co.in/english/home.aspx,1,True
http://www.nainiztalbank.co.in/english/home.aspx,1,True
http://www.nainitalbankf.co.in/english/home.aspx,1,True
http://www.nainitalbak.co.in/english/home.aspx,1,True
http://www.nainitalbsank.co.in/english/home.aspx,1,True
http://www.nainitalabnk.co.in/english/home.aspx,1,True
http://www.nainit.albank.co.in/english/home.aspx,1,True
http://www.naijnitalbank.co.in/english/home.aspx,1,True
http://www.nainnitalbank.co.in/english/home.aspx,1,True
http://www.nainitalbenk.co.in/english/home.aspx,1,True
http://www.nainitalb2ank.co.in/english/home.aspx,1,True
http://www.na-initalbank.co.in/english/home.aspx,1,True
http://www.nwainitalbank.co.in/english/home.aspx,1,True
http://www.nain8italbank.co.in/english/home.aspx,1,True
http://www.nainitalbajk.co.in/english/home.aspx,1,True
http://www.nainiytalbank.co.in/english/home.aspx,1,True
http://www.naiknitalbank.co.in/english/home.aspx,1,True
http://www.nailitalbank.co.in/english/home.aspx,1,True
http://www.nainitalvbank.co.in/english/home.aspx,1,True
http://www.naenitalbank.co.in/english/home.aspx,1,True
http://www.nainitalb-ank.co.in/english/home.aspx,1,True
http://www.nainita-lbank.co.in/english/home.aspx,1,True
http://www.nainitawlbank.co.in/english/home.aspx,1,True
http://www.nainitalbaank.co.in/english/home.aspx,1,True
http://www.nainitalbakn.co.in/english/home.aspx,1,True
http://www.naintialbank.co.in/english/home.aspx,1,True
http://www.nainitalbankw.co.in/english/home.aspx,1,True
http://www.naini.talbank.co.in/english/home.aspx,1,True
http://www.nainitalbankj.co.in/english/home.aspx,1,True
http://www.nainitalban.co.in/english/home.aspx,1,True
http://www.nainidalbank.co.in/english/home.aspx,1,True
http://www.nainitalpbank.co.in/english/home.aspx,1,True
http://www.nainitalbankv.co.in/english/home.aspx,1,True
http://www.nainitaklbank.co.in/english/home.aspx,1,True
http://www.nainitalbalk.co.in/english/home.aspx,1,True
http://www.noinitalbank.co.in/english/home.aspx,1,True
http://www.nainitalbink.co.in/english/home.aspx,1,True
http://www.neinitalbank.co.in/english/home.aspx,1,True
http://www.nainirtalbank.co.in/english/home.aspx,1,True
http://www.naini6talbank.co.in/english/home.aspx,1,True
http://www.nainitalbcnk.co.in/english/home.aspx,1,True
http://www.nainit6albank.co.in/english/home.aspx,1,True
http://www.nainitalbzank.co.in/english/home.aspx,1,True
http://www.naioitalbank.co.in/english/home.aspx,1,True
http://www.nainitalbak.co.in/english/home.aspx,1,True
http://www.nainitalbankp.co.in/english/home.aspx,1,True
http://www.nianitalbank.co.in/english/home.aspx,1,True
http://www.nainjitalbank.co.in/english/home.aspx,1,True
http://www.nainitalbahnk.co.in/english/home.aspx,1,True
http://www.nainitanbank.co.in/english/home.aspx,1,True
http://www.nainitalbnk.co.in/english/home.aspx,1,True
http://www.nainitalvbank.co.in/english/home.aspx,1,True
http://www.naintalbank.co.in/english/home.aspx,1,True
http://www.nainitablank.co.in/english/home.aspx,1,True
http://www.nainitalbanku.co.in/english/home.aspx,1,True
http://www.nainitalbaznk.co.in/english/home.aspx,1,True
http://www.ncinitalbank.co.in/english/home.aspx,1,True
http://www.nainit-albank.co.in/english/home.aspx,1,True
http://www.nainitalbanko.co.in/english/home.aspx,1,True
http://www.nainitalmbank.co.in/english/home.aspx,1,True
http://www.nainitalbanhk.co.in/english/home.aspx,1,True
http://www.nainitalbankr.co.in/english/home.aspx,1,True
http://www.nainjitalbank.co.in/english/home.aspx,1,True
http://www.n.ainitalbank.co.in/english/home.aspx,1,True
http://www.nainitalnbank.co.in/english/home.aspx,1,True
http://www.nainitalbabnk.co.in/english/home.aspx,1,True
http://www.nainitalobank.co.in/english/home.aspx,1,True
http://www.nainiytalbank.co.in/english/home.aspx,1,True
http://www.na9initalbank.co.in/english/home.aspx,1,True
http://www.nainitalbankg.co.in/english/home.aspx,1,True
http://www.nainitalbankd.co.in/english/home.aspx,1,True
http://www.nainitalfank.co.in/english/home.aspx,1,True
http://www.nainitzalbank.co.in/english/home.aspx,1,True
http://www.nainutalbank.co.in/english/home.aspx,1,True
http://www.lainitalbank.co.in/english/home.aspx,1,True
http://www.nainitalb2ank.co.in/english/home.aspx,1,True
http://www.nainiktalbank.co.in/english/home.aspx,1,True
http://www.nainit2albank.co.in/english/home.aspx,1,True
http://www.nainitalbamnk.co.in/english/home.aspx,1,True
http://www.fainitalbank.co.in/english/home.aspx,1,True
http://www.nyainitalbank.co.in/english/home.aspx,1,True
http://www.n1ainitalbank.co.in/english/home.aspx,1,True
http://www.nainoitalbank.co.in/english/home.aspx,1,True
http://www.nainitalbvank.co.in/english/home.aspx,1,True
http://www.nainiotalbank.co.in/english/home.aspx,1,True
http://www.nainitallbank.co.in/english/home.aspx,1,True
http://www.nainitalbwank.co.in/english/home.aspx,1,True
http://www.nainitaslbank.co.in/english/home.aspx,1,True
http://www.nainitalbankk.co.in/english/home.aspx,1,True
http://www.oainitalbank.co.in/english/home.aspx,1,True
http://www.nainitalkbank.co.in/english/home.aspx,1,True
http://www.nainitalbankq.co.in/english/home.aspx,1,True
http://www.nai.nitalbank.co.in/english/home.aspx,1,True
http://www.nainitalbanbk.co.in/english/home.aspx,1,True
http://www.nainitalbaznk.co.in/english/home.aspx,1,True
http://www.na8initalbank.co.in/english/home.aspx,1,True
http://www.naunitalbank.co.in/english/home.aspx,1,True
http://www.nainatalbank.co.in/english/home.aspx,1,True
http://www.nainitalba-nk.co.in/english/home.aspx,1,True
http://www.naenitalbank.co.in/english/home.aspx,1,True
http://www.nainitalhbank.co.in/english/home.aspx,1,True
http://www.nainiitalbank.co.in/english/home.aspx,1,True
http://www.naanitalbank.co.in/english/home.aspx,1,True
http://www.nainitalcank.co.in/english/home.aspx,1,True
http://www.nainitalbunk.co.in/english/home.aspx,1,True
http://www.nainktalbank.co.in/english/home.aspx,1,True
http://www.naiintalbank.co.in/english/home.aspx,1,True
http://www.nainotalbank.co.in/english/home.aspx,1,True
http://www.naqinitalbank.co.in/english/home.aspx,1,True
http://www.nainitalbanke.co.in/english/home.aspx,1,True
http://www.nainitabank.co.in/english/home.aspx,1,True
http://www.nai9nitalbank.co.in/english/home.aspx,1,True
http://www.n.ainitalbank.co.in/english/home.aspx,1,True
http://www.nainitalba2nk.co.in/english/home.aspx,1,True
http://www.nainitalbcnk.co.in/english/home.aspx,1,True
http://www.nainitalbankc.co.in/english/home.aspx,1,True
http://www.ninitalbank.co.in/english/home.aspx,1,True
http://www.na2initalbank.co.in/english/home.aspx,1,True
http://www.nzainitalbank.co.in/english/home.aspx,1,True
http://www.nain-italbank.co.in/english/home.aspx,1,True
http://www.nayinitalbank.co.in/english/home.aspx,1,True
http://www.nainigtalbank.co.in/english/home.aspx,1,True
http://www.nainitalbnank.co.in/english/home.aspx,1,True
http://www.nainitalmbank.co.in/english/home.aspx,1,True
http://www.niinitalbank.co.in/english/home.aspx,1,True
http://www.nainitalbanky.co.in/english/home.aspx,1,True
http://www.nainitralbank.co.in/english/home.aspx,1,True
http://www.nainitalbankb.co.in/english/home.aspx,1,True
http://www.nainytalbank.co.in/english/home.aspx,1,True
http://www.nainitalbankh.co.in/english/home.aspx,1,True
http://www.nainityalbank.co.in/english/home.aspx,1,True
http://www.naunitalbank.co.in/english/home.aspx,1,True
http://www.oainitalbank.co.in/english/home.aspx,1,True
http://www.nainitgalbank.co.in/english/home.aspx,1,True
http://www.nainitalbankd.co.in/english/home.aspx,1,True
http://www.nainitalbhank.co.in/english/home.aspx,1,True
http://www.nainit5albank.co.in/english/home.aspx,1,True
http://www.nainitlbank.co.in/english/home.aspx,1,True
http://www.nainitalbgank.co.in/english/home.aspx,1,True
http://www.nainitqlbank.co.in/english/home.aspx,1,True
http://www.nsainitalbank.co.in/english/home.aspx,1,True
http://www.nainitclbank.co.in/english/home.aspx,1,True
http://www.nainitalbankk.co.in/english/home.aspx,1,True
http://www.nainitalbenk.co.in/english/home.aspx,1,True
http://www.nainitalbankv.co.in/english/home.aspx,1,True
http://www.nainitalb1ank.co.in/english/home.aspx,1,True
http://www.nainita2lbank.co.in/english/home.aspx,1,True
http://www.nainitalbanky.co.in/english/home.aspx,1,True
http://www.nainitalbnk.co.in/english/home.aspx,1,True
http://www.nai9nitalbank.co.in/english/home.aspx,1,True
http://www.nainitalbqnk.co.in/english/home.aspx,1,True
http://www.nainidalbank.co.in/english/home.aspx,1,True
http://www.nainitalbankz.co.in/english/home.aspx,1,True
http://www.nainiktalbank.co.in/english/home.aspx,1,True
http://www.nainitgalbank.co.in/english/home.aspx,1,True
http://www.nainitolbank.co.in/english/home.aspx,1,True
http://www.nainita1bank.co.in/english/home.aspx,1,True
http://www.nainitaljank.co.in/english/home.aspx,1,True
http://www.ncinitalbank.co.in/english/home.aspx,1,True
http://www.lainitalbank.co.in/english/home.aspx,1,True
http://www.nainitalbankp.co.in/english/home.aspx,1,True
http://www.nainitalbankq.co.in/english/home.aspx,1,True
http://www.nqainitalbank.co.in/english/home.aspx,1,True
http://www.nainivalbank.co.in/english/home.aspx,1,True
http://www.nnainitalbank.co.in/english/home.aspx,1,True
http://www.nainitzalbank.co.in/english/home.aspx,1,True
http://www.nainitalban-k.co.in/english/home.aspx,1,True
http://www.nainitalbanko.co.in/english/home.aspx,1,True
http://www.nainitalobank.co.in/english/home.aspx,1,True
http://www.nainitalank.co.in/english/home.aspx,1,True
http://www.nainitalbankw.co.in/english/home.aspx,1,True
http://www.naini6talbank.co.in/english/home.aspx,1,True
http://www.nainitahbank.co.in/english/home.aspx,1,True
http://www.nainita1bank.co.in/english/home.aspx,1,True
http://www.nainitalbanjk.co.in/english/home.aspx,1,True
http://www.nainit6albank.co.in/english/home.aspx,1,True
http://www.nainitalbanke.co.in/english/home.aspx,1,True
http://www.nainitalbajnk.co.in/english/home.aspx,1,True
http://www.nainbitalbank.co.in/english/home.aspx,1,True
http://www.nain.italbank.co.in/english/home.aspx,1,True
http://www.naiunitalbank.co.in/english/home.aspx,1,True
http://www.nainbitalbank.co.in/english/home.aspx,1,True
http://www.nainitalcank.co.in/english/home.aspx,1,True
http://www.nainitalbankt.co.in/english/home.aspx,1,True
http://www.naini-talbank.co.in/english/home.aspx,1,True
http://www.nainitalbanmk.co.in/english/home.aspx,1,True
http://www.neinitalbank.co.in/english/home.aspx,1,True
http://www.nainhitalbank.co.in/english/home.aspx,1,True
http://www.nuinitalbank.co.in/english/home.aspx,1,True
http://www.nainit5albank.co.in/english/home.aspx,1,True
http://www.naini5talbank.co.in/english/home.aspx,1,True
http://www.nainitalbankj.co.in/english/home.aspx,1,True
http://www.fainitalbank.co.in/english/home.aspx,1,True
http://www.naiitalbank.co.in/english/home.aspx,1,True
http://www.nainiftalbank.co.in/english/home.aspx,1,True
http://www.nainitalbanki.co.in/english/home.aspx,1,True
http://www.naini4albank.co.in/english/home.aspx,1,True
http://www.nainitalbankr.co.in/english/home.aspx,1,True
http://www.nainiutalbank.co.in/english/home.aspx,1,True
http://www.nainitalbaqnk.co.in/english/home.aspx,1,True
http://www.nainitamlbank.co.in/english/home.aspx,1,True
http://www.nainitalbamnk.co.in/english/home.aspx,1,True
http://www.nainitalbankh.co.in/english/home.aspx,1,True
http://www.nainialbank.co.in/english/home.aspx,1,True
http://www.nainitfalbank.co.in/english/home.aspx,1,True
http://www.nai-nitalbank.co.in/english/home.aspx,1,True
http://www.na.initalbank.co.in/english/home.aspx,1,True
http://www.naqinitalbank.co.in/english/home.aspx,1,True
http://www.nainittalbank.co.in/english/home.aspx,1,True
http://www.nainitaIbank.co.in/english/home.aspx,1,True
http://www.namnitalbank.co.in/english/home.aspx,1,True
http://www.nainktalbank.co.in/english/home.aspx,1,True
http://www.nainiutalbank.co.in/english/home.aspx,1,True
http://www.nainitalbanjk.co.in/english/home.aspx,1,True
http://www.naionitalbank.co.in/english/home.aspx,1,True
http://www.naiinitalbank.co.in/english/home.aspx,1,True
http://www.nainialbank.co.in/english/home.aspx,1,True
http://www.nainitalbanks.co.in/english/home.aspx,1,True
http://www.nainitalbankm.co.in/english/home.aspx,1,True
http://www.jainitalbank.co.in/english/home.aspx,1,True
http://www.nainitalbanj.co.in/english/home.aspx,1,True
http://www.nainitalbanj.co.in/english/home.aspx,1,True
http://www.nainitalbqnk.co.in/english/home.aspx,1,True
http://www.nainmtalbank.co.in/english/home.aspx,1,True
http://www.nainitalbankb.co.in/english/home.aspx,1,True
http://www.nainiatlbank.co.in/english/home.aspx,1,True
http://www.nainitalbgank.co.in/english/home.aspx,1,True
http://www.nainitalbanc.co.in/english/home.aspx,1,True
http://www.naini5talbank.co.in/english/home.aspx,1,True
http://www.nainitalbahnk.co.in/english/home.aspx,1,True
http://www.naini9talbank.co.in/english/home.aspx,1,True
http://www.nainitalbonk.co.in/english/home.aspx,1,True
http://www.nainitalrank.co.in/english/home.aspx,1,True
http://www.nainityalbank.co.in/english/home.aspx,1,True
http://www.nawinitalbank.co.in/english/home.aspx,1,True
http://www.nainitalbanka.co.in/english/home.aspx,1,True
http://www.nainitwalbank.co.in/english/home.aspx,1,True
http://www.nainitalgbank.co.in/english/home.aspx,1,True
http://www.nainitalb-ank.co.in/english/home.aspx,1,True
http://www.nainipalbank.co.in/english/home.aspx,1,True
http://www.nainitalbankz.co.in/english/home.aspx,1,True
http://www.nainitalbankx.co.in/english/home.aspx,1,True
http://www.nainitalbankl.co.in/english/home.aspx,1,True
http://www.nainitambank.co.in/english/home.aspx,1,True
http://www.nuinitalbank.co.in/english/home.aspx,1,True
http://www.nainitalbanhk.co.in/english/home.aspx,1,True
http://www.n1ainitalbank.co.in/english/home.aspx,1,True
http://www.nainitalbankn.co.in/english/home.aspx,1,True
http://www.nainkitalbank.co.in/english/home.aspx,1,True
http://www.nainitaIbank.co.in/english/home.aspx,1,True
http://www.nainitalbano.co.in/english/home.aspx,1,True
http://www.naynitalbank.co.in/english/home.aspx,1,True
http://www.nainitalbaynk.co.in/english/home.aspx,1,True
http://www.nainitalbanhk.co.in/english/home.aspx,1,True
http://www.nainitalbwank.co.in/english/home.aspx,1,True
http://www.nainitadbank.co.in/english/home.aspx,1,True
http://www.nainitaylbank.co.in/english/home.aspx,1,True
http://www.nainitqlbank.co.in/english/home.aspx,1,True
http://www.nainitalbamnk.co.in/english/home.aspx,1,True
http://www.naini8talbank.co.in/english/home.aspx,1,True
http://www.n1ainitalbank.co.in/english/home.aspx,1,True
http://www.na8initalbank.co.in/english/home.aspx,1,True
http://www.naini5talbank.co.in/english/home.aspx,1,True
http://www.nainitalb-ank.co.in/english/home.aspx,1,True
http://www.nainitazlbank.co.in/english/home.aspx,1,True
http://www.nayinitalbank.co.in/english/home.aspx,1,True
http://www.nauinitalbank.co.in/english/home.aspx,1,True
http://www.nainit2albank.co.in/english/home.aspx,1,True
http://www.naionitalbank.co.in/english/home.aspx,1,True
http://www.nainitralbank.co.in/english/home.aspx,1,True
http://www.nainitalbasnk.co.in/english/home.aspx,1,True
http://www.naknitalbank.co.in/english/home.aspx,1,True
http://www.nain9italbank.co.in/english/home.aspx,1,True
http://www.nainita2lbank.co.in/english/home.aspx,1,True
http://www.n-ainitalbank.co.in/english/home.aspx,1,True
http://www.nainitalcank.co.in/english/home.aspx,1,True
http://www.nai9nitalbank.co.in/english/home.aspx,1,True
http://www.naihnitalbank.co.in/english/home.aspx,1,True
http://www.na2initalbank.co.in/english/home.aspx,1,True
http://www.nainitalmbank.co.in/english/home.aspx,1,True
http://www.n2ainitalbank.co.in/english/home.aspx,1,True
http://www.nainitalhbank.co.in/english/home.aspx,1,True
http://www.nainitaolbank.co.in/english/home.aspx,1,True
http://www.nainhitalbank.co.in/english/home.aspx,1,True
http://www.nainitalrank.co.in/english/home.aspx,1,True
http://www.nainitalkbank.co.in/english/home.aspx,1,True
http://www.nainitaklbank.co.in/english/home.aspx,1,True
http://www.nakinitalbank.co.in/english/home.aspx,1,True
http://www.nainiftalbank.co.in/english/home.aspx,1,True
http://www.nainijtalbank.co.in/english/home.aspx,1,True
http://www.nainitalgbank.co.in/english/home.aspx,1,True
http://www.nai8nitalbank.co.in/english/home.aspx,1,True
http://www.nainitaslbank.co.in/english/home.aspx,1,True
http://www.nainitalba2nk.co.in/english/home.aspx,1,True
http://www.nainitalbaynk.co.in/english/home.aspx,1,True
http://www.nainmtalbank.co.in/english/home.aspx,1,True
http://www.nahnitalbank.co.in/english/home.aspx,1,True
http://www.nainytalbank.co.in/english/home.aspx,1,True
http://www.nainitqalbank.co.in/english/home.aspx,1,True
http://www.nzainitalbank.co.in/english/home.aspx,1,True
http://www.nainiktalbank.co.in/english/home.aspx,1,True
http://www.fainitalbank.co.in/english/home.aspx,1,True
http://www.nqainitalbank.co.in/english/home.aspx,1,True
http://www.naini4albank.co.in/english/home.aspx,1,True
http://www.nainitaklbank.co.in/english/home.aspx,1,True
http://www.nainidalbank.co.in/english/home.aspx,1,True
http://www.nainitalbajnk.co.in/english/home.aspx,1,True
http://www.nainitalbqank.co.in/english/home.aspx,1,True
http://www.nainirtalbank.co.in/english/home.aspx,1,True
http://www.nainitalb1ank.co.in/english/home.aspx,1,True
http://www.nainitamlbank.co.in/english/home.aspx,1,True
http://www.nainmtalbank.co.in/english/home.aspx,1,True
http://www.n1ainitalbank.co.in/english/home.aspx,1,True
http://www.naini9talbank.co.in/english/home.aspx,1,True
http://www.nainitalbanmk.co.in/english/home.aspx,1,True
http://www.nainirtalbank.co.in/english/home.aspx,1,True
http://www.nainitalbanj.co.in/english/home.aspx,1,True
http://www.nainitalpbank.co.in/english/home.aspx,1,True
http://www.nainitalbawnk.co.in/english/home.aspx,1,True
http://www.nainitawlbank.co.in/english/home.aspx,1,True
http://www.nainitalba-nk.co.in/english/home.aspx,1,True
http://www.nainitsalbank.co.in/english/home.aspx,1,True
http://www.nainitalbajk.co.in/english/home.aspx,1,True
http://www.nainiztalbank.co.in/english/home.aspx,1,True
http://www.naoinitalbank.co.in/english/home.aspx,1,True
http://www.nainitalbani.co.in/english/home.aspx,1,True
http://www.nqainitalbank.co.in/english/home.aspx,1,True
http://www.nainitawlbank.co.in/english/home.aspx,1,True
http://www.nai9nitalbank.co.in/english/home.aspx,1,True
http://www.nwainitalbank.co.in/english/home.aspx,1,True
http://www.nzainitalbank.co.in/english/home.aspx,1,True
http://www.nainitadbank.co.in/english/home.aspx,1,True
http://www.nainitalbahnk.co.in/english/home.aspx,1,True
http://www.nainkitalbank.co.in/english/home.aspx,1,True
http://www.nainitalbyank.co.in/english/home.aspx,1,True
http://www.nai-nitalbank.co.in/english/home.aspx,1,True
http://www.nainitalba-nk.co.in/english/home.aspx,1,True
http://www.oainitalbank.co.in/english/home.aspx,1,True
http://www.naioitalbank.co.in/english/home.aspx,1,True
http://www.nainitaljank.co.in/english/home.aspx,1,True
http://www.nainitalnbank.co.in/english/home.aspx,1,True
http://www.nainit-albank.co.in/english/home.aspx,1,True
http://www.naynitalbank.co.in/english/home.aspx,1,True
http://www.nainitalbcnk.co.in/english/home.aspx,1,True
http://www.nainiutalbank.co.in/english/home.aspx,1,True
http://www.nainitazlbank.co.in/english/home.aspx,1,True
http://www.nsainitalbank.co.in/english/home.aspx,1,True
http://www.nainitalbafk.co.in/english/home.aspx,1,True
http://www.nainitalbalk.co.in/english/home.aspx,1,True
http://www.nainit5albank.co.in/english/home.aspx,1,True
http://www.nainit1albank.co.in/english/home.aspx,1,True
http://www.naiknitalbank.co.in/english/home.aspx,1,True
http://www.naknitalbank.co.in/english/home.aspx,1,True
http://www.nainitaslbank.co.in/english/home.aspx,1,True
http://www.nyainitalbank.co.in/english/home.aspx,1,True
http://www.nainitalbanbk.co.in/english/home.aspx,1,True
http://www.nayinitalbank.co.in/english/home.aspx,1,True
http://www.nainktalbank.co.in/english/home.aspx,1,True
http://www.namnitalbank.co.in/english/home.aspx,1,True
http://www.nainitaylbank.co.in/english/home.aspx,1,True
http://www.naimnitalbank.co.in/english/home.aspx,1,True
http://www.nainitalhbank.co.in/english/home.aspx,1,True
http://www.nainitalbahnk.co.in/english/home.aspx,1,True
http://www.naifitalbank.co.in/english/home.aspx,1,True
http://www.nainitalgbank.co.in/english/home.aspx,1,True
http://www.naintalbank.co.in/english/home.aspx,1,True
http://www.lainitalbank.co.in/english/home.aspx,1,True
http://www.nainitalbnank.co.in/english/home.aspx,1,True
http://www.nainitalbanmk.co.in/english/home.aspx,1,True
http://www.nainityalbank.co.in/english/home.aspx,1,True
http://www.nainitambank.co.in/english/home.aspx,1,True
http://www.nainitalbawnk.co.in/english/home.aspx,1,True
http://www.nainita1lbank.co.in/english/home.aspx,1,True
http://www.nwainitalbank.co.in/english/home.aspx,1,True
http://www.nainktalbank.co.in/english/home.aspx,1,True
http://www.fainitalbank.co.in/english/home.aspx,1,True
http://www.nain-italbank.co.in/english/home.aspx,1,True
http://www.naijnitalbank.co.in/english/home.aspx,1,True
http://www.naynitalbank.co.in/english/home.aspx,1,True
http://www.nainiotalbank.co.in/english/home.aspx,1,True
http://www.nainitclbank.co.in/english/home.aspx,1,True
http://www.oainitalbank.co.in/english/home.aspx,1,True
http://www.ncinitalbank.co.in/english/home.aspx,1,True
http://www.nakinitalbank.co.in/english/home.aspx,1,True
http://www.nainiytalbank.co.in/english/home.aspx,1,True
http://www.nainoitalbank.co.in/english/home.aspx,1,True
http://www.naini6talbank.co.in/english/home.aspx,1,True
http://www.nainitalbankl.co.in/english/home.aspx,1,True
http://www.nainitfalbank.co.in/english/home.aspx,1,True
http://www.nainitalba1nk.co.in/english/home.aspx,1,True
http://www.naini8talbank.co.in/english/home.aspx,1,True
http://www.nainitalban-k.co.in/english/home.aspx,1,True
http://www.nainitqlbank.co.in/english/home.aspx,1,True
http://www.nainhtalbank.co.in/english/home.aspx,1,True
http://www.nainitzalbank.co.in/english/home.aspx,1,True
http://www.naini6talbank.co.in/english/home.aspx,1,True
http://www.nainitalbasnk.co.in/english/home.aspx,1,True
http://www.nainitzalbank.co.in/english/home.aspx,1,True
http://www.nainitalbanjk.co.in/english/home.aspx,1,True
http://www.nainiualbank.co.in/english/home.aspx,1,True
http://www.nainiztalbank.co.in/english/home.aspx,1,True
http://www.nainitalb-ank.co.in/english/home.aspx,1,True
http://www.na2initalbank.co.in/english/home.aspx,1,True
http://www.nainbitalbank.co.in/english/home.aspx,1,True
http://www.nainitalbank-nainitalbank.co.in/english/home.aspx,1,True
http://www.nainitalbabnk.co.in/english/home.aspx,1,True
http://www.nainitalbanhk.co.in/english/home.aspx,1,True
http://www.nainbitalbank.co.in/english/home.aspx,1,True
http://www.nainitalbaqnk.co.in/english/home.aspx,1,True
http://www.nainitalbanj.co.in/english/home.aspx,1,True
http://www.nainjitalbank.co.in/english/home.aspx,1,True
http://www.na-initalbank.co.in/english/home.aspx,1,True
http://www.naqinitalbank.co.in/english/home.aspx,1,True
http://www.nainipalbank.co.in/english/home.aspx,1,True
http://www.nainitalbafk.co.in/english/home.aspx,1,True
http://www.nainitalbcnk.co.in/english/home.aspx,1,True
http://www.nai8nitalbank.co.in/english/home.aspx,1,True
http://www.nainitalbajk.co.in/english/home.aspx,1,True
http://www.nainitalba1nk.co.in/english/home.aspx,1,True
http://www.nainidalbank.co.in/english/home.aspx,1,True
http://www.nawinitalbank.co.in/english/home.aspx,1,True
http://www.nainitaplbank.co.in/english/home.aspx,1,True
http://www.nainiytalbank.co.in/english/home.aspx,1,True
http://www.nainit6albank.co.in/english/home.aspx,1,True
http://www.nainitalbzank.co.in/english/home.aspx,1,True
http://www.naoinitalbank.co.in/english/home.aspx,1,True
http://www.nqinitalbank.co.in/english/home.aspx,1,True
http://www.naijnitalbank.co.in/english/home.aspx,1,True
http://www.nawinitalbank.co.in/english/home.aspx,1,True
http://www.nainitalbsank.co.in/english/home.aspx,1,True
http://www.nasinitalbank.co.in/english/home.aspx,1,True
http://www.nainigtalbank.co.in/english/home.aspx,1,True
http://www.nainitalbqnk.co.in/english/home.aspx,1,True
http://www.nainipalbank.co.in/english/home.aspx,1,True
http://www.nainitclbank.co.in/english/home.aspx,1,True
http://www.nainhtalbank.co.in/english/home.aspx,1,True
http://www.nainitalbzank.co.in/english/home.aspx,1,True
http://www.nainitgalbank.co.in/english/home.aspx,1,True
http://www.nainivalbank.co.in/english/home.aspx,1,True
http://www.nainitanbank.co.in/english/home.aspx,1,True
http://www.nainitalbvank.co.in/english/home.aspx,1,True
http://www.jainitalbank.co.in/english/home.aspx,1,True
http://www.nainitaljank.co.in/english/home.aspx,1,True
http://www.na8initalbank.co.in/english/home.aspx,1,True
http://www.nainitalobank.co.in/english/home.aspx,1,True
http://www.naintalbank.co.in/english/home.aspx,1,True
http://www.na9initalbank.co.in/english/home.aspx,1,True
http://www.nainitalbaznk.co.in/english/home.aspx,1,True
http://www.na-initalbank.co.in/english/home.aspx,1,True
http://www.nainigtalbank.co.in/english/home.aspx,1,True
http://www.naimnitalbank.co.in/english/home.aspx,1,True
http://www.naini-talbank.co.in/english/home.aspx,1,True
http://www.nainitalbankg.co.in/english/home.aspx,1,True
http://www.nyainitalbank.co.in/english/home.aspx,1,True
http://www.naioitalbank.co.in/english/home.aspx,1,True
http://www.nain9italbank.co.in/english/home.aspx,1,True
http://www.nainitgalbank.co.in/english/home.aspx,1,True
http://www.lainitalbank.co.in/english/home.aspx,1,True
http://www.nainitalba2nk.co.in/english/home.aspx,1,True
http://www.nainitalvbank.co.in/english/home.aspx,1,True
http://www.nainitalmbank.co.in/english/home.aspx,1,True
http://www.naibnitalbank.co.in/english/home.aspx,1,True
http://www.nainitsalbank.co.in/english/home.aspx,1,True
http://www.naibnitalbank.co.in/english/home.aspx,1,True
http://www.nai-nitalbank.co.in/english/home.aspx,1,True
http://www.nahnitalbank.co.in/english/home.aspx,1,True
http://www.nsainitalbank.co.in/english/home.aspx,1,True
http://www.nainit2albank.co.in/english/home.aspx,1,True
http://www.nainitwalbank.co.in/english/home.aspx,1,True
http://www.nainitalbanjk.co.in/english/home.aspx,1,True
http://www.nainiutalbank.co.in/english/home.aspx,1,True
http://www.nainitalcank.co.in/english/home.aspx,1,True
http://www.nainitalnbank.co.in/english/home.aspx,1,True
http://www.n2ainitalbank.co.in/english/home.aspx,1,True
http://www.nainitahbank.co.in/english/home.aspx,1,True
http://www.nailitalbank.co.in/english/home.aspx,1,True
http://www.nainit6albank.co.in/english/home.aspx,1,True
http://www.nainit5albank.co.in/english/home.aspx,1,True
http://www.nainit1albank.co.in/english/home.aspx,1,True
http://www.nazinitalbank.co.in/english/home.aspx,1,True
http://www.nainitaplbank.co.in/english/home.aspx,1,True
http://www.nazinitalbank.co.in/english/home.aspx,1,True
http://www.nainityalbank.co.in/english/home.aspx,1,True
http://www.nainita-lbank.co.in/english/home.aspx,1,True
http://www.nainitambank.co.in/english/home.aspx,1,True
http://www.n-ainitalbank.co.in/english/home.aspx,1,True
http://www.nainitalbqank.co.in/english/home.aspx,1,True
http://www.nainitalkbank.co.in/english/home.aspx,1,True
http://www.nainitalbgank.co.in/english/home.aspx,1,True
http://www.nainitalbnank.co.in/english/home.aspx,1,True
http://www.nainivalbank.co.in/english/home.aspx,1,True
http://www.nain-italbank.co.in/english/home.aspx,1,True
http://www.naijitalbank.co.in/english/home.aspx,1,True
http://www.nainitanbank.co.in/english/home.aspx,1,True
http://www.nainitalbhank.co.in/english/home.aspx,1,True
http://www.nainitalbanc.co.in/english/home.aspx,1,True
http://www.nainitalvbank.co.in/english/home.aspx,1,True
http://www.nainijtalbank.co.in/english/home.aspx,1,True
http://www.nain8italbank.co.in/english/home.aspx,1,True
http://www.nainitwalbank.co.in/english/home.aspx,1,True
http://www.najinitalbank.co.in/english/home.aspx,1,True
http://www.nainit-albank.co.in/english/home.aspx,1,True
http://www.nainitalbaynk.co.in/english/home.aspx,1,True
http://www.nainitalb2ank.co.in/english/home.aspx,1,True
http://www.nainitalobank.co.in/english/home.aspx,1,True
http://www.naiunitalbank.co.in/english/home.aspx,1,True
http://www.nainitalbwank.co.in/english/home.aspx,1,True
http://www.nainitalb2ank.co.in/english/home.aspx,1,True
http://www.nainitalbankl.co.in/english/home.aspx,1,True
http://www.nainitalfank.co.in/english/home.aspx,1,True
http://www.nainitalbaok.co.in/english/home.aspx,1,True
http://www.nainitqalbank.co.in/english/home.aspx,1,True
http://www.nainitalrank.co.in/english/home.aspx,1,True
http://www.nainhitalbank.co.in/english/home.aspx,1,True
http://www.nainitalpbank.co.in/english/home.aspx,1,True
http://www.nainitahbank.co.in/english/home.aspx,1,True
http://www.nainitalbaznk.co.in/english/home.aspx,1,True
http://www.nainiualbank.co.in/english/home.aspx,1,True
http://www.nainkitalbank.co.in/english/home.aspx,1,True
http://www.nainitalbvank.co.in/english/home.aspx,1,True
http://www.nainitaqlbank.co.in/english/home.aspx,1,True
http://www.najinitalbank.co.in/english/home.aspx,1,True
http://www.nainitalbano.co.in/english/home.aspx,1,True
http://www.nainitamlbank.co.in/english/home.aspx,1,True
http://www.naini5talbank.co.in/english/home.aspx,1,True
http://www.nainitalbano.co.in/english/home.aspx,1,True
http://www.nauinitalbank.co.in/english/home.aspx,1,True
http://www.nainita1lbank.co.in/english/home.aspx,1,True
http://www.nainitalbankg.co.in/english/home.aspx,1,True
http://www.naiunitalbank.co.in/english/home.aspx,1,True
http://www.nainiftalbank.co.in/english/home.aspx,1,True
http://www.naihnitalbank.co.in/english/home.aspx,1,True
http://www.nainitalbgank.co.in/english/home.aspx,1,True
http://www.nainita2lbank.co.in/english/home.aspx,1,True
http://www.namnitalbank.co.in/english/home.aspx,1,True
http://www.nainiotalbank.co.in/english/home.aspx,1,True
http://www.nainitalbabnk.co.in/english/home.aspx,1,True
http://www.naqinitalbank.co.in/english/home.aspx,1,True
http://www.nainuitalbank.co.in/english/home.aspx,1,True
http://www.na1initalbank.co.in/english/home.aspx,1,True
http://www.nainitalbank-nainitalbank.co.in/english/home.aspx,1,True
http://www.ncinitalbank.co.in/english/home.aspx,1,True
http://www.nainitalbajnk.co.in/english/home.aspx,1,True
http://www.nainitalbqnk.co.in/english/home.aspx,1,True
http://www.nainitfalbank.co.in/english/home.aspx,1,True
http://www.nainitalban-k.co.in/english/home.aspx,1,True
http://www.nainuitalbank.co.in/english/home.aspx,1,True
http://www.naiknitalbank.co.in/english/home.aspx,1,True
http://www.nailitalbank.co.in/english/home.aspx,1,True
http://www.na1initalbank.co.in/english/home.aspx,1,True
http://www.nainitalbyank.co.in/english/home.aspx,1,True
http://www.nqinitalbank.co.in/english/home.aspx,1,True
http://www.nainiktalbank.co.in/english/home.aspx,1,True
http://www.nainmitalbank.co.in/english/home.aspx,1,True
http://www.na9initalbank.co.in/english/home.aspx,1,True
http://www.nainita-lbank.co.in/english/home.aspx,1,True
http://www.naionitalbank.co.in/english/home.aspx,1,True
http://www.nainitralbank.co.in/english/home.aspx,1,True
http://www.nainitaqlbank.co.in/english/home.aspx,1,True
http://www.naini-talbank.co.in/english/home.aspx,1,True
http://www.nainitaolbank.co.in/english/home.aspx,1,True
http://www.naifitalbank.co.in/english/home.aspx,1,True
http://www.nainitalfank.co.in/english/home.aspx,1,True
http://www.nainitalbaqnk.co.in/english/home.aspx,1,True
http://www.nainitalbani.co.in/english/home.aspx,1,True
http://www.nain8italbank.co.in/english/home.aspx,1,True
http://www.nainytalbank.co.in/english/home.aspx,1,True
http://www.nainitalbhank.co.in/english/home.aspx,1,True
http://www.jainitalbank.co.in/english/home.aspx,1,True
http://www.nainitalbamnk.co.in/english/home.aspx,1,True
http://www.naijitalbank.co.in/english/home.aspx,1,True
http://www.nainitalbaok.co.in/english/home.aspx,1,True
http://www.nainitalbalk.co.in/english/home.aspx,1,True
http://www.naini4albank.co.in/english/home.aspx,1,True
http://www.nainoitalbank.co.in/english/home.aspx,1,True
http://www.nainitalbanc.co.in/english/home.aspx,1,True
http://www.nainjitalbank.co.in/english/home.aspx,1,True
http://www.naini9talbank.co.in/english/home.aspx,1,True
http://www.nainmitalbank.co.in/english/home.aspx,1,True
http://www.nasinitalbank.co.in/english/home.aspx,1,True
http://www.nainitalbanbk.co.in/english/home.aspx,1,True
http://www.nainitalbsank.co.in/english/home.aspx,1,True
http://www.nainitalb1ank.co.in/english/home.aspx,1,True
http://www.nainetalbank.co.in/english/home.aspx,1,True
http://www.nainotalbank.co.in/english/home.aspx,1,True
http://www.nainutalbank.co.in/english/home.aspx,1,True
http://www.nainitilbank.co.in/english/home.aspx,1,True
http://www.nainitalbak.co.in/english/home.aspx,1,True
http://www.nainitalbak.co.in/english/home.aspx,1,True
http://www.nainitalbankt.co.in/english/home.aspx,1,True
http://www.nainitalbaank.co.in/english/home.aspx,1,True
http://www.nai.nitalbank.co.in/english/home.aspx,1,True
http://www.nainitalbnk.co.in/english/home.aspx,1,True
http://www.nainitulbank.co.in/english/home.aspx,1,True
http://www.nainitalbbank.co.in/english/home.aspx,1,True
http://www.n.ainitalbank.co.in/english/home.aspx,1,True
http://www.naiinitalbank.co.in/english/home.aspx,1,True
http://www.nainiatlbank.co.in/english/home.aspx,1,True
http://www.nnainitalbank.co.in/english/home.aspx,1,True
http://www.nainitalbanku.co.in/english/home.aspx,1,True
http://www.naniitalbank.co.in/english/home.aspx,1,True
http://www.nnainitalbank.co.in/english/home.aspx,1,True
http://www.nainitalbankr.co.in/english/home.aspx,1,True
http://www.nainitalank.co.in/english/home.aspx,1,True
http://www.naintialbank.co.in/english/home.aspx,1,True
http://www.nainittalbank.co.in/english/home.aspx,1,True
http://www.nainitalbanki.co.in/english/home.aspx,1,True
http://www.nainitalbonk.co.in/english/home.aspx,1,True
http://www.nainatalbank.co.in/english/home.aspx,1,True
http://www.nainitallbank.co.in/english/home.aspx,1,True
http://www.naiitalbank.co.in/english/home.aspx,1,True
http://www.nainitalbankn.co.in/english/home.aspx,1,True
http://www.nainitalabnk.co.in/english/home.aspx,1,True
http://www.nainitalbankk.co.in/english/home.aspx,1,True
http://www.nainitalbanka.co.in/english/home.aspx,1,True
http://www.ninitalbank.co.in/english/home.aspx,1,True
http://www.nuinitalbank.co.in/english/home.aspx,1,True
http://www.nainitalbankv.co.in/english/home.aspx,1,True
http://www.nainitalbanki.co.in/english/home.aspx,1,True
http://www.ninitalbank.co.in/english/home.aspx,1,True
http://www.n.ainitalbank.co.in/english/home.aspx,1,True
http://www.nainitalbannk.co.in/english/home.aspx,1,True
http://www.nainialbank.co.in/english/home.aspx,1,True
http://www.nainitolbank.co.in/english/home.aspx,1,True
http://www.nainitalban.co.in/english/home.aspx,1,True
http://www.nainitalbankx.co.in/english/home.aspx,1,True
http://www.nain.italbank.co.in/english/home.aspx,1,True
http://www.nainitaalbank.co.in/english/home.aspx,1,True
http://www.nainitablank.co.in/english/home.aspx,1,True
http://www.nainitalbankx.co.in/english/home.aspx,1,True
http://www.nainitalbankf.co.in/english/home.aspx,1,True
http://www.nainialbank.co.in/english/home.aspx,1,True
http://www.nainit.albank.co.in/english/home.aspx,1,True
http://www.nainitalbink.co.in/english/home.aspx,1,True
http://www.nainitalbanke.co.in/english/home.aspx,1,True
http://www.nainitalbanks.co.in/english/home.aspx,1,True
http://www.nainitlbank.co.in/english/home.aspx,1,True
http://www.nainitalbaank.co.in/english/home.aspx,1,True
http://www.nainitalbankp.co.in/english/home.aspx,1,True
http://www.nainitalbunk.co.in/english/home.aspx,1,True
http://www.naiinitalbank.co.in/english/home.aspx,1,True
http://www.nainitalbankd.co.in/english/home.aspx,1,True
http://www.nainita.lbank.co.in/english/home.aspx,1,True
http://www.naenitalbank.co.in/english/home.aspx,1,True
http://www.nainitalbankc.co.in/english/home.aspx,1,True
http://www.nainittalbank.co.in/english/home.aspx,1,True
http://www.naini.talbank.co.in/english/home.aspx,1,True
http://www.nainitalank.co.in/english/home.aspx,1,True
http://www.nainitalbbank.co.in/english/home.aspx,1,True
http://www.nainitalbankj.co.in/english/home.aspx,1,True
http://www.nainitalbankz.co.in/english/home.aspx,1,True
http://www.nainnitalbank.co.in/english/home.aspx,1,True
http://www.nain.italbank.co.in/english/home.aspx,1,True
http://www.naunitalbank.co.in/english/home.aspx,1,True
http://www.nainitalban.co.in/english/home.aspx,1,True
http://www.nainitalbankk.co.in/english/home.aspx,1,True
http://www.nainit.albank.co.in/english/home.aspx,1,True
http://www.nainitalbakn.co.in/english/home.aspx,1,True
http://www.nainitabank.co.in/english/home.aspx,1,True
http://www.nainitalbankm.co.in/english/home.aspx,1,True
http://www.nainitalbink.co.in/english/home.aspx,1,True
http://www.noinitalbank.co.in/english/home.aspx,1,True
http://www.aninitalbank.co.in/english/home.aspx,1,True
http://www.aninitalbank.co.in/english/home.aspx,1,True
http://www.nianitalbank.co.in/english/home.aspx,1,True
http://www.nainitalbankf.co.in/english/home.aspx,1,True
http://www.nainitalbankr.co.in/english/home.aspx,1,True
http://www.nainitolbank.co.in/english/home.aspx,1,True
http://www.naiitalbank.co.in/english/home.aspx,1,True
http://www.n.ainitalbank.co.in/english/home.aspx,1,True
http://www.nainitalbenk.co.in/english/home.aspx,1,True
http://www.nainitelbank.co.in/english/home.aspx,1,True
http://www.naiintalbank.co.in/english/home.aspx,1,True
http://www.nainitalbankq.co.in/english/home.aspx,1,True
http://www.nainitalbankc.co.in/english/home.aspx,1,True
http://www.nainiitalbank.co.in/english/home.aspx,1,True
http://www.nainitlabank.co.in/english/home.aspx,1,True
http://www.neinitalbank.co.in/english/home.aspx,1,True
http://www.nainitilbank.co.in/english/home.aspx,1,True
http://www.naini.talbank.co.in/english/home.aspx,1,True
http://www.neinitalbank.co.in/english/home.aspx,1,True
http://www.nainitaIbank.co.in/english/home.aspx,1,True
http://www.nainitelbank.co.in/english/home.aspx,1,True
http://www.nainutalbank.co.in/english/home.aspx,1,True
http://www.nainitalbankb.co.in/english/home.aspx,1,True
http://www.niinitalbank.co.in/english/home.aspx,1,True
http://www.nainiatlbank.co.in/english/home.aspx,1,True
http://www.nainitaIbank.co.in/english/home.aspx,1,True
http://www.nainetalbank.co.in/english/home.aspx,1,True
http://www.nainitalbakn.co.in/english/home.aspx,1,True
http://www.nainitalbannk.co.in/english/home.aspx,1,True
http://www.n.ainitalbank.co.in/english/home.aspx,1,True
http://www.nainitablank.co.in/english/home.aspx,1,True
http://www.nainitulbank.co.in/english/home.aspx,1,True
http://www.niinitalbank.co.in/english/home.aspx,1,True
http://www.nainiitalbank.co.in/english/home.aspx,1,True
http://www.nainitalbankt.co.in/english/home.aspx,1,True
http://www.nainitalbanky.co.in/english/home.aspx,1,True
http://www.nainitalbenk.co.in/english/home.aspx,1,True
http://www.nainitlbank.co.in/english/home.aspx,1,True
http://www.nainitalbanky.co.in/english/home.aspx,1,True
http://www.nainnitalbank.co.in/english/home.aspx,1,True
http://www.nainitalbanku.co.in/english/home.aspx,1,True
http://www.nainitabank.co.in/english/home.aspx,1,True
http://www.nainatalbank.co.in/english/home.aspx,1,True
http://www.nainitlabank.co.in/english/home.aspx,1,True
http://www.nainitalbanka.co.in/english/home.aspx,1,True
http://www.nianitalbank.co.in/english/home.aspx,1,True
http://www.nainitalbankq.co.in/english/home.aspx,1,True
http://www.nainitalbanks.co.in/english/home.aspx,1,True
http://www.naniitalbank.co.in/english/home.aspx,1,True
http://www.nainitallbank.co.in/english/home.aspx,1,True
http://www.nuinitalbank.co.in/english/home.aspx,1,True
http://www.nainotalbank.co.in/english/home.aspx,1,True
http://www.nainitalbnk.co.in/english/home.aspx,1,True
http://www.nainitalbanko.co.in/english/home.aspx,1,True
http://www.noinitalbank.co.in/english/home.aspx,1,True
http://www.nainitalbankh.co.in/english/home.aspx,1,True
http://www.naiintalbank.co.in/english/home.aspx,1,True
http://www.nainitalbnak.co.in/english/home.aspx,1,True
http://www.nainitalbankv.co.in/english/home.aspx,1,True
http://www.naainitalbank.co.in/english/home.aspx,1,True
http://www.naanitalbank.co.in/english/home.aspx,1,True
http://www.nainitalbankj.co.in/english/home.aspx,1,True
http://www.na.initalbank.co.in/english/home.aspx,1,True
http://www.nainitalbankz.co.in/english/home.aspx,1,True
http://www.naonitalbank.co.in/english/home.aspx,1,True
http://www.nainitalbonk.co.in/english/home.aspx,1,True
http://www.nainitalbankw.co.in/english/home.aspx,1,True
http://www.nainitalbankp.co.in/english/home.aspx,1,True
http://www.nainitalbankw.co.in/english/home.aspx,1,True
http://www.nainitalabnk.co.in/english/home.aspx,1,True
http://www.nainitalbnak.co.in/english/home.aspx,1,True
http://www.naainitalbank.co.in/english/home.aspx,1,True
http://www.nainitalbankm.co.in/english/home.aspx,1,True
http://www.nainita.lbank.co.in/english/home.aspx,1,True
http://www.nainita1bank.co.in/english/home.aspx,1,True
http://www.nainitalbunk.co.in/english/home.aspx,1,True
http://www.nainitalbankb.co.in/english/home.aspx,1,True
http://www.nainitalbankh.co.in/english/home.aspx,1,True
http://www.nainitalbanko.co.in/english/home.aspx,1,True
http://www.nainitalbankd.co.in/english/home.aspx,1,True
http://www.nainitalbankn.co.in/english/home.aspx,1,True
http://www.naintialbank.co.in/english/home.aspx,1,True
http://www.nainitalbanke.co.in/english/home.aspx,1,True
http://www.nainitaalbank.co.in/english/home.aspx,1,True
http://www.nai.nitalbank.co.in/english/home.aspx,1,True
http://www.na.initalbank.co.in/english/home.aspx,1,True
http://www.nainita1bank.co.in/english/home.aspx,1,True
http://www.naainitalbank.co.in/english/home.aspx,1,True
http://www.nainit.albank.co.in/english/home.aspx,1,True
http://www.nainittalbank.co.in/english/home.aspx,1,True
http://www.na.initalbank.co.in/english/home.aspx,1,True
http://www.naini.talbank.co.in/english/home.aspx,1,True
http://www.nainetalbank.co.in/english/home.aspx,1,True
http://www.nainitalbunk.co.in/english/home.aspx,1,True
http://www.nainatalbank.co.in/english/home.aspx,1,True
http://www.nainutalbank.co.in/english/home.aspx,1,True
http://www.nainitilbank.co.in/english/home.aspx,1,True
http://www.nain.italbank.co.in/english/home.aspx,1,True
http://www.nainnitalbank.co.in/english/home.aspx,1,True
http://www.nainitelbank.co.in/english/home.aspx,1,True
http://www.nnainitalbank.co.in/english/home.aspx,1,True
http://www.nainitalbankc.co.in/english/home.aspx,1,True
http://www.nainitalbaank.co.in/english/home.aspx,1,True
http://www.n.ainitalbank.co.in/english/home.aspx,1,True
http://www.nai.nitalbank.co.in/english/home.aspx,1,True
http://www.nainitalbankk.co.in/english/home.aspx,1,True
http://www.nainitalbanki.co.in/english/home.aspx,1,True
http://www.nainitalbankx.co.in/english/home.aspx,1,True
http://www.naiintalbank.co.in/english/home.aspx,1,True
http://www.nainitaalbank.co.in/english/home.aspx,1,True
http://www.nainitalbankn.co.in/english/home.aspx,1,True
http://www.na.initalbank.co.in/english/home.aspx,1,True
http://www.nainitolbank.co.in/english/home.aspx,1,True
http://www.nainita.lbank.co.in/english/home.aspx,1,True
http://www.nainitalbankh.co.in/english/home.aspx,1,True
http://www.nainiitalbank.co.in/english/home.aspx,1,True
http://www.nainitalbbank.co.in/english/home.aspx,1,True
http://www.nainitalban.co.in/english/home.aspx,1,True
http://www.nainetalbank.co.in/english/home.aspx,1,True
http://www.nainittalbank.co.in/english/home.aspx,1,True
http://www.nainitalbankb.co.in/english/home.aspx,1,True
http://www.nainitalbankt.co.in/english/home.aspx,1,True
http://www.noinitalbank.co.in/english/home.aspx,1,True
http://www.nainitalbbank.co.in/english/home.aspx,1,True
http://www.naanitalbank.co.in/english/home.aspx,1,True
http://www.nainitalbanki.co.in/english/home.aspx,1,True
http://www.nainitabank.co.in/english/home.aspx,1,True
http://www.nainitalbannk.co.in/english/home.aspx,1,True
http://www.nainitalbankf.co.in/english/home.aspx,1,True
http://www.nainitulbank.co.in/english/home.aspx,1,True
http://www.nainitlbank.co.in/english/home.aspx,1,True
http://www.nainitalbnak.co.in/english/home.aspx,1,True
http://www.nainitalbankp.co.in/english/home.aspx,1,True
http://www.niinitalbank.co.in/english/home.aspx,1,True
http://www.n.ainitalbank.co.in/english/home.aspx,1,True
http://www.nainitlabank.co.in/english/home.aspx,1,True
http://www.nainitalbonk.co.in/english/home.aspx,1,True
http://www.nainotalbank.co.in/english/home.aspx,1,True
http://www.nainitalbankw.co.in/english/home.aspx,1,True
http://www.nainitalbakn.co.in/english/home.aspx,1,True
http://www.aninitalbank.co.in/english/home.aspx,1,True
http://www.nainita.lbank.co.in/english/home.aspx,1,True
http://www.nainatalbank.co.in/english/home.aspx,1,True
http://www.naintialbank.co.in/english/home.aspx,1,True
http://www.nainitilbank.co.in/english/home.aspx,1,True
http://www.nainitalbanks.co.in/english/home.aspx,1,True
http://www.nainitalbink.co.in/english/home.aspx,1,True
http://www.nainitalbonk.co.in/english/home.aspx,1,True
http://www.nainialbank.co.in/english/home.aspx,1,True
http://www.nainitalbankz.co.in/english/home.aspx,1,True
http://www.nainitalbenk.co.in/english/home.aspx,1,True
http://www.nainitallbank.co.in/english/home.aspx,1,True
http://www.nainitalbankb.co.in/english/home.aspx,1,True
http://www.neinitalbank.co.in/english/home.aspx,1,True
http://www.naonitalbank.co.in/english/home.aspx,1,True
http://www.nainitalbankh.co.in/english/home.aspx,1,True
http://www.nainitalbankm.co.in/english/home.aspx,1,True
http://www.nainitaalbank.co.in/english/home.aspx,1,True
http://www.nainitalbankf.co.in/english/home.aspx,1,True
http://www.nainitalbankr.co.in/english/home.aspx,1,True
http://www.nainitalbankd.co.in/english/home.aspx,1,True
http://www.nainitalbankk.co.in/english/home.aspx,1,True
http://www.naniitalbank.co.in/english/home.aspx,1,True
http://www.naiinitalbank.co.in/english/home.aspx,1,True
http://www.nainitalbak.co.in/english/home.aspx,1,True
http://www.naainitalbank.co.in/english/home.aspx,1,True
http://www.nainotalbank.co.in/english/home.aspx,1,True
http://www.naunitalbank.co.in/english/home.aspx,1,True
http://www.nainitalbankj.co.in/english/home.aspx,1,True
http://www.nainitulbank.co.in/english/home.aspx,1,True
http://www.nainitaIbank.co.in/english/home.aspx,1,True
http://www.naintialbank.co.in/english/home.aspx,1,True
http://www.nainitalabnk.co.in/english/home.aspx,1,True
http://www.nainitalbunk.co.in/english/home.aspx,1,True
http://www.ninitalbank.co.in/english/home.aspx,1,True
http://www.nainitalbnk.co.in/english/home.aspx,1,True
http://www.nainitalbankd.co.in/english/home.aspx,1,True
http://www.nainutalbank.co.in/english/home.aspx,1,True
http://www.nnainitalbank.co.in/english/home.aspx,1,True
http://www.nainitalbak.co.in/english/home.aspx,1,True
http://www.nainitalbenk.co.in/english/home.aspx,1,True
http://www.nainitalban.co.in/english/home.aspx,1,True
http://www.nainitablank.co.in/english/home.aspx,1,True
http://www.nainitalbankt.co.in/english/home.aspx,1,True
http://www.nainitalbink.co.in/english/home.aspx,1,True
http://www.n.ainitalbank.co.in/english/home.aspx,1,True
http://www.ninitalbank.co.in/english/home.aspx,1,True
http://www.nainitalbanku.co.in/english/home.aspx,1,True
http://www.nainitalbanka.co.in/english/home.aspx,1,True
http://www.nainitalbanke.co.in/english/home.aspx,1,True
http://www.naenitalbank.co.in/english/home.aspx,1,True
http://www.nainitaIbank.co.in/english/home.aspx,1,True
http://www.nuinitalbank.co.in/english/home.aspx,1,True
http://www.nainitalbanks.co.in/english/home.aspx,1,True
http://www.naiitalbank.co.in/english/home.aspx,1,True
http://www.naanitalbank.co.in/english/home.aspx,1,True
http://www.nainitelbank.co.in/english/home.aspx,1,True
http://www.nainitalbaank.co.in/english/home.aspx,1,True
http://www.nianitalbank.co.in/english/home.aspx,1,True
http://www.nainitablank.co.in/english/home.aspx,1,True
http://www.nainitalbankw.co.in/english/home.aspx,1,True
http://www.nainitalbanko.co.in/english/home.aspx,1,True
http://www.nainitalbankz.co.in/english/home.aspx,1,True
http://www.nainitalbanko.co.in/english/home.aspx,1,True
http://www.nainita1bank.co.in/english/home.aspx,1,True
http://www.nainiatlbank.co.in/english/home.aspx,1,True
http://www.nainitalbannk.co.in/english/home.aspx,1,True
http://www.nainitalbanky.co.in/english/home.aspx,1,True
http://www.nainitalbnak.co.in/english/home.aspx,1,True
http://www.nainitalbnk.co.in/english/home.aspx,1,True
http://www.nainitalbankm.co.in/english/home.aspx,1,True
http://www.nainitalbankq.co.in/english/home.aspx,1,True
http://www.nainitallbank.co.in/english/home.aspx,1,True
http://www.nainitlbank.co.in/english/home.aspx,1,True
http://www.naniitalbank.co.in/english/home.aspx,1,True
http://www.nainitolbank.co.in/english/home.aspx,1,True
http://www.nainitalbankv.co.in/english/home.aspx,1,True
http://www.nainiitalbank.co.in/english/home.aspx,1,True
http://www.nainitalbankn.co.in/english/home.aspx,1,True
http://www.nainitalank.co.in/english/home.aspx,1,True
http://www.nainitalbakn.co.in/english/home.aspx,1,True
http://www.nainnitalbank.co.in/english/home.aspx,1,True
http://www.nainit.albank.co.in/english/home.aspx,1,True
http://www.nainiatlbank.co.in/english/home.aspx,1,True
http://www.nainitalbanku.co.in/english/home.aspx,1,True
http://www.nainitalbanke.co.in/english/home.aspx,1,True
http://www.naiintalbank.co.in/english/home.aspx,1,True
http://www.nai.nitalbank.co.in/english/home.aspx,1,True
http://www.naonitalbank.co.in/english/home.aspx,1,True
http://www.nainitalbanka.co.in/english/home.aspx,1,True
http://www.naini.talbank.co.in/english/home.aspx,1,True
http://www.nainitlabank.co.in/english/home.aspx,1,True
http://www.nainitalbankc.co.in/english/home.aspx,1,True
http://www.naiitalbank.co.in/english/home.aspx,1,True
http://www.nainitalank.co.in/english/home.aspx,1,True
http://www.nainitabank.co.in/english/home.aspx,1,True
http://www.nainitalbankr.co.in/english/home.aspx,1,True
http://www.nain.italbank.co.in/english/home.aspx,1,True
http://www.nainitalbankj.co.in/english/home.aspx,1,True
http://www.naenitalbank.co.in/english/home.aspx,1,True
http://www.nainialbank.co.in/english/home.aspx,1,True
http://www.nianitalbank.co.in/english/home.aspx,1,True
http://www.nainitalbanky.co.in/english/home.aspx,1,True
http://www.nainitalbankp.co.in/english/home.aspx,1,True
http://www.nainita1bank.co.in/english/home.aspx,1,True
http://www.n.ainitalbank.co.in/english/home.aspx,1,True
http://www.aninitalbank.co.in/english/home.aspx,1,True
http://www.nainitalbankv.co.in/english/home.aspx,1,True
http://www.nainitalabnk.co.in/english/home.aspx,1,True
http://www.naunitalbank.co.in/english/home.aspx,1,True
http://www.naiinitalbank.co.in/english/home.aspx,1,True
http://www.nainitalbankq.co.in/english/home.aspx,1,True
http://www.nainitalbankx.co.in/english/home.aspx,1,True
http://www.nainitalbaynk.co.in/english/home.aspx,1,True
http://www.nainitalbawnk.co.in/english/home.aspx,1,True
http://www.nainitalba1nk.co.in/english/home.aspx,1,True
http://www.naini8talbank.co.in/english/home.aspx,1,True
http://www.nainitaqlbank.co.in/english/home.aspx,1,True
http://www.nazinitalbank.co.in/english/home.aspx,1,True
http://www.nainijtalbank.co.in/english/home.aspx,1,True
http://www.n-ainitalbank.co.in/english/home.aspx,1,True
http://www.nainitalmbank.co.in/english/home.aspx,1,True
http://www.nainit5albank.co.in/english/home.aspx,1,True
http://www.na-initalbank.co.in/english/home.aspx,1,True
http://www.nainitaklbank.co.in/english/home.aspx,1,True
http://www.nainita2lbank.co.in/english/home.aspx,1,True
http://www.nai-nitalbank.co.in/english/home.aspx,1,True
http://www.nainit6albank.co.in/english/home.aspx,1,True
http://www.nainitahbank.co.in/english/home.aspx,1,True
http://www.nainitanbank.co.in/english/home.aspx,1,True
http://www.nainitalbanj.co.in/english/home.aspx,1,True
http://www.nainitalbsank.co.in/english/home.aspx,1,True
http://www.nainitalbano.co.in/english/home.aspx,1,True
http://www.nawinitalbank.co.in/english/home.aspx,1,True
http://www.naknitalbank.co.in/english/home.aspx,1,True
http://www.nainhtalbank.co.in/english/home.aspx,1,True
http://www.naini8talbank.co.in/english/home.aspx,1,True
http://www.nainitalbani.co.in/english/home.aspx,1,True
http://www.nainitwalbank.co.in/english/home.aspx,1,True
http://www.nainitazlbank.co.in/english/home.aspx,1,True
http://www.nainkitalbank.co.in/english/home.aspx,1,True
http://www.nainitalbaok.co.in/english/home.aspx,1,True
http://www.nainitaolbank.co.in/english/home.aspx,1,True
http://www.nainitalbcnk.co.in/english/home.aspx,1,True
http://www.naioitalbank.co.in/english/home.aspx,1,True
http://www.nainiztalbank.co.in/english/home.aspx,1,True
http://www.naionitalbank.co.in/english/home.aspx,1,True
http://www.nainit2albank.co.in/english/home.aspx,1,True
http://www.nainitaqlbank.co.in/english/home.aspx,1,True
http://www.nailitalbank.co.in/english/home.aspx,1,True
http://www.nainitalba2nk.co.in/english/home.aspx,1,True
http://www.naynitalbank.co.in/english/home.aspx,1,True
http://www.nainitalbaynk.co.in/english/home.aspx,1,True
http://www.nainitalbanhk.co.in/english/home.aspx,1,True
http://www.na9initalbank.co.in/english/home.aspx,1,True
http://www.nain9italbank.co.in/english/home.aspx,1,True
http://www.naiknitalbank.co.in/english/home.aspx,1,True
http://www.nainita1lbank.co.in/english/home.aspx,1,True
http://www.nainitfalbank.co.in/english/home.aspx,1,True
http://www.najinitalbank.co.in/english/home.aspx,1,True
http://www.nainitadbank.co.in/english/home.aspx,1,True
http://www.nainitalkbank.co.in/english/home.aspx,1,True
http://www.nyainitalbank.co.in/english/home.aspx,1,True
http://www.nainit-albank.co.in/english/home.aspx,1,True
http://www.nain9italbank.co.in/english/home.aspx,1,True
http://www.nainitamlbank.co.in/english/home.aspx,1,True
http://www.nainbitalbank.co.in/english/home.aspx,1,True
http://www.nain-italbank.co.in/english/home.aspx,1,True
http://www.naini5talbank.co.in/english/home.aspx,1,True
http://www.nainitzalbank.co.in/english/home.aspx,1,True
http://www.nainitalpbank.co.in/english/home.aspx,1,True
http://www.nainitalbqnk.co.in/english/home.aspx,1,True
http://www.nainitalbaznk.co.in/english/home.aspx,1,True
http://www.nainitalbaqnk.co.in/english/home.aspx,1,True
http://www.nainita-lbank.co.in/english/home.aspx,1,True
http://www.na8initalbank.co.in/english/home.aspx,1,True
http://www.nainytalbank.co.in/english/home.aspx,1,True
http://www.nainitalbajk.co.in/english/home.aspx,1,True
http://www.jainitalbank.co.in/english/home.aspx,1,True
http://www.naoinitalbank.co.in/english/home.aspx,1,True
http://www.nsainitalbank.co.in/english/home.aspx,1,True
http://www.nainitqalbank.co.in/english/home.aspx,1,True
http://www.nainitfalbank.co.in/english/home.aspx,1,True
http://www.nainitalgbank.co.in/english/home.aspx,1,True
http://www.nainitalb1ank.co.in/english/home.aspx,1,True
http://www.nainitalbhank.co.in/english/home.aspx,1,True
http://www.nainitalban-k.co.in/english/home.aspx,1,True
http://www.naini6talbank.co.in/english/home.aspx,1,True
http://www.nainitalbajnk.co.in/english/home.aspx,1,True
http://www.nainit2albank.co.in/english/home.aspx,1,True
http://www.nainitanbank.co.in/english/home.aspx,1,True
http://www.nainitalbanc.co.in/english/home.aspx,1,True
http://www.nainhitalbank.co.in/english/home.aspx,1,True
http://www.nainitambank.co.in/english/home.aspx,1,True
http://www.nainitalbabnk.co.in/english/home.aspx,1,True
http://www.nainitalbwank.co.in/english/home.aspx,1,True
http://www.namnitalbank.co.in/english/home.aspx,1,True
http://www.nainitalbanbk.co.in/english/home.aspx,1,True
http://www.nainuitalbank.co.in/english/home.aspx,1,True
http://www.nainit1albank.co.in/english/home.aspx,1,True
http://www.nainktalbank.co.in/english/home.aspx,1,True
http://www.nayinitalbank.co.in/english/home.aspx,1,True
http://www.nainitalcank.co.in/english/home.aspx,1,True
http://www.nahnitalbank.co.in/english/home.aspx,1,True
http://www.nainitalbanjk.co.in/english/home.aspx,1,True
http://www.nainuitalbank.co.in/english/home.aspx,1,True
http://www.nainitalbanmk.co.in/english/home.aspx,1,True
http://www.naini9talbank.co.in/english/home.aspx,1,True
http://www.nwainitalbank.co.in/english/home.aspx,1,True
http://www.nawinitalbank.co.in/english/home.aspx,1,True
http://www.nainitalbafk.co.in/english/home.aspx,1,True
http://www.nakinitalbank.co.in/english/home.aspx,1,True
http://www.nainitalfank.co.in/english/home.aspx,1,True
http://www.nainitalnbank.co.in/english/home.aspx,1,True
http://www.nainitaylbank.co.in/english/home.aspx,1,True
http://www.nainitralbank.co.in/english/home.aspx,1,True
http://www.naijitalbank.co.in/english/home.aspx,1,True
http://www.nainityalbank.co.in/english/home.aspx,1,True
http://www.nasinitalbank.co.in/english/home.aspx,1,True
http://www.naiknitalbank.co.in/english/home.aspx,1,True
http://www.nainitalbzank.co.in/english/home.aspx,1,True
http://www.nainitalbhank.co.in/english/home.aspx,1,True
http://www.oainitalbank.co.in/english/home.aspx,1,True
http://www.naijnitalbank.co.in/english/home.aspx,1,True
http://www.nainiktalbank.co.in/english/home.aspx,1,True
http://www.nainit-albank.co.in/english/home.aspx,1,True
http://www.nainitalbasnk.co.in/english/home.aspx,1,True
http://www.naihnitalbank.co.in/english/home.aspx,1,True
http://www.nainitalrank.co.in/english/home.aspx,1,True
http://www.nainoitalbank.co.in/english/home.aspx,1,True
http://www.nainitqlbank.co.in/english/home.aspx,1,True
http://www.nainivalbank.co.in/english/home.aspx,1,True
http://www.nainipalbank.co.in/english/home.aspx,1,True
http://www.nainitalbank-nainitalbank.co.in/english/home.aspx,1,True
http://www.nainitalbyank.co.in/english/home.aspx,1,True
http://www.nainitaslbank.co.in/english/home.aspx,1,True
http://www.nainitaplbank.co.in/english/home.aspx,1,True
http://www.nainitalba2nk.co.in/english/home.aspx,1,True
http://www.naibnitalbank.co.in/english/home.aspx,1,True
http://www.nainitalba-nk.co.in/english/home.aspx,1,True
http://www.nainitalkbank.co.in/english/home.aspx,1,True
http://www.nainitalbankl.co.in/english/home.aspx,1,True
http://www.nainijtalbank.co.in/english/home.aspx,1,True
http://www.nqainitalbank.co.in/english/home.aspx,1,True
http://www.nainiytalbank.co.in/english/home.aspx,1,True
http://www.nainitalbaqnk.co.in/english/home.aspx,1,True
http://www.nainitalba-nk.co.in/english/home.aspx,1,True
http://www.nayinitalbank.co.in/english/home.aspx,1,True
http://www.nainitalbafk.co.in/english/home.aspx,1,True
http://www.naqinitalbank.co.in/english/home.aspx,1,True
http://www.nainitgalbank.co.in/english/home.aspx,1,True
http://www.nsainitalbank.co.in/english/home.aspx,1,True
http://www.najinitalbank.co.in/english/home.aspx,1,True
http://www.nain-italbank.co.in/english/home.aspx,1,True
http://www.nainitsalbank.co.in/english/home.aspx,1,True
http://www.na-initalbank.co.in/english/home.aspx,1,True
http://www.nainitalbgank.co.in/english/home.aspx,1,True
http://www.nainitalbanhk.co.in/english/home.aspx,1,True
http://www.nqinitalbank.co.in/english/home.aspx,1,True
http://www.naihnitalbank.co.in/english/home.aspx,1,True
http://www.nainitawlbank.co.in/english/home.aspx,1,True
http://www.nainhtalbank.co.in/english/home.aspx,1,True
http://www.naini5talbank.co.in/english/home.aspx,1,True
http://www.na8initalbank.co.in/english/home.aspx,1,True
http://www.nainitalpbank.co.in/english/home.aspx,1,True
http://www.na9initalbank.co.in/english/home.aspx,1,True
http://www.nainitalbanjk.co.in/english/home.aspx,1,True
http://www.nainitalbnank.co.in/english/home.aspx,1,True
http://www.nai-nitalbank.co.in/english/home.aspx,1,True
http://www.naintalbank.co.in/english/home.aspx,1,True
http://www.nainiutalbank.co.in/english/home.aspx,1,True
http://www.nainitalb2ank.co.in/english/home.aspx,1,True
http://www.naynitalbank.co.in/english/home.aspx,1,True
http://www.nainitalbqnk.co.in/english/home.aspx,1,True
http://www.nainita1lbank.co.in/english/home.aspx,1,True
http://www.jainitalbank.co.in/english/home.aspx,1,True
http://www.nainitaljank.co.in/english/home.aspx,1,True
http://www.nzainitalbank.co.in/english/home.aspx,1,True
http://www.nainitaslbank.co.in/english/home.aspx,1,True
http://www.nainit5albank.co.in/english/home.aspx,1,True
http://www.nainirtalbank.co.in/english/home.aspx,1,True
http://www.nainitalfank.co.in/english/home.aspx,1,True
http://www.nainitalbaok.co.in/english/home.aspx,1,True
http://www.nainitwalbank.co.in/english/home.aspx,1,True
http://www.na2initalbank.co.in/english/home.aspx,1,True
http://www.n2ainitalbank.co.in/english/home.aspx,1,True
http://www.nainitalb1ank.co.in/english/home.aspx,1,True
http://www.na1initalbank.co.in/english/home.aspx,1,True
http://www.nainitalnbank.co.in/english/home.aspx,1,True
http://www.naini-talbank.co.in/english/home.aspx,1,True
http://www.nazinitalbank.co.in/english/home.aspx,1,True
http://www.nainitalvbank.co.in/english/home.aspx,1,True
http://www.nainitqalbank.co.in/english/home.aspx,1,True
http://www.nainitalbgank.co.in/english/home.aspx,1,True
http://www.nainit6albank.co.in/english/home.aspx,1,True
http://www.nainipalbank.co.in/english/home.aspx,1,True
http://www.nainitralbank.co.in/english/home.aspx,1,True
http://www.nainirtalbank.co.in/english/home.aspx,1,True
http://www.nainiztalbank.co.in/english/home.aspx,1,True
http://www.nainitalbank-nainitalbank.co.in/english/home.aspx,1,True
http://www.nainitalhbank.co.in/english/home.aspx,1,True
http://www.nainitalcank.co.in/english/home.aspx,1,True
http://www.nain8italbank.co.in/english/home.aspx,1,True
http://www.nainitalbabnk.co.in/english/home.aspx,1,True
http://www.nainityalbank.co.in/english/home.aspx,1,True
http://www.nainitalobank.co.in/english/home.aspx,1,True
http://www.nainitsalbank.co.in/english/home.aspx,1,True
http://www.naintalbank.co.in/english/home.aspx,1,True
http://www.naini-talbank.co.in/english/home.aspx,1,True
http://www.nainitalgbank.co.in/english/home.aspx,1,True
http://www.nainitalbvank.co.in/english/home.aspx,1,True
http://www.nainitalobank.co.in/english/home.aspx,1,True
http://www.nainitawlbank.co.in/english/home.aspx,1,True
http://www.nainitalbwank.co.in/english/home.aspx,1,True
http://www.nainitalbahnk.co.in/english/home.aspx,1,True
http://www.nainitalbsank.co.in/english/home.aspx,1,True
http://www.naini9talbank.co.in/english/home.aspx,1,True
http://www.nainitaljank.co.in/english/home.aspx,1,True
http://www.nainitahbank.co.in/english/home.aspx,1,True
http://www.naknitalbank.co.in/english/home.aspx,1,True
http://www.lainitalbank.co.in/english/home.aspx,1,True
http://www.nai9nitalbank.co.in/english/home.aspx,1,True
http://www.nqainitalbank.co.in/english/home.aspx,1,True
http://www.n1ainitalbank.co.in/english/home.aspx,1,True
http://www.nainiutalbank.co.in/english/home.aspx,1,True
http://www.nailitalbank.co.in/english/home.aspx,1,True
http://www.nainjitalbank.co.in/english/home.aspx,1,True
http://www.nainita2lbank.co.in/english/home.aspx,1,True
http://www.nainivalbank.co.in/english/home.aspx,1,True
http://www.naifitalbank.co.in/english/home.aspx,1,True
http://www.nainitaylbank.co.in/english/home.aspx,1,True
http://www.nainitalbankg.co.in/english/home.aspx,1,True
http://www.nainitqlbank.co.in/english/home.aspx,1,True
http://www.nainitalbalk.co.in/english/home.aspx,1,True
http://www.nainitalbaznk.co.in/english/home.aspx,1,True
http://www.ncinitalbank.co.in/english/home.aspx,1,True
http://www.naibnitalbank.co.in/english/home.aspx,1,True
http://www.nainitalbanj.co.in/english/home.aspx,1,True
http://www.nainitalbamnk.co.in/english/home.aspx,1,True
http://www.nainigtalbank.co.in/english/home.aspx,1,True
http://www.nainidalbank.co.in/english/home.aspx,1,True
http://www.naini4albank.co.in/english/home.aspx,1,True
http://www.nai8nitalbank.co.in/english/home.aspx,1,True
http://www.nwainitalbank.co.in/english/home.aspx,1,True
http://www.nainidalbank.co.in/english/home.aspx,1,True
http://www.nainmtalbank.co.in/english/home.aspx,1,True
http://www.nainmitalbank.co.in/english/home.aspx,1,True
http://www.nainitalrank.co.in/english/home.aspx,1,True
http://www.naoinitalbank.co.in/english/home.aspx,1,True
http://www.nainitalbzank.co.in/english/home.aspx,1,True
http://www.nainitalbalk.co.in/english/home.aspx,1,True
http://www.nainiotalbank.co.in/english/home.aspx,1,True
http://www.nain8italbank.co.in/english/home.aspx,1,True
http://www.nzainitalbank.co.in/english/home.aspx,1,True
http://www.na1initalbank.co.in/english/home.aspx,1,True
http://www.nasinitalbank.co.in/english/home.aspx,1,True
http://www.nainitclbank.co.in/english/home.aspx,1,True
http://www.naini6talbank.co.in/english/home.aspx,1,True
http://www.nainitalmbank.co.in/english/home.aspx,1,True
http://www.nyainitalbank.co.in/english/home.aspx,1,True
http://www.nainitalbasnk.co.in/english/home.aspx,1,True
http://www.fainitalbank.co.in/english/home.aspx,1,True
http://www.naimnitalbank.co.in/english/home.aspx,1,True
http://www.nainitalbahnk.co.in/english/home.aspx,1,True
http://www.nainiftalbank.co.in/english/home.aspx,1,True
http://www.naiunitalbank.co.in/english/home.aspx,1,True
http://www.nainitalbanbk.co.in/english/home.aspx,1,True
http://www.n-ainitalbank.co.in/english/home.aspx,1,True
http://www.nainbitalbank.co.in/english/home.aspx,1,True
http://www.nainitalbqank.co.in/english/home.aspx,1,True
http://www.nainitalbankl.co.in/english/home.aspx,1,True
http://www.lainitalbank.co.in/english/home.aspx,1,True
http://www.nainitalbano.co.in/english/home.aspx,1,True
http://www.oainitalbank.co.in/english/home.aspx,1,True
http://www.nainktalbank.co.in/english/home.aspx,1,True
http://www.ncinitalbank.co.in/english/home.aspx,1,True
http://www.naioitalbank.co.in/english/home.aspx,1,True
http://www.nainitambank.co.in/english/home.aspx,1,True
http://www.nainitalbani.co.in/english/home.aspx,1,True
http://www.nai8nitalbank.co.in/english/home.aspx,1,True
http://www.nainitalb-ank.co.in/english/home.aspx,1,True
http://www.naini4albank.co.in/english/home.aspx,1,True
http://www.nainkitalbank.co.in/english/home.aspx,1,True
http://www.nainitalbnank.co.in/english/home.aspx,1,True
http://www.nainiktalbank.co.in/english/home.aspx,1,True
http://www.nainmitalbank.co.in/english/home.aspx,1,True
http://www.naijnitalbank.co.in/english/home.aspx,1,True
http://www.fainitalbank.co.in/english/home.aspx,1,True
http://www.n1ainitalbank.co.in/english/home.aspx,1,True
http://www.nainitazlbank.co.in/english/home.aspx,1,True
http://www.n2ainitalbank.co.in/english/home.aspx,1,True
http://www.nainitalb-ank.co.in/english/home.aspx,1,True
http://www.naiunitalbank.co.in/english/home.aspx,1,True
http://www.nainitalbajk.co.in/english/home.aspx,1,True
http://www.nainiftalbank.co.in/english/home.aspx,1,True
http://www.nainhitalbank.co.in/english/home.aspx,1,True
http://www.nainitalban-k.co.in/english/home.aspx,1,True
http://www.nahnitalbank.co.in/english/home.aspx,1,True
http://www.nainitalbajnk.co.in/english/home.aspx,1,True
http://www.nainitaplbank.co.in/english/home.aspx,1,True
http://www.nainitalba1nk.co.in/english/home.aspx,1,True
http://www.naifitalbank.co.in/english/home.aspx,1,True
http://www.nainitgalbank.co.in/english/home.aspx,1,True
http://www.nainita-lbank.co.in/english/home.aspx,1,True
http://www.naimnitalbank.co.in/english/home.aspx,1,True
http://www.nainitamlbank.co.in/english/home.aspx,1,True
http://www.nainitalbawnk.co.in/english/home.aspx,1,True
http://www.nainitalbankg.co.in/english/home.aspx,1,True
http://www.nainigtalbank.co.in/english/home.aspx,1,True
http://www.naijitalbank.co.in/english/home.aspx,1,True
http://www.nqinitalbank.co.in/english/home.aspx,1,True
http://www.na2initalbank.co.in/english/home.aspx,1,True
http://www.nainitalbamnk.co.in/english/home.aspx,1,True
http://www.nainiytalbank.co.in/english/home.aspx,1,True
http://www.namnitalbank.co.in/english/home.aspx,1,True
http://www.nauinitalbank.co.in/english/home.aspx,1,True
http://www.nainitalbanc.co.in/english/home.aspx,1,True
http://www.nai9nitalbank.co.in/english/home.aspx,1,True
http://www.nainytalbank.co.in/english/home.aspx,1,True
http://www.nauinitalbank.co.in/english/home.aspx,1,True
http://www.nainitalbyank.co.in/english/home.aspx,1,True
http://www.nainiualbank.co.in/english/home.aspx,1,True
http://www.nainitalhbank.co.in/english/home.aspx,1,True
http://www.nainiotalbank.co.in/english/home.aspx,1,True
http://www.nainitalbcnk.co.in/english/home.aspx,1,True
http://www.nainitalbvank.co.in/english/home.aspx,1,True
http://www.naqinitalbank.co.in/english/home.aspx,1,True
http://www.nainitalvbank.co.in/english/home.aspx,1,True
http://www.nainitaolbank.co.in/english/home.aspx,1,True
http://www.nainjitalbank.co.in/english/home.aspx,1,True
http://www.nainitalbqank.co.in/english/home.aspx,1,True
http://www.naionitalbank.co.in/english/home.aspx,1,True
http://www.nainoitalbank.co.in/english/home.aspx,1,True
http://www.nainitaklbank.co.in/english/home.aspx,1,True
http://www.nainitalbanmk.co.in/english/home.aspx,1,True
http://www.nainitclbank.co.in/english/home.aspx,1,True
http://www.nainiualbank.co.in/english/home.aspx,1,True
http://www.nainmtalbank.co.in/english/home.aspx,1,True
http://www.nakinitalbank.co.in/english/home.aspx,1,True
http://www.nainitzalbank.co.in/english/home.aspx,1,True
http://www.nainitalb2ank.co.in/english/home.aspx,1,True
http://www.nainit1albank.co.in/english/home.aspx,1,True
http://www.nainitadbank.co.in/english/home.aspx,1,True
http://www.nainitalbunk.co.in/english/home.aspx,1,True
http://www.neinitalbank.co.in/english/home.aspx,1,True
http://www.nainitalbak.co.in/english/home.aspx,1,True
http://www.nainitgalbank.co.in/english/home.aspx,1,True
http://www.naonitalbank.co.in/english/home.aspx,1,True
http://www.nainitalbvank.co.in/english/home.aspx,1,True
http://www.nainitalpbank.co.in/english/home.aspx,1,True
http://www.nainiitalbank.co.in/english/home.aspx,1,True
http://www.naqinitalbank.co.in/english/home.aspx,1,True
http://www.nainitalbbank.co.in/english/home.aspx,1,True
http://www.nainivalbank.co.in/english/home.aspx,1,True
http://www.nainitlbank.co.in/english/home.aspx,1,True
http://www.nainitabank.co.in/english/home.aspx,1,True
http://www.najinitalbank.co.in/english/home.aspx,1,True
http://www.nainitsalbank.co.in/english/home.aspx,1,True
http://www.nainoitalbank.co.in/english/home.aspx,1,True
http://www.nainit2albank.co.in/english/home.aspx,1,True
http://www.nainita-lbank.co.in/english/home.aspx,1,True
http://www.nainitolbank.co.in/english/home.aspx,1,True
http://www.nainitalobank.co.in/english/home.aspx,1,True
http://www.nainiktalbank.co.in/english/home.aspx,1,True
http://www.nainitalbasnk.co.in/english/home.aspx,1,True
http://www.naini9talbank.co.in/english/home.aspx,1,True
http://www.naunitalbank.co.in/english/home.aspx,1,True
http://www.nawinitalbank.co.in/english/home.aspx,1,True
http://www.naijnitalbank.co.in/english/home.aspx,1,True
http://www.nainitalmbank.co.in/english/home.aspx,1,True
http://www.nainitalbgank.co.in/english/home.aspx,1,True
http://www.nainitalhbank.co.in/english/home.aspx,1,True
http://www.nainitalkbank.co.in/english/home.aspx,1,True
http://www.nainitalbink.co.in/english/home.aspx,1,True
http://www.nainita1lbank.co.in/english/home.aspx,1,True
http://www.nainitilbank.co.in/english/home.aspx,1,True
http://www.nainitulbank.co.in/english/home.aspx,1,True
http://www.naintalbank.co.in/english/home.aspx,1,True
http://www.nainiytalbank.co.in/english/home.aspx,1,True
http://www.nainjitalbank.co.in/english/home.aspx,1,True
http://www.nainitalbnank.co.in/english/home.aspx,1,True
http://www.nainitalbannk.co.in/english/home.aspx,1,True
http://www.nainirtalbank.co.in/english/home.aspx,1,True
http://www.nuinitalbank.co.in/english/home.aspx,1,True
http://www.naenitalbank.co.in/english/home.aspx,1,True
http://www.nauinitalbank.co.in/english/home.aspx,1,True
http://www.nainittalbank.co.in/english/home.aspx,1,True
http://www.n2ainitalbank.co.in/english/home.aspx,1,True
http://www.nainatalbank.co.in/english/home.aspx,1,True
http://www.naanitalbank.co.in/english/home.aspx,1,True
http://www.nqainitalbank.co.in/english/home.aspx,1,True
http://www.naiitalbank.co.in/english/home.aspx,1,True
http://www.nainitalbonk.co.in/english/home.aspx,1,True
http://www.nainitallbank.co.in/english/home.aspx,1,True
http://www.nainiotalbank.co.in/english/home.aspx,1,True
http://www.nainitanbank.co.in/english/home.aspx,1,True
http://www.naiknitalbank.co.in/english/home.aspx,1,True
http://www.niinitalbank.co.in/english/home.aspx,1,True
http://www.naihnitalbank.co.in/english/home.aspx,1,True
http://www.nayinitalbank.co.in/english/home.aspx,1,True
http://www.nainitalb-ank.co.in/english/home.aspx,1,True
http://www.nainiualbank.co.in/english/home.aspx,1,True
http://www.nainijtalbank.co.in/english/home.aspx,1,True
http://www.nainitalbaynk.co.in/english/home.aspx,1,True
http://www.nainutalbank.co.in/english/home.aspx,1,True
http://www.nainitalba-nk.co.in/english/home.aspx,1,True
http://www.nainotalbank.co.in/english/home.aspx,1,True
http://www.naini.talbank.co.in/english/home.aspx,1,True
http://www.nainitambank.co.in/english/home.aspx,1,True
http://www.nainitalb2ank.co.in/english/home.aspx,1,True
http://www.nainitalbwank.co.in/english/home.aspx,1,True
http://www.nainitalank.co.in/english/home.aspx,1,True
http://www.nainitalbahnk.co.in/english/home.aspx,1,True
http://www.noinitalbank.co.in/english/home.aspx,1,True
http://www.nainitalbaqnk.co.in/english/home.aspx,1,True
http://www.nainitalbanhk.co.in/english/home.aspx,1,True
http://www.nainitaqlbank.co.in/english/home.aspx,1,True
http://www.nai9nitalbank.co.in/english/home.aspx,1,True
http://www.nainitelbank.co.in/english/home.aspx,1,True
http://www.nainkitalbank.co.in/english/home.aspx,1,True
http://www.nainitalfank.co.in/english/home.aspx,1,True
http://www.nainitaljank.co.in/english/home.aspx,1,True
http://www.nainitalb1ank.co.in/english/home.aspx,1,True
http://www.nain-italbank.co.in/english/home.aspx,1,True
http://www.naimnitalbank.co.in/english/home.aspx,1,True
http://www.nainitalbqank.co.in/english/home.aspx,1,True
http://www.naini5talbank.co.in/english/home.aspx,1,True
http://www.naiinitalbank.co.in/english/home.aspx,1,True
http://www.nainitamlbank.co.in/english/home.aspx,1,True
http://www.nainitalba2nk.co.in/english/home.aspx,1,True
http://www.nainktalbank.co.in/english/home.aspx,1,True
http://www.nainiztalbank.co.in/english/home.aspx,1,True
http://www.nainuitalbank.co.in/english/home.aspx,1,True
http://www.nain8italbank.co.in/english/home.aspx,1,True
http://www.nakinitalbank.co.in/english/home.aspx,1,True
http://www.nainitawlbank.co.in/english/home.aspx,1,True
http://www.nainialbank.co.in/english/home.aspx,1,True
http://www.nainitalbaank.co.in/english/home.aspx,1,True
http://www.nain.italbank.co.in/english/home.aspx,1,True
http://www.nyainitalbank.co.in/english/home.aspx,1,True
http://www.nainitalbhank.co.in/english/home.aspx,1,True
http://www.naini6talbank.co.in/english/home.aspx,1,True
http://www.n1ainitalbank.co.in/english/home.aspx,1,True
http://www.nainbitalbank.co.in/english/home.aspx,1,True
http://www.nai.nitalbank.co.in/english/home.aspx,1,True
http://www.nainitalbnk.co.in/english/home.aspx,1,True
http://www.nainit.albank.co.in/english/home.aspx,1,True
http://www.nainitqalbank.co.in/english/home.aspx,1,True
http://www.naoinitalbank.co.in/english/home.aspx,1,True
http://www.nainitzalbank.co.in/english/home.aspx,1,True
http://www.naioitalbank.co.in/english/home.aspx,1,True
http://www.nainiftalbank.co.in/english/home.aspx,1,True
http://www.nainitaslbank.co.in/english/home.aspx,1,True
http://www.n.ainitalbank.co.in/english/home.aspx,1,True
http://www.nainitalban.co.in/english/home.aspx,1,True
http://www.na.initalbank.co.in/english/home.aspx,1,True
http://www.nainitalban-k.co.in/english/home.aspx,1,True
http://www.nainitalbyank.co.in/english/home.aspx,1,True
http://www.nainnitalbank.co.in/english/home.aspx,1,True
http://www.naainitalbank.co.in/english/home.aspx,1,True
http://www.n.ainitalbank.co.in/english/home.aspx,1,True
http://www.naynitalbank.co.in/english/home.aspx,1,True
http://www.nainitralbank.co.in/english/home.aspx,1,True
http://www.naini-talbank.co.in/english/home.aspx,1,True
http://www.nasikonlline.com,1,True
http://www.nainitaplbank.co.in/english/home.aspx,1,True
http://www.naini8talbank.co.in/english/home.aspx,1,True
http://www.nainitalbamnk.co.in/english/home.aspx,1,True
http://www.nainitalbzank.co.in/english/home.aspx,1,True
http://www.nainitadbank.co.in/english/home.aspx,1,True
http://www.nasikoonline.com,1,True
http://www.nasinitalbank.co.in/english/home.aspx,1,True
http://www.nainmtalbank.co.in/english/home.aspx,1,True
http://www.nainitalbenk.co.in/english/home.aspx,1,True
http://www.nainita2lbank.co.in/english/home.aspx,1,True
http://www.na-initalbank.co.in/english/home.aspx,1,True
http://www.nainit6albank.co.in/english/home.aspx,1,True
http://www.nainmitalbank.co.in/english/home.aspx,1,True
http://www.nasikonlin.com,1,True
http://www.nasikoknline.com,1,True
http://www.nasikonnline.com,1,True
http://www.nain9italbank.co.in/english/home.aspx,1,True
http://www.nainit-albank.co.in/english/home.aspx,1,True
http://www.nwainitalbank.co.in/english/home.aspx,1,True
http://www.nainitalbanc.co.in/english/home.aspx,1,True
http://www.nainit5albank.co.in/english/home.aspx,1,True
http://www.nainitazlbank.co.in/english/home.aspx,1,True
http://www.nasikonlineh.com,1,True
http://www.nasikonlineg.com,1,True
http://www.nasikonlinev.com,1,True
http://www.naasikonline.com,1,True
http://www.na1initalbank.co.in/english/home.aspx,1,True
http://www.nainitalbanbk.co.in/english/home.aspx,1,True
http://www.nasikonlineh.com,1,True
http://www.ncinitalbank.co.in/english/home.aspx,1,True
http://www.nainitalbajnk.co.in/english/home.aspx,1,True
http://www.nasikonlineo.com,1,True
http://www.nasikonilne.com#warning,1,True
http://www.nainitaolbank.co.in/english/home.aspx,1,True
http://www.nainitalvbank.co.in/english/home.aspx,1,True
http://www.nainitalrank.co.in/english/home.aspx,1,True
http://www.nqinitalbank.co.in/english/home.aspx,1,True
http://www.nsainitalbank.co.in/english/home.aspx,1,True
http://www.nainitalbsank.co.in/english/home.aspx,1,True
http://www.nainitalbanmk.co.in/english/home.aspx,1,True
http://www.nasikonlina.com,1,True
http://www.nasikonljine.com,1,True
http://www.nasikonlinee.com,1,True
http://www.nasikonlinne.com,1,True
http://www.nassikonline.com,1,True
http://www.nainitalgbank.co.in/english/home.aspx,1,True
http://www.nasikonlane.com,1,True
http://www.n.asikonline.com,1,True
http://www.nainetalbank.co.in/english/home.aspx,1,True
http://www.nasiknoline.com#warning,1,True
http://www.na3ikonline.com,1,True
http://www.nasikonlione.com,1,True
http://www.nasikonlinek.com,1,True
http://www.nasikomnline.com,1,True
http://www.nasikonlines.com,1,True
http://www.nasikonlineo.com,1,True
http://www.nasikonliine.com,1,True
http://www.n.asikonline.com,1,True
http://www.n-ainitalbank.co.in/english/home.aspx,1,True
http://www.nasikonlineq.com,1,True
http://www.naionitalbank.co.in/english/home.aspx,1,True
http://www.nainitahbank.co.in/english/home.aspx,1,True
http://www.nasikonlinef.com,1,True
http://www.nassikonline.com,1,True
http://www.nnainitalbank.co.in/english/home.aspx,1,True
http://www.na8initalbank.co.in/english/home.aspx,1,True
http://www.nainitfalbank.co.in/english/home.aspx,1,True
http://www.nasikonkline.com,1,True
http://www.nainitclbank.co.in/english/home.aspx,1,True
http://www.nnasikonline.com,1,True
http://www.nasik9online.com,1,True
http://www.nailitalbank.co.in/english/home.aspx,1,True
http://www.nasikonlined.com,1,True
http://www.nasikonlinel.com,1,True
http://www.nasikonlimne.com,1,True
http://www.nasikon1ine.com,1,True
http://www.naskikonline.com,1,True
http://www.nasikonline-nasikonline.com,1,True
http://www.ansikonline.com#warning,1,True
http://www.nainitalbawnk.co.in/english/home.aspx,1,True
http://www.nainitalbaok.co.in/english/home.aspx,1,True
http://www.nzainitalbank.co.in/english/home.aspx,1,True
http://www.nainitalbalk.co.in/english/home.aspx,1,True
http://www.nainitwalbank.co.in/english/home.aspx,1,True
http://www.nsaikonline.com#warning,1,True
http://www.nainityalbank.co.in/english/home.aspx,1,True
http://www.nainigtalbank.co.in/english/home.aspx,1,True
http://www.nainitalbqnk.co.in/english/home.aspx,1,True
http://www.nsikonline.com,1,True
http://www.nainhitalbank.co.in/english/home.aspx,1,True
http://www.nasikonlinne.com,1,True
http://www.naiunitalbank.co.in/english/home.aspx,1,True
http://www.nasikonlinee.com,1,True
http://www.nasikonlife.com,1,True
http://www.nasykonline.com,1,True
http://www.nainitalbani.co.in/english/home.aspx,1,True
http://www.n2asikonline.com,1,True
http://www.nasikonlne.com,1,True
http://www.nasikonli8ne.com,1,True
http://www.nasikonliner.com,1,True
http://www.naskkonline.com,1,True
http://www.na2initalbank.co.in/english/home.aspx,1,True
http://www.nasikenline.com,1,True
http://www.narikonline.com,1,True
http://www.nainitalnbank.co.in/english/home.aspx,1,True
http://www.naini4albank.co.in/english/home.aspx,1,True
http://www.nahnitalbank.co.in/english/home.aspx,1,True
http://www.nainit1albank.co.in/english/home.aspx,1,True
http://www.nesikonline.com,1,True
http://www.nasikonlinem.com,1,True
http://www.nasikonlkne.com,1,True
http://www.nasikonli9ne.com,1,True
http://www.nasikonhline.com,1,True
http://www.nasikonliney.com,1,True
http://www.nasikonmline.com,1,True
http://www.nisikonline.com,1,True
http://www.nasekonline.com,1,True
http://www.n-asikonline.com,1,True
http://www.nainitalbabnk.co.in/english/home.aspx,1,True
http://www.nasiionline.com,1,True
http://www.nainitalbanj.co.in/english/home.aspx,1,True
http://www.nainitalbank-nainitalbank.co.in/english/home.aspx,1,True
http://www.nasikonlineb.com,1,True
http://www.nasikonlines.com,1,True
http://www.nasikonlined.com,1,True
http://www.nasikonlibne.com,1,True
http://www.nasijkonline.com,1,True
http://www.nasikonbline.com,1,True
http://www.nainitaalbank.co.in/english/home.aspx,1,True
http://www.na1sikonline.com,1,True
http://www.nasikonlinea.com,1,True
http://www.nasikonlien.com#warning,1,True
http://www.nasikanline.com,1,True
http://www.nas-ikonline.com,1,True
http://www.nasikonlineq.com,1,True
http://www.nasikonlinej.com,1,True
http://www.nasikinline.com,1,True
http://www.nasikmnline.com,1,True
http://www.nainitalbanjk.co.in/english/home.aspx,1,True
http://www.nasikonlinec.com,1,True
http://www.nasakonline.com,1,True
http://www.nasikonliner.com,1,True
http://www.nawikonline.com,1,True
http://www.nasikonlinep.com,1,True
http://www.nasikonlinew.com,1,True
http://www.nsasikonline.com,1,True
http://www.nosikonline.com,1,True
http://www.nasikonlune.com,1,True
http://www.nasikonoline.com,1,True
http://www.nasaikonline.com,1,True
http://www.nasik0online.com,1,True
http://www.nasikgnline.com,1,True
http://www.nasukonline.com,1,True
http://www.nasikunline.com,1,True
http://www.nqsikonline.com,1,True
http://www.nasikonnline.com,1,True
http://www.nas9ikonline.com,1,True
http://www.nasiko0nline.com,1,True
http://www.nasiconline.com,1,True
http://www.nasikonlnie.com#warning,1,True
http://www.nainhtalbank.co.in/english/home.aspx,1,True
http://www.lainitalbank.co.in/english/home.aspx,1,True
http://www.nacikonline.com,1,True
http://www.nasikonlene.com,1,True
http://www.nasuikonline.com,1,True
http://www.nasikonlineb.com,1,True
http://www.nasikonpline.com,1,True
http://www.nasikonlinef.com,1,True
http://www.nasmkonline.com,1,True
http://www.nasikonlihne.com,1,True
http://www.nasekonline.com,1,True
http://www.nasiknnline.com,1,True
http://www.nqasikonline.com,1,True
http://www.nesikonline.com,1,True
http://www.nasikonhine.com,1,True
http://www.nosikonline.com,1,True
http://www.nainitalbafk.co.in/english/home.aspx,1,True
http://www.nasikolnline.com,1,True
http://www.nasikonlpine.com,1,True
http://www.nasikonlinew.com,1,True
http://www.nasikonlije.com,1,True
http://www.nasikunline.com,1,True
http://www.nasikonling.com,1,True
http://www.nasikanline.com,1,True
http://www.nasikolline.com,1,True
http://www.nazinitalbank.co.in/english/home.aspx,1,True
http://www.naysikonline.com,1,True
http://www.nasilkonline.com,1,True
http://www.nasikonlhne.com,1,True
http://www.nasikonlina.com,1,True
http://www.nasokonline.com,1,True
http://www.nashkonline.com,1,True
http://www.nasikonlinen.com,1,True
http://www.fasikonline.com,1,True
http://www.nasikonlinem.com,1,True
http://www.nasikonlinec.com,1,True
http://www.nasakonline.com,1,True
http://www.na2sikonline.com,1,True
http://www.nasikonlini.com,1,True
http://www.nasikooline.com,1,True
http://www.nasikofline.com,1,True
http://www.nasikonlinu.com,1,True
http://www.nasikonliine.com,1,True
http://www.nasikonliney.com,1,True
http://www.nasikonlinu.com,1,True
http://www.naqikonline.com,1,True
http://www.nainidalbank.co.in/english/home.aspx,1,True
http://www.nasikmonline.com,1,True
http://www.nainitalbaznk.co.in/english/home.aspx,1,True
http://www.nasikonine.com,1,True
http://www.nasikonlin-e.com,1,True
http://www.jainitalbank.co.in/english/home.aspx,1,True
http://www.nasoikonline.com,1,True
http://www.nasikobnline.com,1,True
http://www.nainitalcank.co.in/english/home.aspx,1,True
http://www.nasikenline.com,1,True
http://www.nasikonlinez.com,1,True
http://www.nasikon-line.com,1,True
http://www.nasikonlune.com,1,True
http://www.nasiklonline.com,1,True
http://www.nasikonlinex.com,1,True
http://www.nzasikonline.com,1,True
http://www.nasukonline.com,1,True
http://www.nasikojline.com,1,True
http://www.naqsikonline.com,1,True
http://www.nasikonlinej.com,1,True
http://www.nasikonlioe.com,1,True
http://www.nasikonlinea.com,1,True
http://www.na-sikonline.com,1,True
http://www.nasokonline.com,1,True
http://www.nainitalbajk.co.in/english/home.aspx,1,True
http://www.nasxikonline.com,1,True
http://www.nasikonl9ine.com,1,True
http://www.nasikonlikne.com,1,True
http://www.nasikonlyne.com,1,True
http://www.nusikonline.com,1,True
http://www.nainitaylbank.co.in/english/home.aspx,1,True
http://www.ninitalbank.co.in/english/home.aspx,1,True
http://www.nasikon1ine.com,1,True
http://www.nasikonlinez.com,1,True
http://www.naxsikonline.com,1,True
http://www.nasikionline.com,1,True
http://www.nasikponline.com,1,True
http://www.nainytalbank.co.in/english/home.aspx,1,True
http://www.nasikojnline.com,1,True
http://www.nasikonlinje.com,1,True
http://www.nasioonline.com,1,True
http://www.nasi9konline.com,1,True
http://www.nasqikonline.com,1,True
http://www.oasikonline.com,1,True
http://www.nasikinline.com,1,True
http://www.nasikonlind.com,1,True
http://www.nasikonlino.com,1,True
http://www.nisikonline.com,1,True
http://www.nasikonlini.com,1,True
http://www.nasijonline.com,1,True
http://www.nasikonlene.com,1,True
http://www.jasikonline.com,1,True
http://www.nazsikonline.com,1,True
http://www.nasikoline.com,1,True
http://www.naskionline.com#warning,1,True
http://www.nasikonlmne.com,1,True
http://www.nasikonlane.com,1,True
http://www.nasi-konline.com,1,True
http://www.nadsikonline.com,1,True
http://www.nasikonlie.com,1,True
http://www.naskonline.com,1,True
http://www.naszikonline.com,1,True
http://www.nwasikonline.com,1,True
http://www.nasikonl8ine.com,1,True
http://www.nasikohnline.com,1,True
http://www.n1asikonline.com,1,True
http://www.nasimkonline.com,1,True
http://www.nasdikonline.com,1,True
http://www.naswikonline.com,1,True
http://www.nasikolnine.com#warning,1,True
http://www.nasikonlinhe.com,1,True
http://www.nasikknline.com,1,True
http://www.nasikonnine.com,1,True
http://www.naiskonline.com#warning,1,True
http://www.nasikonloine.com,1,True
http://www.nainitalbano.co.in/english/home.aspx,1,True
http://www.nasikonlino.com,1,True
http://www.nainita.lbank.co.in/english/home.aspx,1,True
http://www.nasikjonline.com,1,True
http://www.nasikonlinen.com,1,True
http://www.nasikonlinm.com,1,True
http://www.nainitqlbank.co.in/english/home.aspx,1,True
http://www.nasikkonline.com,1,True
http://www.nasikonlile.com,1,True
http://www.nasikonliune.com,1,True
http://www.nasikondine.com,1,True
http://www.nusikonline.com,1,True
http://www.nasiokonline.com,1,True
http://www.nawsikonline.com,1,True
http://www.nas8ikonline.com,1,True
http://www.nasikonlinbe.com,1,True
http://www.nai8nitalbank.co.in/english/home.aspx,1,True
http://www.nasjikonline.com,1,True
http://www.nasikonlinex.com,1,True
http://www.nasikonl-ine.com,1,True
http://www.nasiikonline.com,1,True
http://www.nasikonluine.com,1,True
http://www.n.asikonline.com,1,True
http://www.nainiutalbank.co.in/english/home.aspx,1,True
http://www.nainipalbank.co.in/english/home.aspx,1,True
http://www.naibnitalbank.co.in/english/home.aspx,1,True
http://www.nainitalba1nk.co.in/english/home.aspx,1,True
http://www.naijitalbank.co.in/english/home.aspx,1,True
http://www.nasikonlinev.com,1,True
http://www.nasikonlinek.com,1,True
http://www.fainitalbank.co.in/english/home.aspx,1,True
http://www.nasikonlinep.com,1,True
http://www.na9initalbank.co.in/english/home.aspx,1,True
http://www.nai-nitalbank.co.in/english/home.aspx,1,True
http://www.naknitalbank.co.in/english/home.aspx,1,True
http://www.nasikonlineg.com,1,True
http://www.nainitalbcnk.co.in/english/home.aspx,1,True
http://www.nasikonlinei.com,1,True
http://www.nasikonlkine.com,1,True
http://www.nasiikonline.com,1,True
http://www.nasikonlinet.com,1,True
http://www.nasikonlineu.com,1,True
http://www.nasiko-nline.com,1,True
http://www.naseikonline.com,1,True
http://www.nasikonlone.com,1,True
http://www.nasikonlmine.com,1,True
http://www.oainitalbank.co.in/english/home.aspx,1,True
http://www.nasikonlinel.com,1,True
http://www.nasikonlineu.com,1,True
http://www.nasioknline.com#warning,1,True
http://www.nainitaklbank.co.in/english/home.aspx,1,True
http://www.nasikonIine.com,1,True
http://www.nasikonlinei.com,1,True
http://www.namnitalbank.co.in/english/home.aspx,1,True
http://www.nasikoinline.com,1,True
http://www.nyasikonline.com,1,True
http://www.ncsikonline.com,1,True
http://www.nasiukonline.com,1,True
http://www.nasikonmine.com,1,True
http://www.nasikonli-ne.com,1,True
http://www.nasiko9nline.com,1,True
http://www.naesikonline.com,1,True
http://www.nasik-online.com,1,True
http://www.nasikonlinet.com,1,True
http://www.nasikopnline.com,1,True
http://www.nasi8konline.com,1,True
http://www.nasiknline.com,1,True
http://www.naifitalbank.co.in/english/home.aspx,1,True
http://www.nasikonlone.com,1,True
http://www.nasikonIine.com,1,True
http://www.nasyikonline.com,1,True
http://www.nasikonlinme.com,1,True
http://www.nasikonjline.com,1,True
http://www.nasikonlijne.com,1,True
http://www.nasikonmline.com,1,True
http://www.nasikoinline.com,1,True
http://www.nasikonlihne.com,1,True
http://www.n2asikonline.com,1,True
http://www.nasikgnline.com,1,True
http://www.nsikonline.com,1,True
http://www.nasikoline.com,1,True
http://www.nawsikonline.com,1,True
http://www.nasikonhline.com,1,True
http://www.nasikonluine.com,1,True
http://www.nasikomnline.com,1,True
http://www.nasikonlin.com,1,True
http://www.nawikonline.com,1,True
http://www.nasikonlinme.com,1,True
http://www.nasikjonline.com,1,True
http://www.nasijkonline.com,1,True
http://www.nasaikonline.com,1,True
http://www.nasikojline.com,1,True
http://www.nasikonlinbe.com,1,True
http://www.nasikonlife.com,1,True
http://www.nasikonlyne.com,1,True
http://www.nasikonlione.com,1,True
http://www.nasikondine.com,1,True
http://www.nasiko-nline.com,1,True
http://www.nqasikonline.com,1,True
http://www.naesikonline.com,1,True
http://www.nasikmonline.com,1,True
http://www.nasikonlkine.com,1,True
http://www.naqikonline.com,1,True
http://www.nasikonlmine.com,1,True
http://www.nasiko9nline.com,1,True
http://www.nasikonjline.com,1,True
http://www.nasikonlije.com,1,True
http://www.nasikonpline.com,1,True
http://www.nasik9online.com,1,True
http://www.na3ikonline.com,1,True
http://www.nasikohnline.com,1,True
http://www.nasikobnline.com,1,True
http://www.nasikonlpine.com,1,True
http://www.nasiukonline.com,1,True
http://www.nasdikonline.com,1,True
http://www.nasikoonline.com,1,True
http://www.nasikolnline.com,1,True
http://www.n1asikonline.com,1,True
http://www.nazsikonline.com,1,True
http://www.nasikonlmne.com,1,True
http://www.nasikonlind.com,1,True
http://www.naswikonline.com,1,True
http://www.nasikonlin-e.com,1,True
http://www.nwasikonline.com,1,True
http://www.nasiionline.com,1,True
http://www.nasikonlne.com,1,True
http://www.naqsikonline.com,1,True
http://www.nasikonlile.com,1,True
http://www.nasiknline.com,1,True
http://www.nnasikonline.com,1,True
http://www.nasikonlimne.com,1,True
http://www.naskonline.com,1,True
http://www.nasikonlkne.com,1,True
http://www.nas9ikonline.com,1,True
http://www.nasikopnline.com,1,True
http://www.nasikonkline.com,1,True
http://www.nasikionline.com,1,True
http://www.nasikoknline.com,1,True
http://www.naikonline.com,1,True
http://www.nasikonine.com,1,True
http://www.nasiokonline.com,1,True
http://www.ncsikonline.com,1,True
http://www.nasuikonline.com,1,True
http://www.nzasikonline.com,1,True
http://www.nasikonling.com,1,True
http://www.nasikonl8ine.com,1,True
http://www.nasikonhine.com,1,True
http://www.nasikkonline.com,1,True
http://www.nasikonlinm.com,1,True
http://www.nasikonlioe.com,1,True
http://www.naskikonline.com,1,True
http://www.nadsikonline.com,1,True
http://www.nasikonloine.com,1,True
http://www.n-asikonline.com,1,True
http://www.nasikonli8ne.com,1,True
http://www.nasikonnine.com,1,True
http://www.naszikonline.com,1,True
http://www.nasikonl9ine.com,1,True
http://www.nasikonoline.com,1,True
http://www.nashkonline.com,1,True
http://www.nasikooline.com,1,True
http://www.nasikonlijne.com,1,True
http://www.oasikonline.com,1,True
http://www.nasikonlhne.com,1,True
http://www.nasikonlinje.com,1,True
http://www.jasikonline.com,1,True
http://www.nasikonlibne.com,1,True
http://www.nasikonmine.com,1,True
http://www.nasjikonline.com,1,True
http://www.nasiknnline.com,1,True
http://www.nasik-online.com,1,True
http://www.nyasikonline.com,1,True
http://www.nasioonline.com,1,True
http://www.naysikonline.com,1,True
http://www.nasxikonline.com,1,True
http://www.nqsikonline.com,1,True
http://www.nasikonlline.com,1,True
http://www.nasikonli9ne.com,1,True
http://www.nasikon-line.com,1,True
http://www.nasikonliune.com,1,True
http://www.naasikonline.com,1,True
http://www.nasi-konline.com,1,True
http://www.nasiconline.com,1,True
http://www.nasikponline.com,1,True
http://www.nasijonline.com,1,True
http://www.nasyikonline.com,1,True
http://www.nas-ikonline.com,1,True
http://www.na-sikonline.com,1,True
http://www.naxsikonline.com,1,True
http://www.nasikonl-ine.com,1,True
http://www.nasiko0nline.com,1,True
http://www.nasi9konline.com,1,True
http://www.naskkonline.com,1,True
http://www.naseikonline.com,1,True
http://www.nasikonli-ne.com,1,True
http://www.nasikonline-nasikonline.com,1,True
http://www.nasqikonline.com,1,True
http://www.nasilkonline.com,1,True
http://www.nas8ikonline.com,1,True
http://www.nasikonljine.com,1,True
http://www.nasikmnline.com,1,True
http://www.na1sikonline.com,1,True
http://www.nasik0online.com,1,True
http://www.nasi8konline.com,1,True
http://www.na2sikonline.com,1,True
http://www.nasimkonline.com,1,True
http://www.n.asikonline.com,1,True
http://www.nasikofline.com,1,True
http://www.nasiklonline.com,1,True
http://www.narikonline.com,1,True
http://www.nasikolline.com,1,True
http://www.nasikonlikne.com,1,True
http://www.nasikonlie.com,1,True
http://www.nacikonline.com,1,True
http://www.nasykonline.com,1,True
http://www.nasikknline.com,1,True
http://www.nasikonlinhe.com,1,True
http://www.nasmkonline.com,1,True
http://www.nsasikonline.com,1,True
http://www.fasikonline.com,1,True
http://www.nasoikonline.com,1,True
http://www.nasikonbline.com,1,True
http://www.nasikojnline.com,1,True
http://www.adelaideballina.edu.au,1,True
http://www.ballinaadelaide.edu.au,1,True
http://www.melboune-adelaide.edu.au,1,True
http://www.adelaide-melboune.edu.au,1,True
http://www.adelaidemelboune.edu.au,1,True
http://www.melbouneadelaide.edu.au,1,True
http://www.chadstone-adelaide.edu.au,1,True
http://www.adelaide-chadstone.edu.au,1,True
http://www.adelaidechadstone.edu.au,1,True
http://www.chadstoneadelaide.edu.au,1,True
http://www.mornington-adelaide.edu.au,1,True
http://www.adelaide-mornington.edu.au,1,True
http://www.adelaidemornington.edu.au,1,True
http://www.morningtonadelaide.edu.au,1,True
http://www.bundaberg-adelaide.edu.au,1,True
http://www.adelaide-bundaberg.edu.au,1,True
http://www.adelaidebundaberg.edu.au,1,True
http://www.bundabergadelaide.edu.au,1,True
http://www.perth-adelaide.edu.au,1,True
http://www.adelaide-perth.edu.au,1,True
http://www.adelaideperth.edu.au,1,True
http://www.perthadelaide.edu.au,1,True
http://www.australian-adelaide.edu.au,1,True
http://www.adelaide-australian.edu.au,1,True
http://www.adelaideaustralian.edu.au,1,True
http://www.australianadelaide.edu.au,1,True
http://www.taupo-adelaide.edu.au,1,True
http://www.adelaide-taupo.edu.au,1,True
http://www.adelaidetaupo.edu.au,1,True
http://www.taupoadelaide.edu.au,1,True
http://www.montrose-adelaide.edu.au,1,True
http://www.adelaide-montrose.edu.au,1,True
http://www.adelaidemontrose.edu.au,1,True
http://www.montroseadelaide.edu.au,1,True
http://www.caulfield-adelaide.edu.au,1,True
http://www.adelaide-caulfield.edu.au,1,True
http://www.adelaidecaulfield.edu.au,1,True
http://www.caulfieldadelaide.edu.au,1,True
http://www.exeter-adelaide.edu.au,1,True
http://www.adelaide-exeter.edu.au,1,True
http://www.adelaideexeter.edu.au,1,True
http://www.exeteradelaide.edu.au,1,True
http://www.prahran-adelaide.edu.au,1,True
http://www.adelaide-prahran.edu.au,1,True
http://www.adelaideprahran.edu.au,1,True
http://www.prahranadelaide.edu.au,1,True
http://www.melbourne-adelaide.edu.au,1,True
http://www.adelaide-melbourne.edu.au,1,True
http://www.adelaidemelbourne.edu.au,1,True
http://www.melbourneadelaide.edu.au,1,True
http://www.bronwyn-adelaide.edu.au,1,True
http://www.adelaide-bronwyn.edu.au,1,True
http://www.adelaidebronwyn.edu.au,1,True
http://www.bronwynadelaide.edu.au,1,True
http://www.seattle-adelaide.edu.au,1,True
http://www.adelaide-seattle.edu.au,1,True
http://www.adelaideseattle.edu.au,1,True
http://www.seattleadelaide.edu.au,1,True
http://www.dartford-adelaide.edu.au,1,True
http://www.adelaide-dartford.edu.au,1,True
http://www.adelaidedartford.edu.au,1,True
http://www.dartfordadelaide.edu.au,1,True
http://www.calgary-adelaide.edu.au,1,True
http://www.adelaide-calgary.edu.au,1,True
http://www.adelaidecalgary.edu.au,1,True
http://www.calgaryadelaide.edu.au,1,True
http://www.nsw-adelaide.edu.au,1,True
http://www.adelaide-nsw.edu.au,1,True
http://www.adelaidensw.edu.au,1,True
http://www.nswadelaide.edu.au,1,True
http://www.thornbury-adelaide.edu.au,1,True
http://www.adelaide-thornbury.edu.au,1,True
http://www.adelaidethornbury.edu.au,1,True
http://www.thornburyadelaide.edu.au,1,True
http://www.charlotte-adelaide.edu.au,1,True
http://www.adelaide-charlotte.edu.au,1,True
http://www.adelaidecharlotte.edu.au,1,True
http://www.charlotteadelaide.edu.au,1,True
http://www.radelaide-adelaide.edu.au,1,True
http://www.adelaide-radelaide.edu.au,1,True
http://www.adelaideradelaide.edu.au,1,True
http://www.radelaideadelaide.edu.au,1,True
http://www.chicago-adelaide.edu.au,1,True
http://www.adelaide-chicago.edu.au,1,True
http://www.adelaidechicago.edu.au,1,True
http://www.chicagoadelaide.edu.au,1,True
http://www.redhill-adelaide.edu.au,1,True
http://www.adelaide-redhill.edu.au,1,True
http://www.adelaideredhill.edu.au,1,True
http://www.redhilladelaide.edu.au,1,True
http://www.bournemouth-adelaide.edu.au,1,True
http://www.adelaide-bournemouth.edu.au,1,True
http://www.adelaidebournemouth.edu.au,1,True
http://www.bournemouthadelaide.edu.au,1,True
http://www.ashfield-adelaide.edu.au,1,True
http://www.adelaide-ashfield.edu.au,1,True
http://www.adelaideashfield.edu.au,1,True
http://www.ashfieldadelaide.edu.au,1,True
http://www.indianapolis-adelaide.edu.au,1,True
http://www.adelaide-indianapolis.edu.au,1,True
http://www.adelaideindianapolis.edu.au,1,True
http://www.indianapolisadelaide.edu.au,1,True
http://www.annandale-adelaide.edu.au,1,True
http://www.adelaide-annandale.edu.au,1,True
http://www.adelaideannandale.edu.au,1,True
http://www.annandaleadelaide.edu.au,1,True
http://www.mitcham-adelaide.edu.au,1,True
http://www.adelaide-mitcham.edu.au,1,True
http://www.adelaidemitcham.edu.au,1,True
http://www.mitchamadelaide.edu.au,1,True
http://www.leamington-adelaide.edu.au,1,True
http://www.adelaide-leamington.edu.au,1,True
http://www.adelaideleamington.edu.au,1,True
http://www.leamingtonadelaide.edu.au,1,True
http://www.durban-adelaide.edu.au,1,True
http://www.adelaide-durban.edu.au,1,True
http://www.adelaidedurban.edu.au,1,True
http://www.durbanadelaide.edu.au,1,True
http://www.stanmore-adelaide.edu.au,1,True
http://www.adelaide-stanmore.edu.au,1,True
http://www.adelaidestanmore.edu.au,1,True
http://www.stanmoreadelaide.edu.au,1,True
http://www.camberwell-adelaide.edu.au,1,True
http://www.adelaide-camberwell.edu.au,1,True
http://www.adelaidecamberwell.edu.au,1,True
http://www.camberwelladelaide.edu.au,1,True
http://www.coolum-adelaide.edu.au,1,True
http://www.adelaide-coolum.edu.au,1,True
http://www.adelaidecoolum.edu.au,1,True
http://www.coolumadelaide.edu.au,1,True
http://www.queenstown-adelaide.edu.au,1,True
http://www.adelaide-queenstown.edu.au,1,True
http://www.adelaidequeenstown.edu.au,1,True
http://www.queenstownadelaide.edu.au,1,True
http://www.tasmania-adelaide.edu.au,1,True
http://www.adelaide-tasmania.edu.au,1,True
http://www.adelaidetasmania.edu.au,1,True
http://www.tasmaniaadelaide.edu.au,1,True
http://www.denver-adelaide.edu.au,1,True
http://www.adelaide-denver.edu.au,1,True
http://www.adelaidedenver.edu.au,1,True
http://www.denveradelaide.edu.au,1,True
http://www.southbank-adelaide.edu.au,1,True
http://www.adelaide-southbank.edu.au,1,True
http://www.adelaidesouthbank.edu.au,1,True
http://www.southbankadelaide.edu.au,1,True
http://www.edmonton-adelaide.edu.au,1,True
http://www.adelaide-edmonton.edu.au,1,True
http://www.adelaideedmonton.edu.au,1,True
http://www.edmontonadelaide.edu.au,1,True
http://www.kalgoorlie-adelaide.edu.au,1,True
http://www.adelaide-kalgoorlie.edu.au,1,True
http://www.adelaidekalgoorlie.edu.au,1,True
http://www.kalgoorlieadelaide.edu.au,1,True
http://www.huddersfield-adelaide.edu.au,1,True
http://www.adelaide-huddersfield.edu.au,1,True
http://www.adelaidehuddersfield.edu.au,1,True
http://www.huddersfieldadelaide.edu.au,1,True
http://www.kirra-adelaide.edu.au,1,True
http://www.adelaide-kirra.edu.au,1,True
http://www.adelaidekirra.edu.au,1,True
http://www.kirraadelaide.edu.au,1,True
http://www.middlesbrough-adelaide.edu.au,1,True
http://www.adelaide-middlesbrough.edu.au,1,True
http://www.adelaidemiddlesbrough.edu.au,1,True
http://www.middlesbroughadelaide.edu.au,1,True
http://www.essex-adelaide.edu.au,1,True
http://www.adelaide-essex.edu.au,1,True
http://www.adelaideessex.edu.au,1,True
http://www.essexadelaide.edu.au,1,True
http://www.dubai-adelaide.edu.au,1,True
http://www.adelaide-dubai.edu.au,1,True
http://www.adelaidedubai.edu.au,1,True
http://www.dubaiadelaide.edu.au,1,True
http://www.broomfield-adelaide.edu.au,1,True
http://www.adelaide-broomfield.edu.au,1,True
http://www.adelaidebroomfield.edu.au,1,True
http://www.broomfieldadelaide.edu.au,1,True
http://www.adela-adelaide.edu.au,1,True
http://www.adelaide-adela.edu.au,1,True
http://www.adelaideadela.edu.au,1,True
http://www.adelaadelaide.edu.au,1,True
http://www.folkestone-adelaide.edu.au,1,True
http://www.adelaide-folkestone.edu.au,1,True
http://www.adelaidefolkestone.edu.au,1,True
http://www.folkestoneadelaide.edu.au,1,True
http://www.kimberley-adelaide.edu.au,1,True
http://www.adelaide-kimberley.edu.au,1,True
http://www.adelaidekimberley.edu.au,1,True
http://www.kimberleyadelaide.edu.au,1,True
http://www.newlands-adelaide.edu.au,1,True
http://www.adelaide-newlands.edu.au,1,True
http://www.adelaidenewlands.edu.au,1,True
http://www.newlandsadelaide.edu.au,1,True
http://www.macquarie-adelaide.edu.au,1,True
http://www.adelaide-macquarie.edu.au,1,True
http://www.adelaidemacquarie.edu.au,1,True
http://www.macquarieadelaide.edu.au,1,True
http://www.granbury-adelaide.edu.au,1,True
http://www.adelaide-granbury.edu.au,1,True
http://www.adelaidegranbury.edu.au,1,True
http://www.granburyadelaide.edu.au,1,True
http://www.vancouver-adelaide.edu.au,1,True
http://www.adelaide-vancouver.edu.au,1,True
http://www.adelaidevancouver.edu.au,1,True
http://www.vancouveradelaide.edu.au,1,True
http://www.broome-adelaide.edu.au,1,True
http://www.adelaide-broome.edu.au,1,True
http://www.adelaidebroome.edu.au,1,True
http://www.broomeadelaide.edu.au,1,True
http://www.wallington-adelaide.edu.au,1,True
http://www.adelaide-wallington.edu.au,1,True
http://www.adelaidewallington.edu.au,1,True
http://www.wallingtonadelaide.edu.au,1,True
http://www.stratford-adelaide.edu.au,1,True
http://www.adelaide-stratford.edu.au,1,True
http://www.adelaidestratford.edu.au,1,True
http://www.stratfordadelaide.edu.au,1,True
http://www.millington-adelaide.edu.au,1,True
http://www.adelaide-millington.edu.au,1,True
http://www.adelaidemillington.edu.au,1,True
http://www.millingtonadelaide.edu.au,1,True
http://www.adelaide.canberra.edu.au,1,True
http://www.adelaide.canberra.edu.au,1,True
http://www.adelaide.newcastle.edu.au,1,True
http://www.adelaide.newcastle.edu.au,1,True
http://www.adelaide.bunbury.edu.au,1,True
http://www.adelaide.bunbury.edu.au,1,True
http://www.adelaide.toowoomba.edu.au,1,True
http://www.adelaide.toowoomba.edu.au,1,True
http://www.adelaide.coogee.edu.au,1,True
http://www.adelaide.coogee.edu.au,1,True
http://www.adelaide.queensland.edu.au,1,True
http://www.adelaide.queensland.edu.au,1,True
http://www.adelaide.melbs.edu.au,1,True
http://www.adelaide.melbs.edu.au,1,True
http://www.adelaide.fitzroy.edu.au,1,True
http://www.adelaide.fitzroy.edu.au,1,True
http://www.adelaide.albury.edu.au,1,True
http://www.adelaide.albury.edu.au,1,True
http://www.adelaide.devonport.edu.au,1,True
http://www.adelaide.devonport.edu.au,1,True
http://www.adelaide.bathurst.edu.au,1,True
http://www.adelaide.bathurst.edu.au,1,True
http://www.adelaide.collingwood.edu.au,1,True
http://www.adelaide.collingwood.edu.au,1,True
http://www.adelaide.highgate.edu.au,1,True
http://www.adelaide.highgate.edu.au,1,True
http://www.adelaide.dublin.edu.au,1,True
http://www.adelaide.dublin.edu.au,1,True
http://www.adelaide.dubbo.edu.au,1,True
http://www.adelaide.dubbo.edu.au,1,True
http://www.adelaide.brighton.edu.au,1,True
http://www.adelaide.brighton.edu.au,1,True
http://www.adelaide.geelong.edu.au,1,True
http://www.adelaide.geelong.edu.au,1,True
http://www.adelaide.footscray.edu.au,1,True
http://www.adelaide.footscray.edu.au,1,True
http://www.adelaide.austin.edu.au,1,True
http://www.adelaide.austin.edu.au,1,True
http://www.adelaide.pyrmont.edu.au,1,True
http://www.adelaide.pyrmont.edu.au,1,True
http://www.adelaide.houston.edu.au,1,True
http://www.adelaide.houston.edu.au,1,True
http://www.adelaide.guildford.edu.au,1,True
http://www.adelaide.guildford.edu.au,1,True
http://www.adelaide.edinburgh.edu.au,1,True
http://www.adelaide.edinburgh.edu.au,1,True
http://www.adelaide.maitland.edu.au,1,True
http://www.adelaide.maitland.edu.au,1,True
http://www.adelaide.blacktown.edu.au,1,True
http://www.adelaide.blacktown.edu.au,1,True
http://www.adelaide.brissy.edu.au,1,True
http://www.adelaide.brissy.edu.au,1,True
http://www.adelaide.parramatta.edu.au,1,True
http://www.adelaide.parramatta.edu.au,1,True
http://www.adelaide.birkenhead.edu.au,1,True
http://www.adelaide.birkenhead.edu.au,1,True
http://www.adelaide.robina.edu.au,1,True
http://www.adelaide.robina.edu.au,1,True
http://www.adelaide.austraila.edu.au,1,True
http://www.adelaide.austraila.edu.au,1,True
http://www.adelaide.aberdeen.edu.au,1,True
http://www.adelaide.aberdeen.edu.au,1,True
http://www.adelaide.darlinghurst.edu.au,1,True
http://www.adelaide.darlinghurst.edu.au,1,True
http://www.adelaide.katoomba.edu.au,1,True
http://www.adelaide.katoomba.edu.au,1,True
http://www.adelaide.london.edu.au,1,True
http://www.adelaide.london.edu.au,1,True
http://www.adelaide.rockingham.edu.au,1,True
http://www.adelaide.rockingham.edu.au,1,True
http://www.adelaide.auckland.edu.au,1,True
http://www.adelaide.auckland.edu.au,1,True
http://www.adelaide.mandurah.edu.au,1,True
http://www.adelaide.mandurah.edu.au,1,True
http://www.adelaide.dunedin.edu.au,1,True
http://www.adelaide.dunedin.edu.au,1,True
http://www.adelaide.lambton.edu.au,1,True
http://www.adelaide.lambton.edu.au,1,True
http://www.adelaide.gateshead.edu.au,1,True
http://www.adelaide.gateshead.edu.au,1,True
http://www.adelaide.brisbane.edu.au,1,True
http://www.adelaide.brisbane.edu.au,1,True
http://www.adelaide.cardiff.edu.au,1,True
http://www.adelaide.cardiff.edu.au,1,True
http://www.adelaide.southport.edu.au,1,True
http://www.adelaide.southport.edu.au,1,True
http://www.adelaide.bendigo.edu.au,1,True
http://www.adelaide.bendigo.edu.au,1,True
http://www.adelaide.rotorua.edu.au,1,True
http://www.adelaide.rotorua.edu.au,1,True
http://www.adelaide.sheffield.edu.au,1,True
http://www.adelaide.sheffield.edu.au,1,True
http://www.adelaide.carlow.edu.au,1,True
http://www.adelaide.carlow.edu.au,1,True
http://www.adelaide.sydney.edu.au,1,True
http://www.adelaide.sydney.edu.au,1,True
http://www.adelaide.johannesburg.edu.au,1,True
http://www.adelaide.johannesburg.edu.au,1,True
http://www.adelaide.atlanta.edu.au,1,True
http://www.adelaide.atlanta.edu.au,1,True
http://www.adelaide.chichester.edu.au,1,True
http://www.adelaide.chichester.edu.au,1,True
http://www.adelaide.aberdeenshire.edu.au,1,True
http://www.adelaide.aberdeenshire.edu.au,1,True
http://www.adelaide.toronto.edu.au,1,True
http://www.adelaide.toronto.edu.au,1,True
http://www.adelaide.straya.edu.au,1,True
http://www.adelaide.straya.edu.au,1,True
http://www.adelaide.londonderry.edu.au,1,True
http://www.adelaide.londonderry.edu.au,1,True
http://www.adelaide.singapore.edu.au,1,True
http://www.adelaide.singapore.edu.au,1,True
http://www.adelaide.gosford.edu.au,1,True
http://www.adelaide.gosford.edu.au,1,True
http://www.adelaide.glamorgan.edu.au,1,True
http://www.adelaide.glamorgan.edu.au,1,True
http://www.adelaide.christchurch.edu.au,1,True
http://www.adelaide.christchurch.edu.au,1,True
http://www.adelaide.gippsland.edu.au,1,True
http://www.adelaide.gippsland.edu.au,1,True
http://www.adelaide.aust.edu.au,1,True
http://www.adelaide.aust.edu.au,1,True
http://www.adelaide.mooloolaba.edu.au,1,True
http://www.adelaide.mooloolaba.edu.au,1,True
http://www.adelaide.goulburn.edu.au,1,True
http://www.adelaide.goulburn.edu.au,1,True
http://www.adelaide.hobart.edu.au,1,True
http://www.adelaide.hobart.edu.au,1,True
http://www.adelaide.penrith.edu.au,1,True
http://www.adelaide.penrith.edu.au,1,True
http://www.adelaide.australi.edu.au,1,True
http://www.adelaide.australi.edu.au,1,True
http://www.adelaide.rockhampton.edu.au,1,True
http://www.adelaide.rockhampton.edu.au,1,True
http://www.adelaide.cronulla.edu.au,1,True
http://www.adelaide.cronulla.edu.au,1,True
http://www.adelaide.fairfax.edu.au,1,True
http://www.adelaide.fairfax.edu.au,1,True
http://www.adelaide.aberystwyth.edu.au,1,True
http://www.adelaide.aberystwyth.edu.au,1,True
http://www.adelaide.redfern.edu.au,1,True
http://www.adelaide.redfern.edu.au,1,True
http://www.adelaide.chatswood.edu.au,1,True
http://www.adelaide.chatswood.edu.au,1,True
http://www.adelaide.joburg.edu.au,1,True
http://www.adelaide.joburg.edu.au,1,True
http://www.adelaide.dandenong.edu.au,1,True
http://www.adelaide.dandenong.edu.au,1,True
http://www.adelaide.picton.edu.au,1,True
http://www.adelaide.picton.edu.au,1,True
http://www.adelaide.launceston.edu.au,1,True
http://www.adelaide.launceston.edu.au,1,True
http://www.adelaide.busselton.edu.au,1,True
http://www.adelaide.busselton.edu.au,1,True
http://www.adelaide.hallam.edu.au,1,True
http://www.adelaide.hallam.edu.au,1,True
http://www.adelaide.ipswich.edu.au,1,True
http://www.adelaide.ipswich.edu.au,1,True
http://www.adelaide.liverpool.edu.au,1,True
http://www.adelaide.liverpool.edu.au,1,True
http://www.adelaide.ballina.edu.au,1,True
http://www.adelaide.ballina.edu.au,1,True
http://www.adelaide.melboune.edu.au,1,True
http://www.adelaide.melboune.edu.au,1,True
http://www.adelaide.chadstone.edu.au,1,True
http://www.adelaide.chadstone.edu.au,1,True
http://www.adelaide.mornington.edu.au,1,True
http://www.adelaide.mornington.edu.au,1,True
http://www.adelaide.bundaberg.edu.au,1,True
http://www.adelaide.bundaberg.edu.au,1,True
http://www.adelaide.perth.edu.au,1,True
http://www.adelaide.perth.edu.au,1,True
http://www.adelaide.australian.edu.au,1,True
http://www.adelaide.australian.edu.au,1,True
http://www.adelaide.taupo.edu.au,1,True
http://www.adelaide.taupo.edu.au,1,True
http://www.adelaide.montrose.edu.au,1,True
http://www.adelaide.montrose.edu.au,1,True
http://www.adelaide.caulfield.edu.au,1,True
http://www.adelaide.caulfield.edu.au,1,True
http://www.adelaide.exeter.edu.au,1,True
http://www.adelaide.exeter.edu.au,1,True
http://www.adelaide.prahran.edu.au,1,True
http://www.adelaide.prahran.edu.au,1,True
http://www.adelaide.melbourne.edu.au,1,True
http://www.adelaide.melbourne.edu.au,1,True
http://www.adelaide.bronwyn.edu.au,1,True
http://www.adelaide.bronwyn.edu.au,1,True
http://www.adelaide.seattle.edu.au,1,True
http://www.adelaide.seattle.edu.au,1,True
http://www.adelaide.dartford.edu.au,1,True
http://www.adelaide.dartford.edu.au,1,True
http://www.adelaide.calgary.edu.au,1,True
http://www.adelaide.calgary.edu.au,1,True
http://www.adelaide.nsw.edu.au,1,True
http://www.adelaide.nsw.edu.au,1,True
http://www.adelaide.thornbury.edu.au,1,True
http://www.adelaide.thornbury.edu.au,1,True
http://www.adelaide.charlotte.edu.au,1,True
http://www.adelaide.charlotte.edu.au,1,True
http://www.adelaide.radelaide.edu.au,1,True
http://www.adelaide.radelaide.edu.au,1,True
http://www.adelaide.chicago.edu.au,1,True
http://www.adelaide.chicago.edu.au,1,True
http://www.adelaide.redhill.edu.au,1,True
http://www.adelaide.redhill.edu.au,1,True
http://www.adelaide.bournemouth.edu.au,1,True
http://www.adelaide.bournemouth.edu.au,1,True
http://www.adelaide.ashfield.edu.au,1,True
http://www.adelaide.ashfield.edu.au,1,True
http://www.adelaide.indianapolis.edu.au,1,True
http://www.adelaide.indianapolis.edu.au,1,True
http://www.adelaide.annandale.edu.au,1,True
http://www.adelaide.annandale.edu.au,1,True
http://www.adelaide.mitcham.edu.au,1,True
http://www.adelaide.mitcham.edu.au,1,True
http://www.adelaide.leamington.edu.au,1,True
http://www.adelaide.leamington.edu.au,1,True
http://www.adelaide.durban.edu.au,1,True
http://www.adelaide.durban.edu.au,1,True
http://www.adelaide.stanmore.edu.au,1,True
http://www.adelaide.stanmore.edu.au,1,True
http://www.adelaide.camberwell.edu.au,1,True
http://www.adelaide.camberwell.edu.au,1,True
http://www.adelaide.coolum.edu.au,1,True
http://www.adelaide.coolum.edu.au,1,True
http://www.adelaide.queenstown.edu.au,1,True
http://www.adelaide.queenstown.edu.au,1,True
http://www.adelaide.tasmania.edu.au,1,True
http://www.adelaide.tasmania.edu.au,1,True
http://www.adelaide.denver.edu.au,1,True
http://www.adelaide.denver.edu.au,1,True
http://www.adelaide.southbank.edu.au,1,True
http://www.adelaide.southbank.edu.au,1,True
http://www.adelaide.edmonton.edu.au,1,True
http://www.adelaide.edmonton.edu.au,1,True
http://www.adelaide.kalgoorlie.edu.au,1,True
http://www.adelaide.kalgoorlie.edu.au,1,True
http://www.adelaide.huddersfield.edu.au,1,True
http://www.adelaide.huddersfield.edu.au,1,True
http://www.adelaide.kirra.edu.au,1,True
http://www.adelaide.kirra.edu.au,1,True
http://www.adelaide.middlesbrough.edu.au,1,True
http://www.adelaide.middlesbrough.edu.au,1,True
http://www.adelaide.essex.edu.au,1,True
http://www.adelaide.essex.edu.au,1,True
http://www.adelaide.dubai.edu.au,1,True
http://www.adelaide.dubai.edu.au,1,True
http://www.adelaide.broomfield.edu.au,1,True
http://www.adelaide.broomfield.edu.au,1,True
http://www.adelaide.adela.edu.au,1,True
http://www.adelaide.adela.edu.au,1,True
http://www.adelaide.folkestone.edu.au,1,True
http://www.adelaide.folkestone.edu.au,1,True
http://www.adelaide.kimberley.edu.au,1,True
http://www.adelaide.kimberley.edu.au,1,True
http://www.adelaide.newlands.edu.au,1,True
http://www.adelaide.newlands.edu.au,1,True
http://www.adelaide.macquarie.edu.au,1,True
http://www.adelaide.macquarie.edu.au,1,True
http://www.adelaide.granbury.edu.au,1,True
http://www.adelaide.granbury.edu.au,1,True
http://www.adelaide.vancouver.edu.au,1,True
http://www.adelaide.vancouver.edu.au,1,True
http://www.adelaide.broome.edu.au,1,True
http://www.adelaide.broome.edu.au,1,True
http://www.adelaide.wallington.edu.au,1,True
http://www.adelaide.wallington.edu.au,1,True
http://www.adelaide.stratford.edu.au,1,True
http://www.adelaide.stratford.edu.au,1,True
http://www.adelaide.millington.edu.au,1,True
http://www.adelaide.millington.edu.au,1,True
http://www.adelaide-adelaide.edu.au,1,True
http://www.adelaidea.edu.au,1,True
http://www.adelaideb.edu.au,1,True
http://www.adelaidec.edu.au,1,True
http://www.adelaided.edu.au,1,True
http://www.adelaidee.edu.au,1,True
